atlasId,cohortId,cohortName,sql,json,logicDescription,generateStats
19018,19018,"[OHDSIAPAC2024] new users of GLP1 with prior T2DM, prior metformin, and no prior hepatic disease","CREATE TABLE #Codesets (
  codeset_id int NOT NULL,
  concept_id bigint NOT NULL
)
;

INSERT INTO #Codesets (codeset_id, concept_id)
SELECT 1 as codeset_id, c.concept_id FROM (select distinct I.concept_id FROM
( 
  select concept_id from @vocabulary_database_schema.CONCEPT where concept_id in (43013884,40239216,40166035,1580747,19122137)
UNION  select c.concept_id
  from @vocabulary_database_schema.CONCEPT c
  join @vocabulary_database_schema.CONCEPT_ANCESTOR ca on c.concept_id = ca.descendant_concept_id
  and ca.ancestor_concept_id in (43013884,40239216,40166035,1580747,19122137)
  and c.invalid_reason is null

) I
) C UNION ALL 
SELECT 2 as codeset_id, c.concept_id FROM (select distinct I.concept_id FROM
( 
  select concept_id from @vocabulary_database_schema.CONCEPT where concept_id in (45774435,1583722,40170911,44506754,44816332,793143)
UNION  select c.concept_id
  from @vocabulary_database_schema.CONCEPT c
  join @vocabulary_database_schema.CONCEPT_ANCESTOR ca on c.concept_id = ca.descendant_concept_id
  and ca.ancestor_concept_id in (45774435,1583722,40170911,44506754,44816332,793143)
  and c.invalid_reason is null

) I
) C UNION ALL 
SELECT 7 as codeset_id, c.concept_id FROM (select distinct I.concept_id FROM
( 
  select concept_id from @vocabulary_database_schema.CONCEPT where concept_id in (1503297)
UNION  select c.concept_id
  from @vocabulary_database_schema.CONCEPT c
  join @vocabulary_database_schema.CONCEPT_ANCESTOR ca on c.concept_id = ca.descendant_concept_id
  and ca.ancestor_concept_id in (1503297)
  and c.invalid_reason is null

) I
) C UNION ALL 
SELECT 10 as codeset_id, c.concept_id FROM (select distinct I.concept_id FROM
( 
  select concept_id from @vocabulary_database_schema.CONCEPT where concept_id in (195771,761051)
UNION  select c.concept_id
  from @vocabulary_database_schema.CONCEPT c
  join @vocabulary_database_schema.CONCEPT_ANCESTOR ca on c.concept_id = ca.descendant_concept_id
  and ca.ancestor_concept_id in (195771,761051)
  and c.invalid_reason is null

) I
) C UNION ALL 
SELECT 11 as codeset_id, c.concept_id FROM (select distinct I.concept_id FROM
( 
  select concept_id from @vocabulary_database_schema.CONCEPT where concept_id in (40484649,42689695,765533,43531006,765650,45770986,201254,45768456,40484648,4128019,435216)
UNION  select c.concept_id
  from @vocabulary_database_schema.CONCEPT c
  join @vocabulary_database_schema.CONCEPT_ANCESTOR ca on c.concept_id = ca.descendant_concept_id
  and ca.ancestor_concept_id in (40484649,42689695,765533,43531006,765650,45770986,201254,45768456,40484648,4128019,435216)
  and c.invalid_reason is null

) I
) C UNION ALL 
SELECT 12 as codeset_id, c.concept_id FROM (select distinct I.concept_id FROM
( 
  select concept_id from @vocabulary_database_schema.CONCEPT where concept_id in (443238,201820,442793,4016045)
UNION  select c.concept_id
  from @vocabulary_database_schema.CONCEPT c
  join @vocabulary_database_schema.CONCEPT_ANCESTOR ca on c.concept_id = ca.descendant_concept_id
  and ca.ancestor_concept_id in (443238,201820,442793,4016045)
  and c.invalid_reason is null

) I
LEFT JOIN
(
  select concept_id from @vocabulary_database_schema.CONCEPT where concept_id in (40484648,201254,435216,195771,761051,40484649,43531009,4024659)
UNION  select c.concept_id
  from @vocabulary_database_schema.CONCEPT c
  join @vocabulary_database_schema.CONCEPT_ANCESTOR ca on c.concept_id = ca.descendant_concept_id
  and ca.ancestor_concept_id in (40484648,201254,435216,195771,761051,40484649,43531009,4024659)
  and c.invalid_reason is null

) E ON I.concept_id = E.concept_id
WHERE E.concept_id is null
) C UNION ALL 
SELECT 17 as codeset_id, c.concept_id FROM (select distinct I.concept_id FROM
( 
  select concept_id from @vocabulary_database_schema.CONCEPT where concept_id in (46269836,37016176,4093637,194984,4145627,44806251,46269816,4340396,196029,45757783,46269817,4163735,195856,36714559)
UNION  select c.concept_id
  from @vocabulary_database_schema.CONCEPT c
  join @vocabulary_database_schema.CONCEPT_ANCESTOR ca on c.concept_id = ca.descendant_concept_id
  and ca.ancestor_concept_id in (46269836,37016176,4093637,194984,4145627,44806251,46269816,4340396,196029,45757783,46269817,4163735,195856,36714559)
  and c.invalid_reason is null

) I
) C;

UPDATE STATISTICS #Codesets;


SELECT event_id, person_id, start_date, end_date, op_start_date, op_end_date, visit_occurrence_id
INTO #qualified_events
FROM 
(
  select pe.event_id, pe.person_id, pe.start_date, pe.end_date, pe.op_start_date, pe.op_end_date, row_number() over (partition by pe.person_id order by pe.start_date ASC) as ordinal, cast(pe.visit_occurrence_id as bigint) as visit_occurrence_id
  FROM (-- Begin Primary Events
select P.ordinal as event_id, P.person_id, P.start_date, P.end_date, op_start_date, op_end_date, cast(P.visit_occurrence_id as bigint) as visit_occurrence_id
FROM
(
  select E.person_id, E.start_date, E.end_date,
         row_number() OVER (PARTITION BY E.person_id ORDER BY E.sort_date ASC, E.event_id) ordinal,
         OP.observation_period_start_date as op_start_date, OP.observation_period_end_date as op_end_date, cast(E.visit_occurrence_id as bigint) as visit_occurrence_id
  FROM 
  (
  -- Begin Drug Exposure Criteria
select C.person_id, C.drug_exposure_id as event_id, C.start_date, C.end_date,
  C.visit_occurrence_id,C.start_date as sort_date
from 
(
  select de.person_id,de.drug_exposure_id,de.drug_concept_id,de.visit_occurrence_id,days_supply,quantity,refills,de.drug_exposure_start_date as start_date, COALESCE(de.drug_exposure_end_date, DATEADD(day,de.days_supply,de.drug_exposure_start_date), DATEADD(day,1,de.drug_exposure_start_date)) as end_date , row_number() over (PARTITION BY de.person_id ORDER BY de.drug_exposure_start_date, de.drug_exposure_id) as ordinal
  FROM @cdm_database_schema.DRUG_EXPOSURE de
JOIN #Codesets cs on (de.drug_concept_id = cs.concept_id and cs.codeset_id = 2)
) C

WHERE C.ordinal = 1
-- End Drug Exposure Criteria

  ) E
	JOIN @cdm_database_schema.observation_period OP on E.person_id = OP.person_id and E.start_date >=  OP.observation_period_start_date and E.start_date <= op.observation_period_end_date
  WHERE DATEADD(day,365,OP.OBSERVATION_PERIOD_START_DATE) <= E.START_DATE AND DATEADD(day,0,E.START_DATE) <= OP.OBSERVATION_PERIOD_END_DATE
) P
WHERE P.ordinal = 1
-- End Primary Events
) pe
  
JOIN (
-- Begin Criteria Group
select 0 as index_id, person_id, event_id
FROM
(
  select E.person_id, E.event_id 
  FROM (-- Begin Primary Events
select P.ordinal as event_id, P.person_id, P.start_date, P.end_date, op_start_date, op_end_date, cast(P.visit_occurrence_id as bigint) as visit_occurrence_id
FROM
(
  select E.person_id, E.start_date, E.end_date,
         row_number() OVER (PARTITION BY E.person_id ORDER BY E.sort_date ASC, E.event_id) ordinal,
         OP.observation_period_start_date as op_start_date, OP.observation_period_end_date as op_end_date, cast(E.visit_occurrence_id as bigint) as visit_occurrence_id
  FROM 
  (
  -- Begin Drug Exposure Criteria
select C.person_id, C.drug_exposure_id as event_id, C.start_date, C.end_date,
  C.visit_occurrence_id,C.start_date as sort_date
from 
(
  select de.person_id,de.drug_exposure_id,de.drug_concept_id,de.visit_occurrence_id,days_supply,quantity,refills,de.drug_exposure_start_date as start_date, COALESCE(de.drug_exposure_end_date, DATEADD(day,de.days_supply,de.drug_exposure_start_date), DATEADD(day,1,de.drug_exposure_start_date)) as end_date , row_number() over (PARTITION BY de.person_id ORDER BY de.drug_exposure_start_date, de.drug_exposure_id) as ordinal
  FROM @cdm_database_schema.DRUG_EXPOSURE de
JOIN #Codesets cs on (de.drug_concept_id = cs.concept_id and cs.codeset_id = 2)
) C

WHERE C.ordinal = 1
-- End Drug Exposure Criteria

  ) E
	JOIN @cdm_database_schema.observation_period OP on E.person_id = OP.person_id and E.start_date >=  OP.observation_period_start_date and E.start_date <= op.observation_period_end_date
  WHERE DATEADD(day,365,OP.OBSERVATION_PERIOD_START_DATE) <= E.START_DATE AND DATEADD(day,0,E.START_DATE) <= OP.OBSERVATION_PERIOD_END_DATE
) P
WHERE P.ordinal = 1
-- End Primary Events
) E
  INNER JOIN
  (
    -- Begin Correlated Criteria
select 0 as index_id, cc.person_id, cc.event_id
from (SELECT p.person_id, p.event_id 
FROM (-- Begin Primary Events
select P.ordinal as event_id, P.person_id, P.start_date, P.end_date, op_start_date, op_end_date, cast(P.visit_occurrence_id as bigint) as visit_occurrence_id
FROM
(
  select E.person_id, E.start_date, E.end_date,
         row_number() OVER (PARTITION BY E.person_id ORDER BY E.sort_date ASC, E.event_id) ordinal,
         OP.observation_period_start_date as op_start_date, OP.observation_period_end_date as op_end_date, cast(E.visit_occurrence_id as bigint) as visit_occurrence_id
  FROM 
  (
  -- Begin Drug Exposure Criteria
select C.person_id, C.drug_exposure_id as event_id, C.start_date, C.end_date,
  C.visit_occurrence_id,C.start_date as sort_date
from 
(
  select de.person_id,de.drug_exposure_id,de.drug_concept_id,de.visit_occurrence_id,days_supply,quantity,refills,de.drug_exposure_start_date as start_date, COALESCE(de.drug_exposure_end_date, DATEADD(day,de.days_supply,de.drug_exposure_start_date), DATEADD(day,1,de.drug_exposure_start_date)) as end_date , row_number() over (PARTITION BY de.person_id ORDER BY de.drug_exposure_start_date, de.drug_exposure_id) as ordinal
  FROM @cdm_database_schema.DRUG_EXPOSURE de
JOIN #Codesets cs on (de.drug_concept_id = cs.concept_id and cs.codeset_id = 2)
) C

WHERE C.ordinal = 1
-- End Drug Exposure Criteria

  ) E
	JOIN @cdm_database_schema.observation_period OP on E.person_id = OP.person_id and E.start_date >=  OP.observation_period_start_date and E.start_date <= op.observation_period_end_date
  WHERE DATEADD(day,365,OP.OBSERVATION_PERIOD_START_DATE) <= E.START_DATE AND DATEADD(day,0,E.START_DATE) <= OP.OBSERVATION_PERIOD_END_DATE
) P
WHERE P.ordinal = 1
-- End Primary Events
) P
JOIN (
  -- Begin Condition Occurrence Criteria
SELECT C.person_id, C.condition_occurrence_id as event_id, C.start_date, C.end_date,
  C.visit_occurrence_id, C.start_date as sort_date
FROM 
(
  SELECT co.person_id,co.condition_occurrence_id,co.condition_concept_id,co.visit_occurrence_id,co.condition_start_date as start_date, COALESCE(co.condition_end_date, DATEADD(day,1,co.condition_start_date)) as end_date 
  FROM @cdm_database_schema.CONDITION_OCCURRENCE co
  JOIN #Codesets cs on (co.condition_concept_id = cs.concept_id and cs.codeset_id = 12)
) C


-- End Condition Occurrence Criteria

) A on A.person_id = P.person_id  AND A.START_DATE <= DATEADD(day,0,P.START_DATE) ) cc 
GROUP BY cc.person_id, cc.event_id
HAVING COUNT(cc.event_id) >= 1
-- End Correlated Criteria

UNION ALL
-- Begin Correlated Criteria
select 1 as index_id, p.person_id, p.event_id
from (-- Begin Primary Events
select P.ordinal as event_id, P.person_id, P.start_date, P.end_date, op_start_date, op_end_date, cast(P.visit_occurrence_id as bigint) as visit_occurrence_id
FROM
(
  select E.person_id, E.start_date, E.end_date,
         row_number() OVER (PARTITION BY E.person_id ORDER BY E.sort_date ASC, E.event_id) ordinal,
         OP.observation_period_start_date as op_start_date, OP.observation_period_end_date as op_end_date, cast(E.visit_occurrence_id as bigint) as visit_occurrence_id
  FROM 
  (
  -- Begin Drug Exposure Criteria
select C.person_id, C.drug_exposure_id as event_id, C.start_date, C.end_date,
  C.visit_occurrence_id,C.start_date as sort_date
from 
(
  select de.person_id,de.drug_exposure_id,de.drug_concept_id,de.visit_occurrence_id,days_supply,quantity,refills,de.drug_exposure_start_date as start_date, COALESCE(de.drug_exposure_end_date, DATEADD(day,de.days_supply,de.drug_exposure_start_date), DATEADD(day,1,de.drug_exposure_start_date)) as end_date , row_number() over (PARTITION BY de.person_id ORDER BY de.drug_exposure_start_date, de.drug_exposure_id) as ordinal
  FROM @cdm_database_schema.DRUG_EXPOSURE de
JOIN #Codesets cs on (de.drug_concept_id = cs.concept_id and cs.codeset_id = 2)
) C

WHERE C.ordinal = 1
-- End Drug Exposure Criteria

  ) E
	JOIN @cdm_database_schema.observation_period OP on E.person_id = OP.person_id and E.start_date >=  OP.observation_period_start_date and E.start_date <= op.observation_period_end_date
  WHERE DATEADD(day,365,OP.OBSERVATION_PERIOD_START_DATE) <= E.START_DATE AND DATEADD(day,0,E.START_DATE) <= OP.OBSERVATION_PERIOD_END_DATE
) P
WHERE P.ordinal = 1
-- End Primary Events
) p
LEFT JOIN (
SELECT p.person_id, p.event_id 
FROM (-- Begin Primary Events
select P.ordinal as event_id, P.person_id, P.start_date, P.end_date, op_start_date, op_end_date, cast(P.visit_occurrence_id as bigint) as visit_occurrence_id
FROM
(
  select E.person_id, E.start_date, E.end_date,
         row_number() OVER (PARTITION BY E.person_id ORDER BY E.sort_date ASC, E.event_id) ordinal,
         OP.observation_period_start_date as op_start_date, OP.observation_period_end_date as op_end_date, cast(E.visit_occurrence_id as bigint) as visit_occurrence_id
  FROM 
  (
  -- Begin Drug Exposure Criteria
select C.person_id, C.drug_exposure_id as event_id, C.start_date, C.end_date,
  C.visit_occurrence_id,C.start_date as sort_date
from 
(
  select de.person_id,de.drug_exposure_id,de.drug_concept_id,de.visit_occurrence_id,days_supply,quantity,refills,de.drug_exposure_start_date as start_date, COALESCE(de.drug_exposure_end_date, DATEADD(day,de.days_supply,de.drug_exposure_start_date), DATEADD(day,1,de.drug_exposure_start_date)) as end_date , row_number() over (PARTITION BY de.person_id ORDER BY de.drug_exposure_start_date, de.drug_exposure_id) as ordinal
  FROM @cdm_database_schema.DRUG_EXPOSURE de
JOIN #Codesets cs on (de.drug_concept_id = cs.concept_id and cs.codeset_id = 2)
) C

WHERE C.ordinal = 1
-- End Drug Exposure Criteria

  ) E
	JOIN @cdm_database_schema.observation_period OP on E.person_id = OP.person_id and E.start_date >=  OP.observation_period_start_date and E.start_date <= op.observation_period_end_date
  WHERE DATEADD(day,365,OP.OBSERVATION_PERIOD_START_DATE) <= E.START_DATE AND DATEADD(day,0,E.START_DATE) <= OP.OBSERVATION_PERIOD_END_DATE
) P
WHERE P.ordinal = 1
-- End Primary Events
) P
JOIN (
  -- Begin Condition Occurrence Criteria
SELECT C.person_id, C.condition_occurrence_id as event_id, C.start_date, C.end_date,
  C.visit_occurrence_id, C.start_date as sort_date
FROM 
(
  SELECT co.person_id,co.condition_occurrence_id,co.condition_concept_id,co.visit_occurrence_id,co.condition_start_date as start_date, COALESCE(co.condition_end_date, DATEADD(day,1,co.condition_start_date)) as end_date 
  FROM @cdm_database_schema.CONDITION_OCCURRENCE co
  JOIN #Codesets cs on (co.condition_concept_id = cs.concept_id and cs.codeset_id = 11)
) C


-- End Condition Occurrence Criteria

) A on A.person_id = P.person_id  AND A.START_DATE <= DATEADD(day,0,P.START_DATE) ) cc on p.person_id = cc.person_id and p.event_id = cc.event_id
GROUP BY p.person_id, p.event_id
HAVING COUNT(cc.event_id) = 0
-- End Correlated Criteria

UNION ALL
-- Begin Correlated Criteria
select 2 as index_id, p.person_id, p.event_id
from (-- Begin Primary Events
select P.ordinal as event_id, P.person_id, P.start_date, P.end_date, op_start_date, op_end_date, cast(P.visit_occurrence_id as bigint) as visit_occurrence_id
FROM
(
  select E.person_id, E.start_date, E.end_date,
         row_number() OVER (PARTITION BY E.person_id ORDER BY E.sort_date ASC, E.event_id) ordinal,
         OP.observation_period_start_date as op_start_date, OP.observation_period_end_date as op_end_date, cast(E.visit_occurrence_id as bigint) as visit_occurrence_id
  FROM 
  (
  -- Begin Drug Exposure Criteria
select C.person_id, C.drug_exposure_id as event_id, C.start_date, C.end_date,
  C.visit_occurrence_id,C.start_date as sort_date
from 
(
  select de.person_id,de.drug_exposure_id,de.drug_concept_id,de.visit_occurrence_id,days_supply,quantity,refills,de.drug_exposure_start_date as start_date, COALESCE(de.drug_exposure_end_date, DATEADD(day,de.days_supply,de.drug_exposure_start_date), DATEADD(day,1,de.drug_exposure_start_date)) as end_date , row_number() over (PARTITION BY de.person_id ORDER BY de.drug_exposure_start_date, de.drug_exposure_id) as ordinal
  FROM @cdm_database_schema.DRUG_EXPOSURE de
JOIN #Codesets cs on (de.drug_concept_id = cs.concept_id and cs.codeset_id = 2)
) C

WHERE C.ordinal = 1
-- End Drug Exposure Criteria

  ) E
	JOIN @cdm_database_schema.observation_period OP on E.person_id = OP.person_id and E.start_date >=  OP.observation_period_start_date and E.start_date <= op.observation_period_end_date
  WHERE DATEADD(day,365,OP.OBSERVATION_PERIOD_START_DATE) <= E.START_DATE AND DATEADD(day,0,E.START_DATE) <= OP.OBSERVATION_PERIOD_END_DATE
) P
WHERE P.ordinal = 1
-- End Primary Events
) p
LEFT JOIN (
SELECT p.person_id, p.event_id 
FROM (-- Begin Primary Events
select P.ordinal as event_id, P.person_id, P.start_date, P.end_date, op_start_date, op_end_date, cast(P.visit_occurrence_id as bigint) as visit_occurrence_id
FROM
(
  select E.person_id, E.start_date, E.end_date,
         row_number() OVER (PARTITION BY E.person_id ORDER BY E.sort_date ASC, E.event_id) ordinal,
         OP.observation_period_start_date as op_start_date, OP.observation_period_end_date as op_end_date, cast(E.visit_occurrence_id as bigint) as visit_occurrence_id
  FROM 
  (
  -- Begin Drug Exposure Criteria
select C.person_id, C.drug_exposure_id as event_id, C.start_date, C.end_date,
  C.visit_occurrence_id,C.start_date as sort_date
from 
(
  select de.person_id,de.drug_exposure_id,de.drug_concept_id,de.visit_occurrence_id,days_supply,quantity,refills,de.drug_exposure_start_date as start_date, COALESCE(de.drug_exposure_end_date, DATEADD(day,de.days_supply,de.drug_exposure_start_date), DATEADD(day,1,de.drug_exposure_start_date)) as end_date , row_number() over (PARTITION BY de.person_id ORDER BY de.drug_exposure_start_date, de.drug_exposure_id) as ordinal
  FROM @cdm_database_schema.DRUG_EXPOSURE de
JOIN #Codesets cs on (de.drug_concept_id = cs.concept_id and cs.codeset_id = 2)
) C

WHERE C.ordinal = 1
-- End Drug Exposure Criteria

  ) E
	JOIN @cdm_database_schema.observation_period OP on E.person_id = OP.person_id and E.start_date >=  OP.observation_period_start_date and E.start_date <= op.observation_period_end_date
  WHERE DATEADD(day,365,OP.OBSERVATION_PERIOD_START_DATE) <= E.START_DATE AND DATEADD(day,0,E.START_DATE) <= OP.OBSERVATION_PERIOD_END_DATE
) P
WHERE P.ordinal = 1
-- End Primary Events
) P
JOIN (
  -- Begin Condition Occurrence Criteria
SELECT C.person_id, C.condition_occurrence_id as event_id, C.start_date, C.end_date,
  C.visit_occurrence_id, C.start_date as sort_date
FROM 
(
  SELECT co.person_id,co.condition_occurrence_id,co.condition_concept_id,co.visit_occurrence_id,co.condition_start_date as start_date, COALESCE(co.condition_end_date, DATEADD(day,1,co.condition_start_date)) as end_date 
  FROM @cdm_database_schema.CONDITION_OCCURRENCE co
  JOIN #Codesets cs on (co.condition_concept_id = cs.concept_id and cs.codeset_id = 10)
) C


-- End Condition Occurrence Criteria

) A on A.person_id = P.person_id  AND A.START_DATE <= DATEADD(day,0,P.START_DATE) ) cc on p.person_id = cc.person_id and p.event_id = cc.event_id
GROUP BY p.person_id, p.event_id
HAVING COUNT(cc.event_id) = 0
-- End Correlated Criteria

UNION ALL
-- Begin Demographic Criteria
SELECT 3 as index_id, e.person_id, e.event_id
FROM (-- Begin Primary Events
select P.ordinal as event_id, P.person_id, P.start_date, P.end_date, op_start_date, op_end_date, cast(P.visit_occurrence_id as bigint) as visit_occurrence_id
FROM
(
  select E.person_id, E.start_date, E.end_date,
         row_number() OVER (PARTITION BY E.person_id ORDER BY E.sort_date ASC, E.event_id) ordinal,
         OP.observation_period_start_date as op_start_date, OP.observation_period_end_date as op_end_date, cast(E.visit_occurrence_id as bigint) as visit_occurrence_id
  FROM 
  (
  -- Begin Drug Exposure Criteria
select C.person_id, C.drug_exposure_id as event_id, C.start_date, C.end_date,
  C.visit_occurrence_id,C.start_date as sort_date
from 
(
  select de.person_id,de.drug_exposure_id,de.drug_concept_id,de.visit_occurrence_id,days_supply,quantity,refills,de.drug_exposure_start_date as start_date, COALESCE(de.drug_exposure_end_date, DATEADD(day,de.days_supply,de.drug_exposure_start_date), DATEADD(day,1,de.drug_exposure_start_date)) as end_date , row_number() over (PARTITION BY de.person_id ORDER BY de.drug_exposure_start_date, de.drug_exposure_id) as ordinal
  FROM @cdm_database_schema.DRUG_EXPOSURE de
JOIN #Codesets cs on (de.drug_concept_id = cs.concept_id and cs.codeset_id = 2)
) C

WHERE C.ordinal = 1
-- End Drug Exposure Criteria

  ) E
	JOIN @cdm_database_schema.observation_period OP on E.person_id = OP.person_id and E.start_date >=  OP.observation_period_start_date and E.start_date <= op.observation_period_end_date
  WHERE DATEADD(day,365,OP.OBSERVATION_PERIOD_START_DATE) <= E.START_DATE AND DATEADD(day,0,E.START_DATE) <= OP.OBSERVATION_PERIOD_END_DATE
) P
WHERE P.ordinal = 1
-- End Primary Events
) E
JOIN @cdm_database_schema.PERSON P ON P.PERSON_ID = E.PERSON_ID
WHERE YEAR(E.start_date) - P.year_of_birth >= 18
GROUP BY e.person_id, e.event_id
-- End Demographic Criteria

  ) CQ on E.person_id = CQ.person_id and E.event_id = CQ.event_id
  GROUP BY E.person_id, E.event_id
  HAVING COUNT(index_id) = 4
) G
-- End Criteria Group
) AC on AC.person_id = pe.person_id and AC.event_id = pe.event_id

) QE
WHERE QE.ordinal = 1
;

--- Inclusion Rule Inserts

select 0 as inclusion_rule_id, person_id, event_id
INTO #Inclusion_0
FROM 
(
  select pe.person_id, pe.event_id
  FROM #qualified_events pe
  
JOIN (
-- Begin Criteria Group
select 0 as index_id, person_id, event_id
FROM
(
  select E.person_id, E.event_id 
  FROM #qualified_events E
  INNER JOIN
  (
    -- Begin Correlated Criteria
select 0 as index_id, cc.person_id, cc.event_id
from (SELECT p.person_id, p.event_id 
FROM #qualified_events P
JOIN (
  -- Begin Drug Era Criteria
select C.person_id, C.drug_era_id as event_id, C.start_date, C.end_date,
    CAST(NULL as bigint) as visit_occurrence_id,C.start_date as sort_date
from 
(
  select de.person_id,de.drug_era_id,de.drug_concept_id,de.drug_exposure_count,de.gap_days,de.drug_era_start_date as start_date, de.drug_era_end_date as end_date 
  FROM @cdm_database_schema.DRUG_ERA de
where de.drug_concept_id in (SELECT concept_id from  #Codesets where codeset_id = 7)
) C

WHERE DATEDIFF(d,C.start_date, C.end_date) >= 90
-- End Drug Era Criteria

) A on A.person_id = P.person_id  AND A.START_DATE <= DATEADD(day,-90,P.START_DATE) ) cc 
GROUP BY cc.person_id, cc.event_id
HAVING COUNT(cc.event_id) >= 1
-- End Correlated Criteria

UNION ALL
-- Begin Correlated Criteria
select 1 as index_id, cc.person_id, cc.event_id
from (SELECT p.person_id, p.event_id 
FROM #qualified_events P
JOIN (
  -- Begin Drug Exposure Criteria
select C.person_id, C.drug_exposure_id as event_id, C.start_date, C.end_date,
  C.visit_occurrence_id,C.start_date as sort_date
from 
(
  select de.person_id,de.drug_exposure_id,de.drug_concept_id,de.visit_occurrence_id,days_supply,quantity,refills,de.drug_exposure_start_date as start_date, COALESCE(de.drug_exposure_end_date, DATEADD(day,de.days_supply,de.drug_exposure_start_date), DATEADD(day,1,de.drug_exposure_start_date)) as end_date 
  FROM @cdm_database_schema.DRUG_EXPOSURE de
JOIN #Codesets cs on (de.drug_concept_id = cs.concept_id and cs.codeset_id = 7)
) C


-- End Drug Exposure Criteria

) A on A.person_id = P.person_id  AND A.START_DATE <= DATEADD(day,0,P.START_DATE) ) cc 
GROUP BY cc.person_id, cc.event_id
HAVING COUNT(cc.event_id) >= 3
-- End Correlated Criteria

  ) CQ on E.person_id = CQ.person_id and E.event_id = CQ.event_id
  GROUP BY E.person_id, E.event_id
  HAVING COUNT(index_id) > 0
) G
-- End Criteria Group
) AC on AC.person_id = pe.person_id AND AC.event_id = pe.event_id
) Results
;

select 1 as inclusion_rule_id, person_id, event_id
INTO #Inclusion_1
FROM 
(
  select pe.person_id, pe.event_id
  FROM #qualified_events pe
  
JOIN (
-- Begin Criteria Group
select 0 as index_id, person_id, event_id
FROM
(
  select E.person_id, E.event_id 
  FROM #qualified_events E
  INNER JOIN
  (
    -- Begin Correlated Criteria
select 0 as index_id, p.person_id, p.event_id
from #qualified_events p
LEFT JOIN (
SELECT p.person_id, p.event_id 
FROM #qualified_events P
JOIN (
  -- Begin Condition Occurrence Criteria
SELECT C.person_id, C.condition_occurrence_id as event_id, C.start_date, C.end_date,
  C.visit_occurrence_id, C.start_date as sort_date
FROM 
(
  SELECT co.person_id,co.condition_occurrence_id,co.condition_concept_id,co.visit_occurrence_id,co.condition_start_date as start_date, COALESCE(co.condition_end_date, DATEADD(day,1,co.condition_start_date)) as end_date 
  FROM @cdm_database_schema.CONDITION_OCCURRENCE co
  JOIN #Codesets cs on (co.condition_concept_id = cs.concept_id and cs.codeset_id = 17)
) C


-- End Condition Occurrence Criteria

) A on A.person_id = P.person_id  AND A.START_DATE <= DATEADD(day,0,P.START_DATE) ) cc on p.person_id = cc.person_id and p.event_id = cc.event_id
GROUP BY p.person_id, p.event_id
HAVING COUNT(cc.event_id) = 0
-- End Correlated Criteria

  ) CQ on E.person_id = CQ.person_id and E.event_id = CQ.event_id
  GROUP BY E.person_id, E.event_id
  HAVING COUNT(index_id) = 1
) G
-- End Criteria Group
) AC on AC.person_id = pe.person_id AND AC.event_id = pe.event_id
) Results
;

SELECT inclusion_rule_id, person_id, event_id
INTO #inclusion_events
FROM (select inclusion_rule_id, person_id, event_id from #Inclusion_0
UNION ALL
select inclusion_rule_id, person_id, event_id from #Inclusion_1) I;
TRUNCATE TABLE #Inclusion_0;
DROP TABLE #Inclusion_0;

TRUNCATE TABLE #Inclusion_1;
DROP TABLE #Inclusion_1;


select event_id, person_id, start_date, end_date, op_start_date, op_end_date
into #included_events
FROM (
  SELECT event_id, person_id, start_date, end_date, op_start_date, op_end_date, row_number() over (partition by person_id order by start_date ASC) as ordinal
  from
  (
    select Q.event_id, Q.person_id, Q.start_date, Q.end_date, Q.op_start_date, Q.op_end_date, SUM(coalesce(POWER(cast(2 as bigint), I.inclusion_rule_id), 0)) as inclusion_rule_mask
    from #qualified_events Q
    LEFT JOIN #inclusion_events I on I.person_id = Q.person_id and I.event_id = Q.event_id
    GROUP BY Q.event_id, Q.person_id, Q.start_date, Q.end_date, Q.op_start_date, Q.op_end_date
  ) MG -- matching groups

  -- the matching group with all bits set ( POWER(2,# of inclusion rules) - 1 = inclusion_rule_mask
  WHERE (MG.inclusion_rule_mask = POWER(cast(2 as bigint),2)-1)

) Results
WHERE Results.ordinal = 1
;

-- custom era strategy

with ctePersons(person_id) as (
	select distinct person_id from #included_events
)

select person_id, drug_exposure_start_date, drug_exposure_end_date
INTO #drugTarget
FROM (
	select de.PERSON_ID, DRUG_EXPOSURE_START_DATE, COALESCE(DRUG_EXPOSURE_END_DATE, DATEADD(day,DAYS_SUPPLY,DRUG_EXPOSURE_START_DATE), DATEADD(day,1,DRUG_EXPOSURE_START_DATE)) as DRUG_EXPOSURE_END_DATE 
	FROM @cdm_database_schema.DRUG_EXPOSURE de
	JOIN ctePersons p on de.person_id = p.person_id
	JOIN #Codesets cs on cs.codeset_id = 2 AND de.drug_concept_id = cs.concept_id

	UNION ALL

	select de.PERSON_ID, DRUG_EXPOSURE_START_DATE, COALESCE(DRUG_EXPOSURE_END_DATE, DATEADD(day,DAYS_SUPPLY,DRUG_EXPOSURE_START_DATE), DATEADD(day,1,DRUG_EXPOSURE_START_DATE)) as DRUG_EXPOSURE_END_DATE 
	FROM @cdm_database_schema.DRUG_EXPOSURE de
	JOIN ctePersons p on de.person_id = p.person_id
	JOIN #Codesets cs on cs.codeset_id = 2 AND de.drug_source_concept_id = cs.concept_id
) E
;

select et.event_id, et.person_id, ERAS.era_end_date as end_date
INTO #strategy_ends
from #included_events et
JOIN 
(
  select ENDS.person_id, min(drug_exposure_start_date) as era_start_date, DATEADD(day,0, ENDS.era_end_date) as era_end_date
  from
  (
    select de.person_id, de.drug_exposure_start_date, MIN(e.END_DATE) as era_end_date
    FROM #drugTarget DE
    JOIN 
    (
      --cteEndDates
      select PERSON_ID, DATEADD(day,-1 * 60,EVENT_DATE) as END_DATE -- unpad the end date by 60
      FROM
      (
				select PERSON_ID, EVENT_DATE, EVENT_TYPE, 
				MAX(START_ORDINAL) OVER (PARTITION BY PERSON_ID ORDER BY event_date, event_type, START_ORDINAL ROWS UNBOUNDED PRECEDING) AS start_ordinal,
				ROW_NUMBER() OVER (PARTITION BY PERSON_ID ORDER BY EVENT_DATE, EVENT_TYPE, START_ORDINAL) AS OVERALL_ORD -- this re-numbers the inner UNION so all rows are numbered ordered by the event date
				from
				(
					-- select the start dates, assigning a row number to each
					Select PERSON_ID, DRUG_EXPOSURE_START_DATE AS EVENT_DATE, 0 as EVENT_TYPE, ROW_NUMBER() OVER (PARTITION BY PERSON_ID ORDER BY DRUG_EXPOSURE_START_DATE) as START_ORDINAL
					from #drugTarget D

					UNION ALL

					-- add the end dates with NULL as the row number, padding the end dates by 60 to allow a grace period for overlapping ranges.
					select PERSON_ID, DATEADD(day,60,DRUG_EXPOSURE_END_DATE), 1 as EVENT_TYPE, NULL
					FROM #drugTarget D
				) RAWDATA
      ) E
      WHERE 2 * E.START_ORDINAL - E.OVERALL_ORD = 0
    ) E on DE.PERSON_ID = E.PERSON_ID and E.END_DATE >= DE.DRUG_EXPOSURE_START_DATE
    GROUP BY de.person_id, de.drug_exposure_start_date
  ) ENDS
  GROUP BY ENDS.person_id, ENDS.era_end_date
) ERAS on ERAS.person_id = et.person_id 
WHERE et.start_date between ERAS.era_start_date and ERAS.era_end_date;

TRUNCATE TABLE #drugTarget;
DROP TABLE #drugTarget;


-- generate cohort periods into #final_cohort
select person_id, start_date, end_date
INTO #cohort_rows
from ( -- first_ends
	select F.person_id, F.start_date, F.end_date
	FROM (
	  select I.event_id, I.person_id, I.start_date, CE.end_date, row_number() over (partition by I.person_id, I.event_id order by CE.end_date) as ordinal
	  from #included_events I
	  join ( -- cohort_ends
-- cohort exit dates
-- By default, cohort exit at the event's op end date
select event_id, person_id, op_end_date as end_date from #included_events
UNION ALL
-- End Date Strategy
SELECT event_id, person_id, end_date from #strategy_ends

    ) CE on I.event_id = CE.event_id and I.person_id = CE.person_id and CE.end_date >= I.start_date
	) F
	WHERE F.ordinal = 1
) FE;

select person_id, min(start_date) as start_date, end_date
into #final_cohort
from ( --cteEnds
	SELECT
		 c.person_id
		, c.start_date
		, MIN(ed.end_date) AS end_date
	FROM #cohort_rows c
	JOIN ( -- cteEndDates
    SELECT
      person_id
      , DATEADD(day,-1 * 0, event_date)  as end_date
    FROM
    (
      SELECT
        person_id
        , event_date
        , event_type
        , SUM(event_type) OVER (PARTITION BY person_id ORDER BY event_date, event_type ROWS UNBOUNDED PRECEDING) AS interval_status
      FROM
      (
        SELECT
          person_id
          , start_date AS event_date
          , -1 AS event_type
        FROM #cohort_rows

        UNION ALL


        SELECT
          person_id
          , DATEADD(day,0,end_date) as end_date
          , 1 AS event_type
        FROM #cohort_rows
      ) RAWDATA
    ) e
    WHERE interval_status = 0
  ) ed ON c.person_id = ed.person_id AND ed.end_date >= c.start_date
	GROUP BY c.person_id, c.start_date
) e
group by person_id, end_date
;

DELETE FROM @target_database_schema.@target_cohort_table where cohort_definition_id = @target_cohort_id;
INSERT INTO @target_database_schema.@target_cohort_table (cohort_definition_id, subject_id, cohort_start_date, cohort_end_date)
select @target_cohort_id as cohort_definition_id, person_id, start_date, end_date 
FROM #final_cohort CO
;


-- BEGIN: Censored Stats

delete from @results_database_schema.cohort_censor_stats where cohort_definition_id = @target_cohort_id;

-- END: Censored Stats



-- Create a temp table of inclusion rule rows for joining in the inclusion rule impact analysis

select cast(rule_sequence as int) as rule_sequence
into #inclusion_rules
from (
  SELECT CAST(0 as int) as rule_sequence UNION ALL SELECT CAST(1 as int) as rule_sequence
) IR;


-- Find the event that is the 'best match' per person.  
-- the 'best match' is defined as the event that satisfies the most inclusion rules.
-- ties are solved by choosing the event that matches the earliest inclusion rule, and then earliest.

select q.person_id, q.event_id
into #best_events
from #qualified_events Q
join (
	SELECT R.person_id, R.event_id, ROW_NUMBER() OVER (PARTITION BY R.person_id ORDER BY R.rule_count DESC,R.min_rule_id ASC, R.start_date ASC) AS rank_value
	FROM (
		SELECT Q.person_id, Q.event_id, COALESCE(COUNT(DISTINCT I.inclusion_rule_id), 0) AS rule_count, COALESCE(MIN(I.inclusion_rule_id), 0) AS min_rule_id, Q.start_date
		FROM #qualified_events Q
		LEFT JOIN #inclusion_events I ON q.person_id = i.person_id AND q.event_id = i.event_id
		GROUP BY Q.person_id, Q.event_id, Q.start_date
	) R
) ranked on Q.person_id = ranked.person_id and Q.event_id = ranked.event_id
WHERE ranked.rank_value = 1
;

-- modes of generation: (the same tables store the results for the different modes, identified by the mode_id column)
-- 0: all events
-- 1: best event


-- BEGIN: Inclusion Impact Analysis - event
-- calculte matching group counts
delete from @results_database_schema.cohort_inclusion_result where cohort_definition_id = @target_cohort_id and mode_id = 0;
insert into @results_database_schema.cohort_inclusion_result (cohort_definition_id, inclusion_rule_mask, person_count, mode_id)
select @target_cohort_id as cohort_definition_id, inclusion_rule_mask, count_big(*) as person_count, 0 as mode_id
from
(
  select Q.person_id, Q.event_id, CAST(SUM(coalesce(POWER(cast(2 as bigint), I.inclusion_rule_id), 0)) AS bigint) as inclusion_rule_mask
  from #qualified_events Q
  LEFT JOIN #inclusion_events I on q.person_id = i.person_id and q.event_id = i.event_id
  GROUP BY Q.person_id, Q.event_id
) MG -- matching groups
group by inclusion_rule_mask
;

-- calculate gain counts 
delete from @results_database_schema.cohort_inclusion_stats where cohort_definition_id = @target_cohort_id and mode_id = 0;
insert into @results_database_schema.cohort_inclusion_stats (cohort_definition_id, rule_sequence, person_count, gain_count, person_total, mode_id)
select @target_cohort_id as cohort_definition_id, ir.rule_sequence, coalesce(T.person_count, 0) as person_count, coalesce(SR.person_count, 0) gain_count, EventTotal.total, 0 as mode_id
from #inclusion_rules ir
left join
(
  select i.inclusion_rule_id, count_big(i.event_id) as person_count
  from #qualified_events Q
  JOIN #inclusion_events i on Q.person_id = I.person_id and Q.event_id = i.event_id
  group by i.inclusion_rule_id
) T on ir.rule_sequence = T.inclusion_rule_id
CROSS JOIN (select count(*) as total_rules from #inclusion_rules) RuleTotal
CROSS JOIN (select count_big(event_id) as total from #qualified_events) EventTotal
LEFT JOIN @results_database_schema.cohort_inclusion_result SR on SR.mode_id = 0 AND SR.cohort_definition_id = @target_cohort_id AND (POWER(cast(2 as bigint),RuleTotal.total_rules) - POWER(cast(2 as bigint),ir.rule_sequence) - 1) = SR.inclusion_rule_mask -- POWER(2,rule count) - POWER(2,rule sequence) - 1 is the mask for 'all except this rule'
;

-- calculate totals
delete from @results_database_schema.cohort_summary_stats where cohort_definition_id = @target_cohort_id and mode_id = 0;
insert into @results_database_schema.cohort_summary_stats (cohort_definition_id, base_count, final_count, mode_id)
select @target_cohort_id as cohort_definition_id, PC.total as person_count, coalesce(FC.total, 0) as final_count, 0 as mode_id
FROM
(select count_big(event_id) as total from #qualified_events) PC,
(select sum(sr.person_count) as total
  from @results_database_schema.cohort_inclusion_result sr
  CROSS JOIN (select count(*) as total_rules from #inclusion_rules) RuleTotal
  where sr.mode_id = 0 and sr.cohort_definition_id = @target_cohort_id and sr.inclusion_rule_mask = POWER(cast(2 as bigint),RuleTotal.total_rules)-1
) FC
;

-- END: Inclusion Impact Analysis - event

-- BEGIN: Inclusion Impact Analysis - person
-- calculte matching group counts
delete from @results_database_schema.cohort_inclusion_result where cohort_definition_id = @target_cohort_id and mode_id = 1;
insert into @results_database_schema.cohort_inclusion_result (cohort_definition_id, inclusion_rule_mask, person_count, mode_id)
select @target_cohort_id as cohort_definition_id, inclusion_rule_mask, count_big(*) as person_count, 1 as mode_id
from
(
  select Q.person_id, Q.event_id, CAST(SUM(coalesce(POWER(cast(2 as bigint), I.inclusion_rule_id), 0)) AS bigint) as inclusion_rule_mask
  from #best_events Q
  LEFT JOIN #inclusion_events I on q.person_id = i.person_id and q.event_id = i.event_id
  GROUP BY Q.person_id, Q.event_id
) MG -- matching groups
group by inclusion_rule_mask
;

-- calculate gain counts 
delete from @results_database_schema.cohort_inclusion_stats where cohort_definition_id = @target_cohort_id and mode_id = 1;
insert into @results_database_schema.cohort_inclusion_stats (cohort_definition_id, rule_sequence, person_count, gain_count, person_total, mode_id)
select @target_cohort_id as cohort_definition_id, ir.rule_sequence, coalesce(T.person_count, 0) as person_count, coalesce(SR.person_count, 0) gain_count, EventTotal.total, 1 as mode_id
from #inclusion_rules ir
left join
(
  select i.inclusion_rule_id, count_big(i.event_id) as person_count
  from #best_events Q
  JOIN #inclusion_events i on Q.person_id = I.person_id and Q.event_id = i.event_id
  group by i.inclusion_rule_id
) T on ir.rule_sequence = T.inclusion_rule_id
CROSS JOIN (select count(*) as total_rules from #inclusion_rules) RuleTotal
CROSS JOIN (select count_big(event_id) as total from #best_events) EventTotal
LEFT JOIN @results_database_schema.cohort_inclusion_result SR on SR.mode_id = 1 AND SR.cohort_definition_id = @target_cohort_id AND (POWER(cast(2 as bigint),RuleTotal.total_rules) - POWER(cast(2 as bigint),ir.rule_sequence) - 1) = SR.inclusion_rule_mask -- POWER(2,rule count) - POWER(2,rule sequence) - 1 is the mask for 'all except this rule'
;

-- calculate totals
delete from @results_database_schema.cohort_summary_stats where cohort_definition_id = @target_cohort_id and mode_id = 1;
insert into @results_database_schema.cohort_summary_stats (cohort_definition_id, base_count, final_count, mode_id)
select @target_cohort_id as cohort_definition_id, PC.total as person_count, coalesce(FC.total, 0) as final_count, 1 as mode_id
FROM
(select count_big(event_id) as total from #best_events) PC,
(select sum(sr.person_count) as total
  from @results_database_schema.cohort_inclusion_result sr
  CROSS JOIN (select count(*) as total_rules from #inclusion_rules) RuleTotal
  where sr.mode_id = 1 and sr.cohort_definition_id = @target_cohort_id and sr.inclusion_rule_mask = POWER(cast(2 as bigint),RuleTotal.total_rules)-1
) FC
;

-- END: Inclusion Impact Analysis - person

TRUNCATE TABLE #best_events;
DROP TABLE #best_events;

TRUNCATE TABLE #inclusion_rules;
DROP TABLE #inclusion_rules;


TRUNCATE TABLE #strategy_ends;
DROP TABLE #strategy_ends;


TRUNCATE TABLE #cohort_rows;
DROP TABLE #cohort_rows;

TRUNCATE TABLE #final_cohort;
DROP TABLE #final_cohort;

TRUNCATE TABLE #inclusion_events;
DROP TABLE #inclusion_events;

TRUNCATE TABLE #qualified_events;
DROP TABLE #qualified_events;

TRUNCATE TABLE #included_events;
DROP TABLE #included_events;

TRUNCATE TABLE #Codesets;
DROP TABLE #Codesets;
","{
	""cdmVersionRange"" : "">=5.0.0"",
	""PrimaryCriteria"" : {
		""CriteriaList"" : [
			{
				""DrugExposure"" : {
					""CodesetId"" : 2,
					""First"" : true,
					""DrugTypeExclude"" : false
				}
			}
		],
		""ObservationWindow"" : {
			""PriorDays"" : 365,
			""PostDays"" : 0
		},
		""PrimaryCriteriaLimit"" : {
			""Type"" : ""First""
		}
	},
	""AdditionalCriteria"" : {
		""Type"" : ""ALL"",
		""CriteriaList"" : [
			{
				""Criteria"" : {
					""ConditionOccurrence"" : {
						""CodesetId"" : 12
					}
				},
				""StartWindow"" : {
					""Start"" : {
						""Coeff"" : -1
					},
					""End"" : {
						""Days"" : 0,
						""Coeff"" : 1
					},
					""UseIndexEnd"" : false,
					""UseEventEnd"" : false
				},
				""RestrictVisit"" : false,
				""IgnoreObservationPeriod"" : true,
				""Occurrence"" : {
					""Type"" : 2,
					""Count"" : 1,
					""IsDistinct"" : false
				}
			},
			{
				""Criteria"" : {
					""ConditionOccurrence"" : {
						""CodesetId"" : 11
					}
				},
				""StartWindow"" : {
					""Start"" : {
						""Coeff"" : -1
					},
					""End"" : {
						""Days"" : 0,
						""Coeff"" : 1
					},
					""UseIndexEnd"" : false,
					""UseEventEnd"" : false
				},
				""RestrictVisit"" : false,
				""IgnoreObservationPeriod"" : true,
				""Occurrence"" : {
					""Type"" : 0,
					""Count"" : 0,
					""IsDistinct"" : false
				}
			},
			{
				""Criteria"" : {
					""ConditionOccurrence"" : {
						""CodesetId"" : 10
					}
				},
				""StartWindow"" : {
					""Start"" : {
						""Coeff"" : -1
					},
					""End"" : {
						""Days"" : 0,
						""Coeff"" : 1
					},
					""UseIndexEnd"" : false,
					""UseEventEnd"" : false
				},
				""RestrictVisit"" : false,
				""IgnoreObservationPeriod"" : true,
				""Occurrence"" : {
					""Type"" : 0,
					""Count"" : 0,
					""IsDistinct"" : false
				}
			}
		],
		""DemographicCriteriaList"" : [
			{
				""Age"" : {
					""Value"" : 18,
					""Op"" : ""gte""
				}
			}
		],
		""Groups"" : []
	},
	""ConceptSets"" : [
		{
			""id"" : 1,
			""name"" : ""DPP4 inhibitors"",
			""expression"" : {
				""items"" : [
					{
						""concept"" : {
							""CONCEPT_ID"" : 43013884,
							""CONCEPT_NAME"" : ""alogliptin"",
							""STANDARD_CONCEPT"" : ""S"",
							""STANDARD_CONCEPT_CAPTION"" : ""Standard"",
							""INVALID_REASON"" : ""V"",
							""INVALID_REASON_CAPTION"" : ""Valid"",
							""CONCEPT_CODE"" : ""1368001"",
							""DOMAIN_ID"" : ""Drug"",
							""VOCABULARY_ID"" : ""RxNorm"",
							""CONCEPT_CLASS_ID"" : ""Ingredient""
						},
						""isExcluded"" : false,
						""includeDescendants"" : true,
						""includeMapped"" : false
					},
					{
						""concept"" : {
							""CONCEPT_ID"" : 40239216,
							""CONCEPT_NAME"" : ""Linagliptin"",
							""STANDARD_CONCEPT"" : ""S"",
							""STANDARD_CONCEPT_CAPTION"" : ""Standard"",
							""INVALID_REASON"" : ""V"",
							""INVALID_REASON_CAPTION"" : ""Valid"",
							""CONCEPT_CODE"" : ""1100699"",
							""DOMAIN_ID"" : ""Drug"",
							""VOCABULARY_ID"" : ""RxNorm"",
							""CONCEPT_CLASS_ID"" : ""Ingredient""
						},
						""isExcluded"" : false,
						""includeDescendants"" : true,
						""includeMapped"" : false
					},
					{
						""concept"" : {
							""CONCEPT_ID"" : 40166035,
							""CONCEPT_NAME"" : ""saxagliptin"",
							""STANDARD_CONCEPT"" : ""S"",
							""STANDARD_CONCEPT_CAPTION"" : ""Standard"",
							""INVALID_REASON"" : ""V"",
							""INVALID_REASON_CAPTION"" : ""Valid"",
							""CONCEPT_CODE"" : ""857974"",
							""DOMAIN_ID"" : ""Drug"",
							""VOCABULARY_ID"" : ""RxNorm"",
							""CONCEPT_CLASS_ID"" : ""Ingredient""
						},
						""isExcluded"" : false,
						""includeDescendants"" : true,
						""includeMapped"" : false
					},
					{
						""concept"" : {
							""CONCEPT_ID"" : 1580747,
							""CONCEPT_NAME"" : ""sitagliptin"",
							""STANDARD_CONCEPT"" : ""S"",
							""STANDARD_CONCEPT_CAPTION"" : ""Standard"",
							""INVALID_REASON"" : ""V"",
							""INVALID_REASON_CAPTION"" : ""Valid"",
							""CONCEPT_CODE"" : ""593411"",
							""DOMAIN_ID"" : ""Drug"",
							""VOCABULARY_ID"" : ""RxNorm"",
							""CONCEPT_CLASS_ID"" : ""Ingredient""
						},
						""isExcluded"" : false,
						""includeDescendants"" : true,
						""includeMapped"" : false
					},
					{
						""concept"" : {
							""CONCEPT_ID"" : 19122137,
							""CONCEPT_NAME"" : ""vildagliptin"",
							""STANDARD_CONCEPT"" : ""S"",
							""STANDARD_CONCEPT_CAPTION"" : ""Standard"",
							""INVALID_REASON"" : ""V"",
							""INVALID_REASON_CAPTION"" : ""Valid"",
							""CONCEPT_CODE"" : ""596554"",
							""DOMAIN_ID"" : ""Drug"",
							""VOCABULARY_ID"" : ""RxNorm"",
							""CONCEPT_CLASS_ID"" : ""Ingredient""
						},
						""isExcluded"" : false,
						""includeDescendants"" : true,
						""includeMapped"" : false
					}
				]
			}
		},
		{
			""id"" : 2,
			""name"" : ""GLP-1 receptor agonists"",
			""expression"" : {
				""items"" : [
					{
						""concept"" : {
							""CONCEPT_ID"" : 45774435,
							""CONCEPT_NAME"" : ""dulaglutide"",
							""STANDARD_CONCEPT"" : ""S"",
							""STANDARD_CONCEPT_CAPTION"" : ""Standard"",
							""INVALID_REASON"" : ""V"",
							""INVALID_REASON_CAPTION"" : ""Valid"",
							""CONCEPT_CODE"" : ""1551291"",
							""DOMAIN_ID"" : ""Drug"",
							""VOCABULARY_ID"" : ""RxNorm"",
							""CONCEPT_CLASS_ID"" : ""Ingredient""
						},
						""isExcluded"" : false,
						""includeDescendants"" : true,
						""includeMapped"" : false
					},
					{
						""concept"" : {
							""CONCEPT_ID"" : 1583722,
							""CONCEPT_NAME"" : ""exenatide"",
							""STANDARD_CONCEPT"" : ""S"",
							""STANDARD_CONCEPT_CAPTION"" : ""Standard"",
							""INVALID_REASON"" : ""V"",
							""INVALID_REASON_CAPTION"" : ""Valid"",
							""CONCEPT_CODE"" : ""60548"",
							""DOMAIN_ID"" : ""Drug"",
							""VOCABULARY_ID"" : ""RxNorm"",
							""CONCEPT_CLASS_ID"" : ""Ingredient""
						},
						""isExcluded"" : false,
						""includeDescendants"" : true,
						""includeMapped"" : false
					},
					{
						""concept"" : {
							""CONCEPT_ID"" : 40170911,
							""CONCEPT_NAME"" : ""liraglutide"",
							""STANDARD_CONCEPT"" : ""S"",
							""STANDARD_CONCEPT_CAPTION"" : ""Standard"",
							""INVALID_REASON"" : ""V"",
							""INVALID_REASON_CAPTION"" : ""Valid"",
							""CONCEPT_CODE"" : ""475968"",
							""DOMAIN_ID"" : ""Drug"",
							""VOCABULARY_ID"" : ""RxNorm"",
							""CONCEPT_CLASS_ID"" : ""Ingredient""
						},
						""isExcluded"" : false,
						""includeDescendants"" : true,
						""includeMapped"" : false
					},
					{
						""concept"" : {
							""CONCEPT_ID"" : 44506754,
							""CONCEPT_NAME"" : ""Lixisenatide"",
							""STANDARD_CONCEPT"" : ""S"",
							""STANDARD_CONCEPT_CAPTION"" : ""Standard"",
							""INVALID_REASON"" : ""V"",
							""INVALID_REASON_CAPTION"" : ""Valid"",
							""CONCEPT_CODE"" : ""1440051"",
							""DOMAIN_ID"" : ""Drug"",
							""VOCABULARY_ID"" : ""RxNorm"",
							""CONCEPT_CLASS_ID"" : ""Ingredient""
						},
						""isExcluded"" : false,
						""includeDescendants"" : true,
						""includeMapped"" : false
					},
					{
						""concept"" : {
							""CONCEPT_ID"" : 44816332,
							""CONCEPT_NAME"" : ""albiglutide"",
							""STANDARD_CONCEPT"" : ""S"",
							""STANDARD_CONCEPT_CAPTION"" : ""Standard"",
							""INVALID_REASON"" : ""V"",
							""INVALID_REASON_CAPTION"" : ""Valid"",
							""CONCEPT_CODE"" : ""1534763"",
							""DOMAIN_ID"" : ""Drug"",
							""VOCABULARY_ID"" : ""RxNorm"",
							""CONCEPT_CLASS_ID"" : ""Ingredient""
						},
						""isExcluded"" : false,
						""includeDescendants"" : true,
						""includeMapped"" : false
					},
					{
						""concept"" : {
							""CONCEPT_ID"" : 793143,
							""CONCEPT_NAME"" : ""semaglutide"",
							""STANDARD_CONCEPT"" : ""S"",
							""STANDARD_CONCEPT_CAPTION"" : ""Standard"",
							""INVALID_REASON"" : ""V"",
							""INVALID_REASON_CAPTION"" : ""Valid"",
							""CONCEPT_CODE"" : ""1991302"",
							""DOMAIN_ID"" : ""Drug"",
							""VOCABULARY_ID"" : ""RxNorm"",
							""CONCEPT_CLASS_ID"" : ""Ingredient""
						},
						""isExcluded"" : false,
						""includeDescendants"" : true,
						""includeMapped"" : false
					}
				]
			}
		},
		{
			""id"" : 7,
			""name"" : ""Metformin"",
			""expression"" : {
				""items"" : [
					{
						""concept"" : {
							""CONCEPT_ID"" : 1503297,
							""CONCEPT_NAME"" : ""Metformin"",
							""STANDARD_CONCEPT"" : ""S"",
							""STANDARD_CONCEPT_CAPTION"" : ""Standard"",
							""INVALID_REASON"" : ""V"",
							""INVALID_REASON_CAPTION"" : ""Valid"",
							""CONCEPT_CODE"" : ""6809"",
							""DOMAIN_ID"" : ""Drug"",
							""VOCABULARY_ID"" : ""RxNorm"",
							""CONCEPT_CLASS_ID"" : ""Ingredient""
						},
						""isExcluded"" : false,
						""includeDescendants"" : true,
						""includeMapped"" : false
					}
				]
			}
		},
		{
			""id"" : 10,
			""name"" : ""Secondary diabetes mellitus"",
			""expression"" : {
				""items"" : [
					{
						""concept"" : {
							""CONCEPT_ID"" : 195771,
							""CONCEPT_NAME"" : ""Secondary diabetes mellitus"",
							""STANDARD_CONCEPT"" : ""S"",
							""STANDARD_CONCEPT_CAPTION"" : ""Standard"",
							""INVALID_REASON"" : ""V"",
							""INVALID_REASON_CAPTION"" : ""Valid"",
							""CONCEPT_CODE"" : ""8801005"",
							""DOMAIN_ID"" : ""Condition"",
							""VOCABULARY_ID"" : ""SNOMED"",
							""CONCEPT_CLASS_ID"" : ""Clinical Finding""
						},
						""isExcluded"" : false,
						""includeDescendants"" : true,
						""includeMapped"" : false
					},
					{
						""concept"" : {
							""CONCEPT_ID"" : 761051,
							""CONCEPT_NAME"" : ""Complication due to secondary diabetes mellitus"",
							""STANDARD_CONCEPT"" : ""S"",
							""STANDARD_CONCEPT_CAPTION"" : ""Standard"",
							""INVALID_REASON"" : ""V"",
							""INVALID_REASON_CAPTION"" : ""Valid"",
							""CONCEPT_CODE"" : ""138811000119100"",
							""DOMAIN_ID"" : ""Condition"",
							""VOCABULARY_ID"" : ""SNOMED"",
							""CONCEPT_CLASS_ID"" : ""Clinical Finding""
						},
						""isExcluded"" : false,
						""includeDescendants"" : true,
						""includeMapped"" : false
					}
				]
			}
		},
		{
			""id"" : 11,
			""name"" : ""Type 1 diabetes mellitus"",
			""expression"" : {
				""items"" : [
					{
						""concept"" : {
							""CONCEPT_ID"" : 40484649,
							""CONCEPT_NAME"" : ""Type 1 diabetes mellitus well controlled"",
							""STANDARD_CONCEPT"" : ""S"",
							""STANDARD_CONCEPT_CAPTION"" : ""Standard"",
							""INVALID_REASON"" : ""V"",
							""INVALID_REASON_CAPTION"" : ""Valid"",
							""CONCEPT_CODE"" : ""444074000"",
							""DOMAIN_ID"" : ""Condition"",
							""VOCABULARY_ID"" : ""SNOMED"",
							""CONCEPT_CLASS_ID"" : ""Clinical Finding""
						},
						""isExcluded"" : false,
						""includeDescendants"" : true,
						""includeMapped"" : false
					},
					{
						""concept"" : {
							""CONCEPT_ID"" : 42689695,
							""CONCEPT_NAME"" : ""Eating disorder co-occurrent with diabetes mellitus type 1"",
							""STANDARD_CONCEPT"" : ""S"",
							""STANDARD_CONCEPT_CAPTION"" : ""Standard"",
							""INVALID_REASON"" : ""V"",
							""INVALID_REASON_CAPTION"" : ""Valid"",
							""CONCEPT_CODE"" : ""1067201000000106"",
							""DOMAIN_ID"" : ""Condition"",
							""VOCABULARY_ID"" : ""SNOMED"",
							""CONCEPT_CLASS_ID"" : ""Clinical Finding""
						},
						""isExcluded"" : false,
						""includeDescendants"" : true,
						""includeMapped"" : false
					},
					{
						""concept"" : {
							""CONCEPT_ID"" : 765533,
							""CONCEPT_NAME"" : ""Glaucoma due to diabetes mellitus type 1"",
							""STANDARD_CONCEPT"" : ""S"",
							""STANDARD_CONCEPT_CAPTION"" : ""Standard"",
							""INVALID_REASON"" : ""V"",
							""INVALID_REASON_CAPTION"" : ""Valid"",
							""CONCEPT_CODE"" : ""60981000119103"",
							""DOMAIN_ID"" : ""Condition"",
							""VOCABULARY_ID"" : ""SNOMED"",
							""CONCEPT_CLASS_ID"" : ""Clinical Finding""
						},
						""isExcluded"" : false,
						""includeDescendants"" : true,
						""includeMapped"" : false
					},
					{
						""concept"" : {
							""CONCEPT_ID"" : 43531006,
							""CONCEPT_NAME"" : ""Maturity onset diabetes of the young, type 1"",
							""STANDARD_CONCEPT"" : ""S"",
							""STANDARD_CONCEPT_CAPTION"" : ""Standard"",
							""INVALID_REASON"" : ""V"",
							""INVALID_REASON_CAPTION"" : ""Valid"",
							""CONCEPT_CODE"" : ""609562003"",
							""DOMAIN_ID"" : ""Condition"",
							""VOCABULARY_ID"" : ""SNOMED"",
							""CONCEPT_CLASS_ID"" : ""Clinical Finding""
						},
						""isExcluded"" : false,
						""includeDescendants"" : true,
						""includeMapped"" : false
					},
					{
						""concept"" : {
							""CONCEPT_ID"" : 765650,
							""CONCEPT_NAME"" : ""Cranial nerve palsy due to diabetes mellitus type 1"",
							""STANDARD_CONCEPT"" : ""S"",
							""STANDARD_CONCEPT_CAPTION"" : ""Standard"",
							""INVALID_REASON"" : ""V"",
							""INVALID_REASON_CAPTION"" : ""Valid"",
							""CONCEPT_CODE"" : ""82561000119101"",
							""DOMAIN_ID"" : ""Condition"",
							""VOCABULARY_ID"" : ""SNOMED"",
							""CONCEPT_CLASS_ID"" : ""Clinical Finding""
						},
						""isExcluded"" : false,
						""includeDescendants"" : true,
						""includeMapped"" : false
					},
					{
						""concept"" : {
							""CONCEPT_ID"" : 45770986,
							""CONCEPT_NAME"" : ""Retinopathy due to unstable diabetes mellitus type 1"",
							""STANDARD_CONCEPT"" : ""S"",
							""STANDARD_CONCEPT_CAPTION"" : ""Standard"",
							""INVALID_REASON"" : ""V"",
							""INVALID_REASON_CAPTION"" : ""Valid"",
							""CONCEPT_CODE"" : ""706894000"",
							""DOMAIN_ID"" : ""Condition"",
							""VOCABULARY_ID"" : ""SNOMED"",
							""CONCEPT_CLASS_ID"" : ""Clinical Finding""
						},
						""isExcluded"" : false,
						""includeDescendants"" : true,
						""includeMapped"" : false
					},
					{
						""concept"" : {
							""CONCEPT_ID"" : 201254,
							""CONCEPT_NAME"" : ""Type 1 diabetes mellitus"",
							""STANDARD_CONCEPT"" : ""S"",
							""STANDARD_CONCEPT_CAPTION"" : ""Standard"",
							""INVALID_REASON"" : ""V"",
							""INVALID_REASON_CAPTION"" : ""Valid"",
							""CONCEPT_CODE"" : ""46635009"",
							""DOMAIN_ID"" : ""Condition"",
							""VOCABULARY_ID"" : ""SNOMED"",
							""CONCEPT_CLASS_ID"" : ""Clinical Finding""
						},
						""isExcluded"" : false,
						""includeDescendants"" : true,
						""includeMapped"" : false
					},
					{
						""concept"" : {
							""CONCEPT_ID"" : 45768456,
							""CONCEPT_NAME"" : ""Neuropathy due to unstable diabetes mellitus type 1"",
							""STANDARD_CONCEPT"" : ""S"",
							""STANDARD_CONCEPT_CAPTION"" : ""Standard"",
							""INVALID_REASON"" : ""V"",
							""INVALID_REASON_CAPTION"" : ""Valid"",
							""CONCEPT_CODE"" : ""706891008"",
							""DOMAIN_ID"" : ""Condition"",
							""VOCABULARY_ID"" : ""SNOMED"",
							""CONCEPT_CLASS_ID"" : ""Clinical Finding""
						},
						""isExcluded"" : false,
						""includeDescendants"" : true,
						""includeMapped"" : false
					},
					{
						""concept"" : {
							""CONCEPT_ID"" : 40484648,
							""CONCEPT_NAME"" : ""Type 1 diabetes mellitus uncontrolled"",
							""STANDARD_CONCEPT"" : ""S"",
							""STANDARD_CONCEPT_CAPTION"" : ""Standard"",
							""INVALID_REASON"" : ""V"",
							""INVALID_REASON_CAPTION"" : ""Valid"",
							""CONCEPT_CODE"" : ""444073006"",
							""DOMAIN_ID"" : ""Condition"",
							""VOCABULARY_ID"" : ""SNOMED"",
							""CONCEPT_CLASS_ID"" : ""Clinical Finding""
						},
						""isExcluded"" : false,
						""includeDescendants"" : true,
						""includeMapped"" : false
					},
					{
						""concept"" : {
							""CONCEPT_ID"" : 4128019,
							""CONCEPT_NAME"" : ""Brittle type 1 diabetes mellitus"",
							""STANDARD_CONCEPT"" : ""S"",
							""STANDARD_CONCEPT_CAPTION"" : ""Standard"",
							""INVALID_REASON"" : ""V"",
							""INVALID_REASON_CAPTION"" : ""Valid"",
							""CONCEPT_CODE"" : ""290002008"",
							""DOMAIN_ID"" : ""Condition"",
							""VOCABULARY_ID"" : ""SNOMED"",
							""CONCEPT_CLASS_ID"" : ""Clinical Finding""
						},
						""isExcluded"" : false,
						""includeDescendants"" : true,
						""includeMapped"" : false
					},
					{
						""concept"" : {
							""CONCEPT_ID"" : 435216,
							""CONCEPT_NAME"" : ""Disorder due to type 1 diabetes mellitus"",
							""STANDARD_CONCEPT"" : ""S"",
							""STANDARD_CONCEPT_CAPTION"" : ""Standard"",
							""INVALID_REASON"" : ""V"",
							""INVALID_REASON_CAPTION"" : ""Valid"",
							""CONCEPT_CODE"" : ""420868002"",
							""DOMAIN_ID"" : ""Condition"",
							""VOCABULARY_ID"" : ""SNOMED"",
							""CONCEPT_CLASS_ID"" : ""Clinical Finding""
						},
						""isExcluded"" : false,
						""includeDescendants"" : true,
						""includeMapped"" : false
					}
				]
			}
		},
		{
			""id"" : 12,
			""name"" : ""Type 2 diabetes mellitus"",
			""expression"" : {
				""items"" : [
					{
						""concept"" : {
							""CONCEPT_ID"" : 443238,
							""CONCEPT_NAME"" : ""Diabetic - poor control"",
							""STANDARD_CONCEPT"" : ""S"",
							""STANDARD_CONCEPT_CAPTION"" : ""Standard"",
							""INVALID_REASON"" : ""V"",
							""INVALID_REASON_CAPTION"" : ""Valid"",
							""CONCEPT_CODE"" : ""268519009"",
							""DOMAIN_ID"" : ""Condition"",
							""VOCABULARY_ID"" : ""SNOMED"",
							""CONCEPT_CLASS_ID"" : ""Clinical Finding""
						},
						""isExcluded"" : false,
						""includeDescendants"" : true,
						""includeMapped"" : false
					},
					{
						""concept"" : {
							""CONCEPT_ID"" : 201820,
							""CONCEPT_NAME"" : ""Diabetes mellitus"",
							""STANDARD_CONCEPT"" : ""S"",
							""STANDARD_CONCEPT_CAPTION"" : ""Standard"",
							""INVALID_REASON"" : ""V"",
							""INVALID_REASON_CAPTION"" : ""Valid"",
							""CONCEPT_CODE"" : ""73211009"",
							""DOMAIN_ID"" : ""Condition"",
							""VOCABULARY_ID"" : ""SNOMED"",
							""CONCEPT_CLASS_ID"" : ""Clinical Finding""
						},
						""isExcluded"" : false,
						""includeDescendants"" : true,
						""includeMapped"" : false
					},
					{
						""concept"" : {
							""CONCEPT_ID"" : 442793,
							""CONCEPT_NAME"" : ""Complication due to diabetes mellitus"",
							""STANDARD_CONCEPT"" : ""S"",
							""STANDARD_CONCEPT_CAPTION"" : ""Standard"",
							""INVALID_REASON"" : ""V"",
							""INVALID_REASON_CAPTION"" : ""Valid"",
							""CONCEPT_CODE"" : ""74627003"",
							""DOMAIN_ID"" : ""Condition"",
							""VOCABULARY_ID"" : ""SNOMED"",
							""CONCEPT_CLASS_ID"" : ""Clinical Finding""
						},
						""isExcluded"" : false,
						""includeDescendants"" : true,
						""includeMapped"" : false
					},
					{
						""concept"" : {
							""CONCEPT_ID"" : 40484648,
							""CONCEPT_NAME"" : ""Type 1 diabetes mellitus uncontrolled"",
							""STANDARD_CONCEPT"" : ""S"",
							""STANDARD_CONCEPT_CAPTION"" : ""Standard"",
							""INVALID_REASON"" : ""V"",
							""INVALID_REASON_CAPTION"" : ""Valid"",
							""CONCEPT_CODE"" : ""444073006"",
							""DOMAIN_ID"" : ""Condition"",
							""VOCABULARY_ID"" : ""SNOMED"",
							""CONCEPT_CLASS_ID"" : ""Clinical Finding""
						},
						""isExcluded"" : true,
						""includeDescendants"" : true,
						""includeMapped"" : false
					},
					{
						""concept"" : {
							""CONCEPT_ID"" : 201254,
							""CONCEPT_NAME"" : ""Type 1 diabetes mellitus"",
							""STANDARD_CONCEPT"" : ""S"",
							""STANDARD_CONCEPT_CAPTION"" : ""Standard"",
							""INVALID_REASON"" : ""V"",
							""INVALID_REASON_CAPTION"" : ""Valid"",
							""CONCEPT_CODE"" : ""46635009"",
							""DOMAIN_ID"" : ""Condition"",
							""VOCABULARY_ID"" : ""SNOMED"",
							""CONCEPT_CLASS_ID"" : ""Clinical Finding""
						},
						""isExcluded"" : true,
						""includeDescendants"" : true,
						""includeMapped"" : false
					},
					{
						""concept"" : {
							""CONCEPT_ID"" : 435216,
							""CONCEPT_NAME"" : ""Disorder due to type 1 diabetes mellitus"",
							""STANDARD_CONCEPT"" : ""S"",
							""STANDARD_CONCEPT_CAPTION"" : ""Standard"",
							""INVALID_REASON"" : ""V"",
							""INVALID_REASON_CAPTION"" : ""Valid"",
							""CONCEPT_CODE"" : ""420868002"",
							""DOMAIN_ID"" : ""Condition"",
							""VOCABULARY_ID"" : ""SNOMED"",
							""CONCEPT_CLASS_ID"" : ""Clinical Finding""
						},
						""isExcluded"" : true,
						""includeDescendants"" : true,
						""includeMapped"" : false
					},
					{
						""concept"" : {
							""CONCEPT_ID"" : 195771,
							""CONCEPT_NAME"" : ""Secondary diabetes mellitus"",
							""STANDARD_CONCEPT"" : ""S"",
							""STANDARD_CONCEPT_CAPTION"" : ""Standard"",
							""INVALID_REASON"" : ""V"",
							""INVALID_REASON_CAPTION"" : ""Valid"",
							""CONCEPT_CODE"" : ""8801005"",
							""DOMAIN_ID"" : ""Condition"",
							""VOCABULARY_ID"" : ""SNOMED"",
							""CONCEPT_CLASS_ID"" : ""Clinical Finding""
						},
						""isExcluded"" : true,
						""includeDescendants"" : true,
						""includeMapped"" : false
					},
					{
						""concept"" : {
							""CONCEPT_ID"" : 761051,
							""CONCEPT_NAME"" : ""Complication due to secondary diabetes mellitus"",
							""STANDARD_CONCEPT"" : ""S"",
							""STANDARD_CONCEPT_CAPTION"" : ""Standard"",
							""INVALID_REASON"" : ""V"",
							""INVALID_REASON_CAPTION"" : ""Valid"",
							""CONCEPT_CODE"" : ""138811000119100"",
							""DOMAIN_ID"" : ""Condition"",
							""VOCABULARY_ID"" : ""SNOMED"",
							""CONCEPT_CLASS_ID"" : ""Clinical Finding""
						},
						""isExcluded"" : true,
						""includeDescendants"" : true,
						""includeMapped"" : false
					},
					{
						""concept"" : {
							""CONCEPT_ID"" : 4016045,
							""CONCEPT_NAME"" : ""Diabetic - good control"",
							""STANDARD_CONCEPT"" : ""S"",
							""STANDARD_CONCEPT_CAPTION"" : ""Standard"",
							""INVALID_REASON"" : ""V"",
							""INVALID_REASON_CAPTION"" : ""Valid"",
							""CONCEPT_CODE"" : ""170763003"",
							""DOMAIN_ID"" : ""Condition"",
							""VOCABULARY_ID"" : ""SNOMED"",
							""CONCEPT_CLASS_ID"" : ""Clinical Finding""
						},
						""isExcluded"" : false,
						""includeDescendants"" : true,
						""includeMapped"" : false
					},
					{
						""concept"" : {
							""CONCEPT_ID"" : 40484649,
							""CONCEPT_NAME"" : ""Type 1 diabetes mellitus well controlled"",
							""STANDARD_CONCEPT"" : ""S"",
							""STANDARD_CONCEPT_CAPTION"" : ""Standard"",
							""INVALID_REASON"" : ""V"",
							""INVALID_REASON_CAPTION"" : ""Valid"",
							""CONCEPT_CODE"" : ""444074000"",
							""DOMAIN_ID"" : ""Condition"",
							""VOCABULARY_ID"" : ""SNOMED"",
							""CONCEPT_CLASS_ID"" : ""Clinical Finding""
						},
						""isExcluded"" : true,
						""includeDescendants"" : true,
						""includeMapped"" : false
					},
					{
						""concept"" : {
							""CONCEPT_ID"" : 43531009,
							""CONCEPT_NAME"" : ""Pregnancy and type 1 diabetes mellitus"",
							""STANDARD_CONCEPT"" : ""S"",
							""STANDARD_CONCEPT_CAPTION"" : ""Standard"",
							""INVALID_REASON"" : ""V"",
							""INVALID_REASON_CAPTION"" : ""Valid"",
							""CONCEPT_CODE"" : ""609566000"",
							""DOMAIN_ID"" : ""Condition"",
							""VOCABULARY_ID"" : ""SNOMED"",
							""CONCEPT_CLASS_ID"" : ""Clinical Finding""
						},
						""isExcluded"" : true,
						""includeDescendants"" : true,
						""includeMapped"" : false
					},
					{
						""concept"" : {
							""CONCEPT_ID"" : 4024659,
							""CONCEPT_NAME"" : ""Gestational diabetes mellitus"",
							""STANDARD_CONCEPT"" : ""S"",
							""STANDARD_CONCEPT_CAPTION"" : ""Standard"",
							""INVALID_REASON"" : ""V"",
							""INVALID_REASON_CAPTION"" : ""Valid"",
							""CONCEPT_CODE"" : ""11687002"",
							""DOMAIN_ID"" : ""Condition"",
							""VOCABULARY_ID"" : ""SNOMED"",
							""CONCEPT_CLASS_ID"" : ""Clinical Finding""
						},
						""isExcluded"" : true,
						""includeDescendants"" : true,
						""includeMapped"" : false
					}
				]
			}
		},
		{
			""id"" : 17,
			""name"" : ""liver and biliary conditions"",
			""expression"" : {
				""items"" : [
					{
						""concept"" : {
							""CONCEPT_ID"" : 46269836,
							""CONCEPT_NAME"" : ""Hepatic coma due to chronic hepatic failure"",
							""STANDARD_CONCEPT"" : ""S"",
							""STANDARD_CONCEPT_CAPTION"" : ""Standard"",
							""INVALID_REASON"" : ""V"",
							""INVALID_REASON_CAPTION"" : ""Valid"",
							""CONCEPT_CODE"" : ""1085091000119108"",
							""DOMAIN_ID"" : ""Condition"",
							""VOCABULARY_ID"" : ""SNOMED"",
							""CONCEPT_CLASS_ID"" : ""Disorder""
						},
						""isExcluded"" : false,
						""includeDescendants"" : true,
						""includeMapped"" : false
					},
					{
						""concept"" : {
							""CONCEPT_ID"" : 37016176,
							""CONCEPT_NAME"" : ""Cerebral degeneration due to alcoholism"",
							""STANDARD_CONCEPT"" : ""S"",
							""STANDARD_CONCEPT_CAPTION"" : ""Standard"",
							""INVALID_REASON"" : ""V"",
							""INVALID_REASON_CAPTION"" : ""Valid"",
							""CONCEPT_CODE"" : ""135761000119101"",
							""DOMAIN_ID"" : ""Condition"",
							""VOCABULARY_ID"" : ""SNOMED"",
							""CONCEPT_CLASS_ID"" : ""Disorder""
						},
						""isExcluded"" : false,
						""includeDescendants"" : true,
						""includeMapped"" : false
					},
					{
						""concept"" : {
							""CONCEPT_ID"" : 4093637,
							""CONCEPT_NAME"" : ""Sequelae of viral hepatitis"",
							""STANDARD_CONCEPT"" : ""S"",
							""STANDARD_CONCEPT_CAPTION"" : ""Standard"",
							""INVALID_REASON"" : ""V"",
							""INVALID_REASON_CAPTION"" : ""Valid"",
							""CONCEPT_CODE"" : ""187260009"",
							""DOMAIN_ID"" : ""Condition"",
							""VOCABULARY_ID"" : ""SNOMED"",
							""CONCEPT_CLASS_ID"" : ""Disorder""
						},
						""isExcluded"" : false,
						""includeDescendants"" : true,
						""includeMapped"" : false
					},
					{
						""concept"" : {
							""CONCEPT_ID"" : 194984,
							""CONCEPT_NAME"" : ""Disease of liver"",
							""STANDARD_CONCEPT"" : ""S"",
							""STANDARD_CONCEPT_CAPTION"" : ""Standard"",
							""INVALID_REASON"" : ""V"",
							""INVALID_REASON_CAPTION"" : ""Valid"",
							""CONCEPT_CODE"" : ""235856003"",
							""DOMAIN_ID"" : ""Condition"",
							""VOCABULARY_ID"" : ""SNOMED"",
							""CONCEPT_CLASS_ID"" : ""Disorder""
						},
						""isExcluded"" : false,
						""includeDescendants"" : true,
						""includeMapped"" : false
					},
					{
						""concept"" : {
							""CONCEPT_ID"" : 4145627,
							""CONCEPT_NAME"" : ""Biliary calculus"",
							""STANDARD_CONCEPT"" : ""S"",
							""STANDARD_CONCEPT_CAPTION"" : ""Standard"",
							""INVALID_REASON"" : ""V"",
							""INVALID_REASON_CAPTION"" : ""Valid"",
							""CONCEPT_CODE"" : ""266474003"",
							""DOMAIN_ID"" : ""Condition"",
							""VOCABULARY_ID"" : ""SNOMED"",
							""CONCEPT_CLASS_ID"" : ""Disorder""
						},
						""isExcluded"" : false,
						""includeDescendants"" : true,
						""includeMapped"" : false
					},
					{
						""concept"" : {
							""CONCEPT_ID"" : 44806251,
							""CONCEPT_NAME"" : ""Biliary acute pancreatitis"",
							""STANDARD_CONCEPT"" : ""S"",
							""STANDARD_CONCEPT_CAPTION"" : ""Standard"",
							""INVALID_REASON"" : ""V"",
							""INVALID_REASON_CAPTION"" : ""Valid"",
							""CONCEPT_CODE"" : ""811431000000107"",
							""DOMAIN_ID"" : ""Condition"",
							""VOCABULARY_ID"" : ""SNOMED"",
							""CONCEPT_CLASS_ID"" : ""Disorder""
						},
						""isExcluded"" : false,
						""includeDescendants"" : true,
						""includeMapped"" : false
					},
					{
						""concept"" : {
							""CONCEPT_ID"" : 46269816,
							""CONCEPT_NAME"" : ""Ascites due to alcoholic cirrhosis"",
							""STANDARD_CONCEPT"" : ""S"",
							""STANDARD_CONCEPT_CAPTION"" : ""Standard"",
							""INVALID_REASON"" : ""V"",
							""INVALID_REASON_CAPTION"" : ""Valid"",
							""CONCEPT_CODE"" : ""1082601000119104"",
							""DOMAIN_ID"" : ""Condition"",
							""VOCABULARY_ID"" : ""SNOMED"",
							""CONCEPT_CLASS_ID"" : ""Disorder""
						},
						""isExcluded"" : false,
						""includeDescendants"" : true,
						""includeMapped"" : false
					},
					{
						""concept"" : {
							""CONCEPT_ID"" : 4340396,
							""CONCEPT_NAME"" : ""Obstruction of biliary tree"",
							""STANDARD_CONCEPT"" : ""S"",
							""STANDARD_CONCEPT_CAPTION"" : ""Standard"",
							""INVALID_REASON"" : ""V"",
							""INVALID_REASON_CAPTION"" : ""Valid"",
							""CONCEPT_CODE"" : ""235918000"",
							""DOMAIN_ID"" : ""Condition"",
							""VOCABULARY_ID"" : ""SNOMED"",
							""CONCEPT_CLASS_ID"" : ""Disorder""
						},
						""isExcluded"" : false,
						""includeDescendants"" : true,
						""includeMapped"" : false
					},
					{
						""concept"" : {
							""CONCEPT_ID"" : 196029,
							""CONCEPT_NAME"" : ""Hepatic coma due to viral hepatitis"",
							""STANDARD_CONCEPT"" : ""S"",
							""STANDARD_CONCEPT_CAPTION"" : ""Standard"",
							""INVALID_REASON"" : ""V"",
							""INVALID_REASON_CAPTION"" : ""Valid"",
							""CONCEPT_CODE"" : ""40946000"",
							""DOMAIN_ID"" : ""Condition"",
							""VOCABULARY_ID"" : ""SNOMED"",
							""CONCEPT_CLASS_ID"" : ""Disorder""
						},
						""isExcluded"" : false,
						""includeDescendants"" : true,
						""includeMapped"" : false
					},
					{
						""concept"" : {
							""CONCEPT_ID"" : 45757783,
							""CONCEPT_NAME"" : ""Gastric hemorrhage due to alcoholic gastritis"",
							""STANDARD_CONCEPT"" : ""S"",
							""STANDARD_CONCEPT_CAPTION"" : ""Standard"",
							""INVALID_REASON"" : ""V"",
							""INVALID_REASON_CAPTION"" : ""Valid"",
							""CONCEPT_CODE"" : ""40241000119109"",
							""DOMAIN_ID"" : ""Condition"",
							""VOCABULARY_ID"" : ""SNOMED"",
							""CONCEPT_CLASS_ID"" : ""Disorder""
						},
						""isExcluded"" : false,
						""includeDescendants"" : true,
						""includeMapped"" : false
					},
					{
						""concept"" : {
							""CONCEPT_ID"" : 46269817,
							""CONCEPT_NAME"" : ""Ascites due to alcoholic hepatitis"",
							""STANDARD_CONCEPT"" : ""S"",
							""STANDARD_CONCEPT_CAPTION"" : ""Standard"",
							""INVALID_REASON"" : ""V"",
							""INVALID_REASON_CAPTION"" : ""Valid"",
							""CONCEPT_CODE"" : ""1082611000119101"",
							""DOMAIN_ID"" : ""Condition"",
							""VOCABULARY_ID"" : ""SNOMED"",
							""CONCEPT_CLASS_ID"" : ""Disorder""
						},
						""isExcluded"" : false,
						""includeDescendants"" : true,
						""includeMapped"" : false
					},
					{
						""concept"" : {
							""CONCEPT_ID"" : 4163735,
							""CONCEPT_NAME"" : ""Hemochromatosis"",
							""STANDARD_CONCEPT"" : ""S"",
							""STANDARD_CONCEPT_CAPTION"" : ""Standard"",
							""INVALID_REASON"" : ""V"",
							""INVALID_REASON_CAPTION"" : ""Valid"",
							""CONCEPT_CODE"" : ""399187006"",
							""DOMAIN_ID"" : ""Condition"",
							""VOCABULARY_ID"" : ""SNOMED"",
							""CONCEPT_CLASS_ID"" : ""Disorder""
						},
						""isExcluded"" : false,
						""includeDescendants"" : true,
						""includeMapped"" : false
					},
					{
						""concept"" : {
							""CONCEPT_ID"" : 195856,
							""CONCEPT_NAME"" : ""Cholangitis"",
							""STANDARD_CONCEPT"" : ""S"",
							""STANDARD_CONCEPT_CAPTION"" : ""Standard"",
							""INVALID_REASON"" : ""V"",
							""INVALID_REASON_CAPTION"" : ""Valid"",
							""CONCEPT_CODE"" : ""82403002"",
							""DOMAIN_ID"" : ""Condition"",
							""VOCABULARY_ID"" : ""SNOMED"",
							""CONCEPT_CLASS_ID"" : ""Disorder""
						},
						""isExcluded"" : false,
						""includeDescendants"" : true,
						""includeMapped"" : false
					},
					{
						""concept"" : {
							""CONCEPT_ID"" : 36714559,
							""CONCEPT_NAME"" : ""Disorder caused by alcohol"",
							""STANDARD_CONCEPT"" : ""S"",
							""STANDARD_CONCEPT_CAPTION"" : ""Standard"",
							""INVALID_REASON"" : ""V"",
							""INVALID_REASON_CAPTION"" : ""Valid"",
							""CONCEPT_CODE"" : ""719848005"",
							""DOMAIN_ID"" : ""Condition"",
							""VOCABULARY_ID"" : ""SNOMED"",
							""CONCEPT_CLASS_ID"" : ""Disorder""
						},
						""isExcluded"" : false,
						""includeDescendants"" : true,
						""includeMapped"" : false
					}
				]
			}
		}
	],
	""QualifiedLimit"" : {
		""Type"" : ""First""
	},
	""ExpressionLimit"" : {
		""Type"" : ""First""
	},
	""InclusionRules"" : [
		{
			""name"" : ""Prior metformin use (>=90d or 3+ exposures)"",
			""expression"" : {
				""Type"" : ""ANY"",
				""CriteriaList"" : [
					{
						""Criteria"" : {
							""DrugEra"" : {
								""CodesetId"" : 7,
								""EraLength"" : {
									""Value"" : 90,
									""Op"" : ""gte""
								}
							}
						},
						""StartWindow"" : {
							""Start"" : {
								""Coeff"" : -1
							},
							""End"" : {
								""Days"" : 90,
								""Coeff"" : -1
							},
							""UseIndexEnd"" : false,
							""UseEventEnd"" : false
						},
						""RestrictVisit"" : false,
						""IgnoreObservationPeriod"" : true,
						""Occurrence"" : {
							""Type"" : 2,
							""Count"" : 1,
							""IsDistinct"" : false
						}
					},
					{
						""Criteria"" : {
							""DrugExposure"" : {
								""CodesetId"" : 7,
								""DrugTypeExclude"" : false
							}
						},
						""StartWindow"" : {
							""Start"" : {
								""Coeff"" : -1
							},
							""End"" : {
								""Days"" : 0,
								""Coeff"" : -1
							},
							""UseIndexEnd"" : false,
							""UseEventEnd"" : false
						},
						""RestrictVisit"" : false,
						""IgnoreObservationPeriod"" : true,
						""Occurrence"" : {
							""Type"" : 2,
							""Count"" : 3,
							""IsDistinct"" : false
						}
					}
				],
				""DemographicCriteriaList"" : [],
				""Groups"" : []
			}
		},
		{
			""name"" : ""No underlying hepatic and biliary condition"",
			""expression"" : {
				""Type"" : ""ALL"",
				""CriteriaList"" : [
					{
						""Criteria"" : {
							""ConditionOccurrence"" : {
								""CodesetId"" : 17
							}
						},
						""StartWindow"" : {
							""Start"" : {
								""Coeff"" : -1
							},
							""End"" : {
								""Days"" : 0,
								""Coeff"" : 1
							},
							""UseIndexEnd"" : false,
							""UseEventEnd"" : false
						},
						""RestrictVisit"" : false,
						""IgnoreObservationPeriod"" : true,
						""Occurrence"" : {
							""Type"" : 0,
							""Count"" : 0,
							""IsDistinct"" : false
						}
					}
				],
				""DemographicCriteriaList"" : [],
				""Groups"" : []
			}
		}
	],
	""EndStrategy"" : {
		""CustomEra"" : {
			""DrugCodesetId"" : 2,
			""GapDays"" : 60,
			""Offset"" : 0
		}
	},
	""CensoringCriteria"" : [],
	""CollapseSettings"" : {
		""CollapseType"" : ""ERA"",
		""EraPad"" : 0
	},
	""CensorWindow"" : {}
}",NA,TRUE
19019,19019,"[OHDSIAPAC2024] new users of DPP4 with prior T2DM, prior metformin, and no prior hepatic disease","CREATE TABLE #Codesets (
  codeset_id int NOT NULL,
  concept_id bigint NOT NULL
)
;

INSERT INTO #Codesets (codeset_id, concept_id)
SELECT 1 as codeset_id, c.concept_id FROM (select distinct I.concept_id FROM
( 
  select concept_id from @vocabulary_database_schema.CONCEPT where concept_id in (43013884,40239216,40166035,1580747,19122137)
UNION  select c.concept_id
  from @vocabulary_database_schema.CONCEPT c
  join @vocabulary_database_schema.CONCEPT_ANCESTOR ca on c.concept_id = ca.descendant_concept_id
  and ca.ancestor_concept_id in (43013884,40239216,40166035,1580747,19122137)
  and c.invalid_reason is null

) I
) C UNION ALL 
SELECT 2 as codeset_id, c.concept_id FROM (select distinct I.concept_id FROM
( 
  select concept_id from @vocabulary_database_schema.CONCEPT where concept_id in (45774435,1583722,40170911,44506754,44816332,793143)
UNION  select c.concept_id
  from @vocabulary_database_schema.CONCEPT c
  join @vocabulary_database_schema.CONCEPT_ANCESTOR ca on c.concept_id = ca.descendant_concept_id
  and ca.ancestor_concept_id in (45774435,1583722,40170911,44506754,44816332,793143)
  and c.invalid_reason is null

) I
) C UNION ALL 
SELECT 7 as codeset_id, c.concept_id FROM (select distinct I.concept_id FROM
( 
  select concept_id from @vocabulary_database_schema.CONCEPT where concept_id in (1503297)
UNION  select c.concept_id
  from @vocabulary_database_schema.CONCEPT c
  join @vocabulary_database_schema.CONCEPT_ANCESTOR ca on c.concept_id = ca.descendant_concept_id
  and ca.ancestor_concept_id in (1503297)
  and c.invalid_reason is null

) I
) C UNION ALL 
SELECT 10 as codeset_id, c.concept_id FROM (select distinct I.concept_id FROM
( 
  select concept_id from @vocabulary_database_schema.CONCEPT where concept_id in (195771,761051)
UNION  select c.concept_id
  from @vocabulary_database_schema.CONCEPT c
  join @vocabulary_database_schema.CONCEPT_ANCESTOR ca on c.concept_id = ca.descendant_concept_id
  and ca.ancestor_concept_id in (195771,761051)
  and c.invalid_reason is null

) I
) C UNION ALL 
SELECT 11 as codeset_id, c.concept_id FROM (select distinct I.concept_id FROM
( 
  select concept_id from @vocabulary_database_schema.CONCEPT where concept_id in (40484649,42689695,765533,43531006,765650,45770986,201254,45768456,40484648,4128019,435216)
UNION  select c.concept_id
  from @vocabulary_database_schema.CONCEPT c
  join @vocabulary_database_schema.CONCEPT_ANCESTOR ca on c.concept_id = ca.descendant_concept_id
  and ca.ancestor_concept_id in (40484649,42689695,765533,43531006,765650,45770986,201254,45768456,40484648,4128019,435216)
  and c.invalid_reason is null

) I
) C UNION ALL 
SELECT 12 as codeset_id, c.concept_id FROM (select distinct I.concept_id FROM
( 
  select concept_id from @vocabulary_database_schema.CONCEPT where concept_id in (443238,201820,442793,4016045)
UNION  select c.concept_id
  from @vocabulary_database_schema.CONCEPT c
  join @vocabulary_database_schema.CONCEPT_ANCESTOR ca on c.concept_id = ca.descendant_concept_id
  and ca.ancestor_concept_id in (443238,201820,442793,4016045)
  and c.invalid_reason is null

) I
LEFT JOIN
(
  select concept_id from @vocabulary_database_schema.CONCEPT where concept_id in (40484648,201254,435216,195771,761051,40484649,43531009,4024659)
UNION  select c.concept_id
  from @vocabulary_database_schema.CONCEPT c
  join @vocabulary_database_schema.CONCEPT_ANCESTOR ca on c.concept_id = ca.descendant_concept_id
  and ca.ancestor_concept_id in (40484648,201254,435216,195771,761051,40484649,43531009,4024659)
  and c.invalid_reason is null

) E ON I.concept_id = E.concept_id
WHERE E.concept_id is null
) C UNION ALL 
SELECT 17 as codeset_id, c.concept_id FROM (select distinct I.concept_id FROM
( 
  select concept_id from @vocabulary_database_schema.CONCEPT where concept_id in (46269836,37016176,4093637,194984,4145627,44806251,46269816,4340396,196029,45757783,46269817,4163735,195856,36714559)
UNION  select c.concept_id
  from @vocabulary_database_schema.CONCEPT c
  join @vocabulary_database_schema.CONCEPT_ANCESTOR ca on c.concept_id = ca.descendant_concept_id
  and ca.ancestor_concept_id in (46269836,37016176,4093637,194984,4145627,44806251,46269816,4340396,196029,45757783,46269817,4163735,195856,36714559)
  and c.invalid_reason is null

) I
) C;

UPDATE STATISTICS #Codesets;


SELECT event_id, person_id, start_date, end_date, op_start_date, op_end_date, visit_occurrence_id
INTO #qualified_events
FROM 
(
  select pe.event_id, pe.person_id, pe.start_date, pe.end_date, pe.op_start_date, pe.op_end_date, row_number() over (partition by pe.person_id order by pe.start_date ASC) as ordinal, cast(pe.visit_occurrence_id as bigint) as visit_occurrence_id
  FROM (-- Begin Primary Events
select P.ordinal as event_id, P.person_id, P.start_date, P.end_date, op_start_date, op_end_date, cast(P.visit_occurrence_id as bigint) as visit_occurrence_id
FROM
(
  select E.person_id, E.start_date, E.end_date,
         row_number() OVER (PARTITION BY E.person_id ORDER BY E.sort_date ASC, E.event_id) ordinal,
         OP.observation_period_start_date as op_start_date, OP.observation_period_end_date as op_end_date, cast(E.visit_occurrence_id as bigint) as visit_occurrence_id
  FROM 
  (
  -- Begin Drug Exposure Criteria
select C.person_id, C.drug_exposure_id as event_id, C.start_date, C.end_date,
  C.visit_occurrence_id,C.start_date as sort_date
from 
(
  select de.person_id,de.drug_exposure_id,de.drug_concept_id,de.visit_occurrence_id,days_supply,quantity,refills,de.drug_exposure_start_date as start_date, COALESCE(de.drug_exposure_end_date, DATEADD(day,de.days_supply,de.drug_exposure_start_date), DATEADD(day,1,de.drug_exposure_start_date)) as end_date , row_number() over (PARTITION BY de.person_id ORDER BY de.drug_exposure_start_date, de.drug_exposure_id) as ordinal
  FROM @cdm_database_schema.DRUG_EXPOSURE de
JOIN #Codesets cs on (de.drug_concept_id = cs.concept_id and cs.codeset_id = 1)
) C

WHERE C.ordinal = 1
-- End Drug Exposure Criteria

  ) E
	JOIN @cdm_database_schema.observation_period OP on E.person_id = OP.person_id and E.start_date >=  OP.observation_period_start_date and E.start_date <= op.observation_period_end_date
  WHERE DATEADD(day,365,OP.OBSERVATION_PERIOD_START_DATE) <= E.START_DATE AND DATEADD(day,0,E.START_DATE) <= OP.OBSERVATION_PERIOD_END_DATE
) P
WHERE P.ordinal = 1
-- End Primary Events
) pe
  
JOIN (
-- Begin Criteria Group
select 0 as index_id, person_id, event_id
FROM
(
  select E.person_id, E.event_id 
  FROM (-- Begin Primary Events
select P.ordinal as event_id, P.person_id, P.start_date, P.end_date, op_start_date, op_end_date, cast(P.visit_occurrence_id as bigint) as visit_occurrence_id
FROM
(
  select E.person_id, E.start_date, E.end_date,
         row_number() OVER (PARTITION BY E.person_id ORDER BY E.sort_date ASC, E.event_id) ordinal,
         OP.observation_period_start_date as op_start_date, OP.observation_period_end_date as op_end_date, cast(E.visit_occurrence_id as bigint) as visit_occurrence_id
  FROM 
  (
  -- Begin Drug Exposure Criteria
select C.person_id, C.drug_exposure_id as event_id, C.start_date, C.end_date,
  C.visit_occurrence_id,C.start_date as sort_date
from 
(
  select de.person_id,de.drug_exposure_id,de.drug_concept_id,de.visit_occurrence_id,days_supply,quantity,refills,de.drug_exposure_start_date as start_date, COALESCE(de.drug_exposure_end_date, DATEADD(day,de.days_supply,de.drug_exposure_start_date), DATEADD(day,1,de.drug_exposure_start_date)) as end_date , row_number() over (PARTITION BY de.person_id ORDER BY de.drug_exposure_start_date, de.drug_exposure_id) as ordinal
  FROM @cdm_database_schema.DRUG_EXPOSURE de
JOIN #Codesets cs on (de.drug_concept_id = cs.concept_id and cs.codeset_id = 1)
) C

WHERE C.ordinal = 1
-- End Drug Exposure Criteria

  ) E
	JOIN @cdm_database_schema.observation_period OP on E.person_id = OP.person_id and E.start_date >=  OP.observation_period_start_date and E.start_date <= op.observation_period_end_date
  WHERE DATEADD(day,365,OP.OBSERVATION_PERIOD_START_DATE) <= E.START_DATE AND DATEADD(day,0,E.START_DATE) <= OP.OBSERVATION_PERIOD_END_DATE
) P
WHERE P.ordinal = 1
-- End Primary Events
) E
  INNER JOIN
  (
    -- Begin Correlated Criteria
select 0 as index_id, cc.person_id, cc.event_id
from (SELECT p.person_id, p.event_id 
FROM (-- Begin Primary Events
select P.ordinal as event_id, P.person_id, P.start_date, P.end_date, op_start_date, op_end_date, cast(P.visit_occurrence_id as bigint) as visit_occurrence_id
FROM
(
  select E.person_id, E.start_date, E.end_date,
         row_number() OVER (PARTITION BY E.person_id ORDER BY E.sort_date ASC, E.event_id) ordinal,
         OP.observation_period_start_date as op_start_date, OP.observation_period_end_date as op_end_date, cast(E.visit_occurrence_id as bigint) as visit_occurrence_id
  FROM 
  (
  -- Begin Drug Exposure Criteria
select C.person_id, C.drug_exposure_id as event_id, C.start_date, C.end_date,
  C.visit_occurrence_id,C.start_date as sort_date
from 
(
  select de.person_id,de.drug_exposure_id,de.drug_concept_id,de.visit_occurrence_id,days_supply,quantity,refills,de.drug_exposure_start_date as start_date, COALESCE(de.drug_exposure_end_date, DATEADD(day,de.days_supply,de.drug_exposure_start_date), DATEADD(day,1,de.drug_exposure_start_date)) as end_date , row_number() over (PARTITION BY de.person_id ORDER BY de.drug_exposure_start_date, de.drug_exposure_id) as ordinal
  FROM @cdm_database_schema.DRUG_EXPOSURE de
JOIN #Codesets cs on (de.drug_concept_id = cs.concept_id and cs.codeset_id = 1)
) C

WHERE C.ordinal = 1
-- End Drug Exposure Criteria

  ) E
	JOIN @cdm_database_schema.observation_period OP on E.person_id = OP.person_id and E.start_date >=  OP.observation_period_start_date and E.start_date <= op.observation_period_end_date
  WHERE DATEADD(day,365,OP.OBSERVATION_PERIOD_START_DATE) <= E.START_DATE AND DATEADD(day,0,E.START_DATE) <= OP.OBSERVATION_PERIOD_END_DATE
) P
WHERE P.ordinal = 1
-- End Primary Events
) P
JOIN (
  -- Begin Condition Occurrence Criteria
SELECT C.person_id, C.condition_occurrence_id as event_id, C.start_date, C.end_date,
  C.visit_occurrence_id, C.start_date as sort_date
FROM 
(
  SELECT co.person_id,co.condition_occurrence_id,co.condition_concept_id,co.visit_occurrence_id,co.condition_start_date as start_date, COALESCE(co.condition_end_date, DATEADD(day,1,co.condition_start_date)) as end_date 
  FROM @cdm_database_schema.CONDITION_OCCURRENCE co
  JOIN #Codesets cs on (co.condition_concept_id = cs.concept_id and cs.codeset_id = 12)
) C


-- End Condition Occurrence Criteria

) A on A.person_id = P.person_id  AND A.START_DATE <= DATEADD(day,0,P.START_DATE) ) cc 
GROUP BY cc.person_id, cc.event_id
HAVING COUNT(cc.event_id) >= 1
-- End Correlated Criteria

UNION ALL
-- Begin Correlated Criteria
select 1 as index_id, p.person_id, p.event_id
from (-- Begin Primary Events
select P.ordinal as event_id, P.person_id, P.start_date, P.end_date, op_start_date, op_end_date, cast(P.visit_occurrence_id as bigint) as visit_occurrence_id
FROM
(
  select E.person_id, E.start_date, E.end_date,
         row_number() OVER (PARTITION BY E.person_id ORDER BY E.sort_date ASC, E.event_id) ordinal,
         OP.observation_period_start_date as op_start_date, OP.observation_period_end_date as op_end_date, cast(E.visit_occurrence_id as bigint) as visit_occurrence_id
  FROM 
  (
  -- Begin Drug Exposure Criteria
select C.person_id, C.drug_exposure_id as event_id, C.start_date, C.end_date,
  C.visit_occurrence_id,C.start_date as sort_date
from 
(
  select de.person_id,de.drug_exposure_id,de.drug_concept_id,de.visit_occurrence_id,days_supply,quantity,refills,de.drug_exposure_start_date as start_date, COALESCE(de.drug_exposure_end_date, DATEADD(day,de.days_supply,de.drug_exposure_start_date), DATEADD(day,1,de.drug_exposure_start_date)) as end_date , row_number() over (PARTITION BY de.person_id ORDER BY de.drug_exposure_start_date, de.drug_exposure_id) as ordinal
  FROM @cdm_database_schema.DRUG_EXPOSURE de
JOIN #Codesets cs on (de.drug_concept_id = cs.concept_id and cs.codeset_id = 1)
) C

WHERE C.ordinal = 1
-- End Drug Exposure Criteria

  ) E
	JOIN @cdm_database_schema.observation_period OP on E.person_id = OP.person_id and E.start_date >=  OP.observation_period_start_date and E.start_date <= op.observation_period_end_date
  WHERE DATEADD(day,365,OP.OBSERVATION_PERIOD_START_DATE) <= E.START_DATE AND DATEADD(day,0,E.START_DATE) <= OP.OBSERVATION_PERIOD_END_DATE
) P
WHERE P.ordinal = 1
-- End Primary Events
) p
LEFT JOIN (
SELECT p.person_id, p.event_id 
FROM (-- Begin Primary Events
select P.ordinal as event_id, P.person_id, P.start_date, P.end_date, op_start_date, op_end_date, cast(P.visit_occurrence_id as bigint) as visit_occurrence_id
FROM
(
  select E.person_id, E.start_date, E.end_date,
         row_number() OVER (PARTITION BY E.person_id ORDER BY E.sort_date ASC, E.event_id) ordinal,
         OP.observation_period_start_date as op_start_date, OP.observation_period_end_date as op_end_date, cast(E.visit_occurrence_id as bigint) as visit_occurrence_id
  FROM 
  (
  -- Begin Drug Exposure Criteria
select C.person_id, C.drug_exposure_id as event_id, C.start_date, C.end_date,
  C.visit_occurrence_id,C.start_date as sort_date
from 
(
  select de.person_id,de.drug_exposure_id,de.drug_concept_id,de.visit_occurrence_id,days_supply,quantity,refills,de.drug_exposure_start_date as start_date, COALESCE(de.drug_exposure_end_date, DATEADD(day,de.days_supply,de.drug_exposure_start_date), DATEADD(day,1,de.drug_exposure_start_date)) as end_date , row_number() over (PARTITION BY de.person_id ORDER BY de.drug_exposure_start_date, de.drug_exposure_id) as ordinal
  FROM @cdm_database_schema.DRUG_EXPOSURE de
JOIN #Codesets cs on (de.drug_concept_id = cs.concept_id and cs.codeset_id = 1)
) C

WHERE C.ordinal = 1
-- End Drug Exposure Criteria

  ) E
	JOIN @cdm_database_schema.observation_period OP on E.person_id = OP.person_id and E.start_date >=  OP.observation_period_start_date and E.start_date <= op.observation_period_end_date
  WHERE DATEADD(day,365,OP.OBSERVATION_PERIOD_START_DATE) <= E.START_DATE AND DATEADD(day,0,E.START_DATE) <= OP.OBSERVATION_PERIOD_END_DATE
) P
WHERE P.ordinal = 1
-- End Primary Events
) P
JOIN (
  -- Begin Condition Occurrence Criteria
SELECT C.person_id, C.condition_occurrence_id as event_id, C.start_date, C.end_date,
  C.visit_occurrence_id, C.start_date as sort_date
FROM 
(
  SELECT co.person_id,co.condition_occurrence_id,co.condition_concept_id,co.visit_occurrence_id,co.condition_start_date as start_date, COALESCE(co.condition_end_date, DATEADD(day,1,co.condition_start_date)) as end_date 
  FROM @cdm_database_schema.CONDITION_OCCURRENCE co
  JOIN #Codesets cs on (co.condition_concept_id = cs.concept_id and cs.codeset_id = 11)
) C


-- End Condition Occurrence Criteria

) A on A.person_id = P.person_id  AND A.START_DATE <= DATEADD(day,0,P.START_DATE) ) cc on p.person_id = cc.person_id and p.event_id = cc.event_id
GROUP BY p.person_id, p.event_id
HAVING COUNT(cc.event_id) = 0
-- End Correlated Criteria

UNION ALL
-- Begin Correlated Criteria
select 2 as index_id, p.person_id, p.event_id
from (-- Begin Primary Events
select P.ordinal as event_id, P.person_id, P.start_date, P.end_date, op_start_date, op_end_date, cast(P.visit_occurrence_id as bigint) as visit_occurrence_id
FROM
(
  select E.person_id, E.start_date, E.end_date,
         row_number() OVER (PARTITION BY E.person_id ORDER BY E.sort_date ASC, E.event_id) ordinal,
         OP.observation_period_start_date as op_start_date, OP.observation_period_end_date as op_end_date, cast(E.visit_occurrence_id as bigint) as visit_occurrence_id
  FROM 
  (
  -- Begin Drug Exposure Criteria
select C.person_id, C.drug_exposure_id as event_id, C.start_date, C.end_date,
  C.visit_occurrence_id,C.start_date as sort_date
from 
(
  select de.person_id,de.drug_exposure_id,de.drug_concept_id,de.visit_occurrence_id,days_supply,quantity,refills,de.drug_exposure_start_date as start_date, COALESCE(de.drug_exposure_end_date, DATEADD(day,de.days_supply,de.drug_exposure_start_date), DATEADD(day,1,de.drug_exposure_start_date)) as end_date , row_number() over (PARTITION BY de.person_id ORDER BY de.drug_exposure_start_date, de.drug_exposure_id) as ordinal
  FROM @cdm_database_schema.DRUG_EXPOSURE de
JOIN #Codesets cs on (de.drug_concept_id = cs.concept_id and cs.codeset_id = 1)
) C

WHERE C.ordinal = 1
-- End Drug Exposure Criteria

  ) E
	JOIN @cdm_database_schema.observation_period OP on E.person_id = OP.person_id and E.start_date >=  OP.observation_period_start_date and E.start_date <= op.observation_period_end_date
  WHERE DATEADD(day,365,OP.OBSERVATION_PERIOD_START_DATE) <= E.START_DATE AND DATEADD(day,0,E.START_DATE) <= OP.OBSERVATION_PERIOD_END_DATE
) P
WHERE P.ordinal = 1
-- End Primary Events
) p
LEFT JOIN (
SELECT p.person_id, p.event_id 
FROM (-- Begin Primary Events
select P.ordinal as event_id, P.person_id, P.start_date, P.end_date, op_start_date, op_end_date, cast(P.visit_occurrence_id as bigint) as visit_occurrence_id
FROM
(
  select E.person_id, E.start_date, E.end_date,
         row_number() OVER (PARTITION BY E.person_id ORDER BY E.sort_date ASC, E.event_id) ordinal,
         OP.observation_period_start_date as op_start_date, OP.observation_period_end_date as op_end_date, cast(E.visit_occurrence_id as bigint) as visit_occurrence_id
  FROM 
  (
  -- Begin Drug Exposure Criteria
select C.person_id, C.drug_exposure_id as event_id, C.start_date, C.end_date,
  C.visit_occurrence_id,C.start_date as sort_date
from 
(
  select de.person_id,de.drug_exposure_id,de.drug_concept_id,de.visit_occurrence_id,days_supply,quantity,refills,de.drug_exposure_start_date as start_date, COALESCE(de.drug_exposure_end_date, DATEADD(day,de.days_supply,de.drug_exposure_start_date), DATEADD(day,1,de.drug_exposure_start_date)) as end_date , row_number() over (PARTITION BY de.person_id ORDER BY de.drug_exposure_start_date, de.drug_exposure_id) as ordinal
  FROM @cdm_database_schema.DRUG_EXPOSURE de
JOIN #Codesets cs on (de.drug_concept_id = cs.concept_id and cs.codeset_id = 1)
) C

WHERE C.ordinal = 1
-- End Drug Exposure Criteria

  ) E
	JOIN @cdm_database_schema.observation_period OP on E.person_id = OP.person_id and E.start_date >=  OP.observation_period_start_date and E.start_date <= op.observation_period_end_date
  WHERE DATEADD(day,365,OP.OBSERVATION_PERIOD_START_DATE) <= E.START_DATE AND DATEADD(day,0,E.START_DATE) <= OP.OBSERVATION_PERIOD_END_DATE
) P
WHERE P.ordinal = 1
-- End Primary Events
) P
JOIN (
  -- Begin Condition Occurrence Criteria
SELECT C.person_id, C.condition_occurrence_id as event_id, C.start_date, C.end_date,
  C.visit_occurrence_id, C.start_date as sort_date
FROM 
(
  SELECT co.person_id,co.condition_occurrence_id,co.condition_concept_id,co.visit_occurrence_id,co.condition_start_date as start_date, COALESCE(co.condition_end_date, DATEADD(day,1,co.condition_start_date)) as end_date 
  FROM @cdm_database_schema.CONDITION_OCCURRENCE co
  JOIN #Codesets cs on (co.condition_concept_id = cs.concept_id and cs.codeset_id = 10)
) C


-- End Condition Occurrence Criteria

) A on A.person_id = P.person_id  AND A.START_DATE <= DATEADD(day,0,P.START_DATE) ) cc on p.person_id = cc.person_id and p.event_id = cc.event_id
GROUP BY p.person_id, p.event_id
HAVING COUNT(cc.event_id) = 0
-- End Correlated Criteria

UNION ALL
-- Begin Demographic Criteria
SELECT 3 as index_id, e.person_id, e.event_id
FROM (-- Begin Primary Events
select P.ordinal as event_id, P.person_id, P.start_date, P.end_date, op_start_date, op_end_date, cast(P.visit_occurrence_id as bigint) as visit_occurrence_id
FROM
(
  select E.person_id, E.start_date, E.end_date,
         row_number() OVER (PARTITION BY E.person_id ORDER BY E.sort_date ASC, E.event_id) ordinal,
         OP.observation_period_start_date as op_start_date, OP.observation_period_end_date as op_end_date, cast(E.visit_occurrence_id as bigint) as visit_occurrence_id
  FROM 
  (
  -- Begin Drug Exposure Criteria
select C.person_id, C.drug_exposure_id as event_id, C.start_date, C.end_date,
  C.visit_occurrence_id,C.start_date as sort_date
from 
(
  select de.person_id,de.drug_exposure_id,de.drug_concept_id,de.visit_occurrence_id,days_supply,quantity,refills,de.drug_exposure_start_date as start_date, COALESCE(de.drug_exposure_end_date, DATEADD(day,de.days_supply,de.drug_exposure_start_date), DATEADD(day,1,de.drug_exposure_start_date)) as end_date , row_number() over (PARTITION BY de.person_id ORDER BY de.drug_exposure_start_date, de.drug_exposure_id) as ordinal
  FROM @cdm_database_schema.DRUG_EXPOSURE de
JOIN #Codesets cs on (de.drug_concept_id = cs.concept_id and cs.codeset_id = 1)
) C

WHERE C.ordinal = 1
-- End Drug Exposure Criteria

  ) E
	JOIN @cdm_database_schema.observation_period OP on E.person_id = OP.person_id and E.start_date >=  OP.observation_period_start_date and E.start_date <= op.observation_period_end_date
  WHERE DATEADD(day,365,OP.OBSERVATION_PERIOD_START_DATE) <= E.START_DATE AND DATEADD(day,0,E.START_DATE) <= OP.OBSERVATION_PERIOD_END_DATE
) P
WHERE P.ordinal = 1
-- End Primary Events
) E
JOIN @cdm_database_schema.PERSON P ON P.PERSON_ID = E.PERSON_ID
WHERE YEAR(E.start_date) - P.year_of_birth >= 18
GROUP BY e.person_id, e.event_id
-- End Demographic Criteria

  ) CQ on E.person_id = CQ.person_id and E.event_id = CQ.event_id
  GROUP BY E.person_id, E.event_id
  HAVING COUNT(index_id) = 4
) G
-- End Criteria Group
) AC on AC.person_id = pe.person_id and AC.event_id = pe.event_id

) QE
WHERE QE.ordinal = 1
;

--- Inclusion Rule Inserts

select 0 as inclusion_rule_id, person_id, event_id
INTO #Inclusion_0
FROM 
(
  select pe.person_id, pe.event_id
  FROM #qualified_events pe
  
JOIN (
-- Begin Criteria Group
select 0 as index_id, person_id, event_id
FROM
(
  select E.person_id, E.event_id 
  FROM #qualified_events E
  INNER JOIN
  (
    -- Begin Correlated Criteria
select 0 as index_id, cc.person_id, cc.event_id
from (SELECT p.person_id, p.event_id 
FROM #qualified_events P
JOIN (
  -- Begin Drug Era Criteria
select C.person_id, C.drug_era_id as event_id, C.start_date, C.end_date,
    CAST(NULL as bigint) as visit_occurrence_id,C.start_date as sort_date
from 
(
  select de.person_id,de.drug_era_id,de.drug_concept_id,de.drug_exposure_count,de.gap_days,de.drug_era_start_date as start_date, de.drug_era_end_date as end_date 
  FROM @cdm_database_schema.DRUG_ERA de
where de.drug_concept_id in (SELECT concept_id from  #Codesets where codeset_id = 7)
) C

WHERE DATEDIFF(d,C.start_date, C.end_date) >= 90
-- End Drug Era Criteria

) A on A.person_id = P.person_id  AND A.START_DATE <= DATEADD(day,-90,P.START_DATE) ) cc 
GROUP BY cc.person_id, cc.event_id
HAVING COUNT(cc.event_id) >= 1
-- End Correlated Criteria

UNION ALL
-- Begin Correlated Criteria
select 1 as index_id, cc.person_id, cc.event_id
from (SELECT p.person_id, p.event_id 
FROM #qualified_events P
JOIN (
  -- Begin Drug Exposure Criteria
select C.person_id, C.drug_exposure_id as event_id, C.start_date, C.end_date,
  C.visit_occurrence_id,C.start_date as sort_date
from 
(
  select de.person_id,de.drug_exposure_id,de.drug_concept_id,de.visit_occurrence_id,days_supply,quantity,refills,de.drug_exposure_start_date as start_date, COALESCE(de.drug_exposure_end_date, DATEADD(day,de.days_supply,de.drug_exposure_start_date), DATEADD(day,1,de.drug_exposure_start_date)) as end_date 
  FROM @cdm_database_schema.DRUG_EXPOSURE de
JOIN #Codesets cs on (de.drug_concept_id = cs.concept_id and cs.codeset_id = 7)
) C


-- End Drug Exposure Criteria

) A on A.person_id = P.person_id  AND A.START_DATE <= DATEADD(day,0,P.START_DATE) ) cc 
GROUP BY cc.person_id, cc.event_id
HAVING COUNT(cc.event_id) >= 3
-- End Correlated Criteria

  ) CQ on E.person_id = CQ.person_id and E.event_id = CQ.event_id
  GROUP BY E.person_id, E.event_id
  HAVING COUNT(index_id) > 0
) G
-- End Criteria Group
) AC on AC.person_id = pe.person_id AND AC.event_id = pe.event_id
) Results
;

select 1 as inclusion_rule_id, person_id, event_id
INTO #Inclusion_1
FROM 
(
  select pe.person_id, pe.event_id
  FROM #qualified_events pe
  
JOIN (
-- Begin Criteria Group
select 0 as index_id, person_id, event_id
FROM
(
  select E.person_id, E.event_id 
  FROM #qualified_events E
  INNER JOIN
  (
    -- Begin Correlated Criteria
select 0 as index_id, p.person_id, p.event_id
from #qualified_events p
LEFT JOIN (
SELECT p.person_id, p.event_id 
FROM #qualified_events P
JOIN (
  -- Begin Condition Occurrence Criteria
SELECT C.person_id, C.condition_occurrence_id as event_id, C.start_date, C.end_date,
  C.visit_occurrence_id, C.start_date as sort_date
FROM 
(
  SELECT co.person_id,co.condition_occurrence_id,co.condition_concept_id,co.visit_occurrence_id,co.condition_start_date as start_date, COALESCE(co.condition_end_date, DATEADD(day,1,co.condition_start_date)) as end_date 
  FROM @cdm_database_schema.CONDITION_OCCURRENCE co
  JOIN #Codesets cs on (co.condition_concept_id = cs.concept_id and cs.codeset_id = 17)
) C


-- End Condition Occurrence Criteria

) A on A.person_id = P.person_id  AND A.START_DATE <= DATEADD(day,0,P.START_DATE) ) cc on p.person_id = cc.person_id and p.event_id = cc.event_id
GROUP BY p.person_id, p.event_id
HAVING COUNT(cc.event_id) = 0
-- End Correlated Criteria

  ) CQ on E.person_id = CQ.person_id and E.event_id = CQ.event_id
  GROUP BY E.person_id, E.event_id
  HAVING COUNT(index_id) = 1
) G
-- End Criteria Group
) AC on AC.person_id = pe.person_id AND AC.event_id = pe.event_id
) Results
;

SELECT inclusion_rule_id, person_id, event_id
INTO #inclusion_events
FROM (select inclusion_rule_id, person_id, event_id from #Inclusion_0
UNION ALL
select inclusion_rule_id, person_id, event_id from #Inclusion_1) I;
TRUNCATE TABLE #Inclusion_0;
DROP TABLE #Inclusion_0;

TRUNCATE TABLE #Inclusion_1;
DROP TABLE #Inclusion_1;


select event_id, person_id, start_date, end_date, op_start_date, op_end_date
into #included_events
FROM (
  SELECT event_id, person_id, start_date, end_date, op_start_date, op_end_date, row_number() over (partition by person_id order by start_date ASC) as ordinal
  from
  (
    select Q.event_id, Q.person_id, Q.start_date, Q.end_date, Q.op_start_date, Q.op_end_date, SUM(coalesce(POWER(cast(2 as bigint), I.inclusion_rule_id), 0)) as inclusion_rule_mask
    from #qualified_events Q
    LEFT JOIN #inclusion_events I on I.person_id = Q.person_id and I.event_id = Q.event_id
    GROUP BY Q.event_id, Q.person_id, Q.start_date, Q.end_date, Q.op_start_date, Q.op_end_date
  ) MG -- matching groups

  -- the matching group with all bits set ( POWER(2,# of inclusion rules) - 1 = inclusion_rule_mask
  WHERE (MG.inclusion_rule_mask = POWER(cast(2 as bigint),2)-1)

) Results
WHERE Results.ordinal = 1
;

-- custom era strategy

with ctePersons(person_id) as (
	select distinct person_id from #included_events
)

select person_id, drug_exposure_start_date, drug_exposure_end_date
INTO #drugTarget
FROM (
	select de.PERSON_ID, DRUG_EXPOSURE_START_DATE, COALESCE(DRUG_EXPOSURE_END_DATE, DATEADD(day,DAYS_SUPPLY,DRUG_EXPOSURE_START_DATE), DATEADD(day,1,DRUG_EXPOSURE_START_DATE)) as DRUG_EXPOSURE_END_DATE 
	FROM @cdm_database_schema.DRUG_EXPOSURE de
	JOIN ctePersons p on de.person_id = p.person_id
	JOIN #Codesets cs on cs.codeset_id = 1 AND de.drug_concept_id = cs.concept_id

	UNION ALL

	select de.PERSON_ID, DRUG_EXPOSURE_START_DATE, COALESCE(DRUG_EXPOSURE_END_DATE, DATEADD(day,DAYS_SUPPLY,DRUG_EXPOSURE_START_DATE), DATEADD(day,1,DRUG_EXPOSURE_START_DATE)) as DRUG_EXPOSURE_END_DATE 
	FROM @cdm_database_schema.DRUG_EXPOSURE de
	JOIN ctePersons p on de.person_id = p.person_id
	JOIN #Codesets cs on cs.codeset_id = 1 AND de.drug_source_concept_id = cs.concept_id
) E
;

select et.event_id, et.person_id, ERAS.era_end_date as end_date
INTO #strategy_ends
from #included_events et
JOIN 
(
  select ENDS.person_id, min(drug_exposure_start_date) as era_start_date, DATEADD(day,0, ENDS.era_end_date) as era_end_date
  from
  (
    select de.person_id, de.drug_exposure_start_date, MIN(e.END_DATE) as era_end_date
    FROM #drugTarget DE
    JOIN 
    (
      --cteEndDates
      select PERSON_ID, DATEADD(day,-1 * 30,EVENT_DATE) as END_DATE -- unpad the end date by 30
      FROM
      (
				select PERSON_ID, EVENT_DATE, EVENT_TYPE, 
				MAX(START_ORDINAL) OVER (PARTITION BY PERSON_ID ORDER BY event_date, event_type, START_ORDINAL ROWS UNBOUNDED PRECEDING) AS start_ordinal,
				ROW_NUMBER() OVER (PARTITION BY PERSON_ID ORDER BY EVENT_DATE, EVENT_TYPE, START_ORDINAL) AS OVERALL_ORD -- this re-numbers the inner UNION so all rows are numbered ordered by the event date
				from
				(
					-- select the start dates, assigning a row number to each
					Select PERSON_ID, DRUG_EXPOSURE_START_DATE AS EVENT_DATE, 0 as EVENT_TYPE, ROW_NUMBER() OVER (PARTITION BY PERSON_ID ORDER BY DRUG_EXPOSURE_START_DATE) as START_ORDINAL
					from #drugTarget D

					UNION ALL

					-- add the end dates with NULL as the row number, padding the end dates by 30 to allow a grace period for overlapping ranges.
					select PERSON_ID, DATEADD(day,30,DRUG_EXPOSURE_END_DATE), 1 as EVENT_TYPE, NULL
					FROM #drugTarget D
				) RAWDATA
      ) E
      WHERE 2 * E.START_ORDINAL - E.OVERALL_ORD = 0
    ) E on DE.PERSON_ID = E.PERSON_ID and E.END_DATE >= DE.DRUG_EXPOSURE_START_DATE
    GROUP BY de.person_id, de.drug_exposure_start_date
  ) ENDS
  GROUP BY ENDS.person_id, ENDS.era_end_date
) ERAS on ERAS.person_id = et.person_id 
WHERE et.start_date between ERAS.era_start_date and ERAS.era_end_date;

TRUNCATE TABLE #drugTarget;
DROP TABLE #drugTarget;


-- generate cohort periods into #final_cohort
select person_id, start_date, end_date
INTO #cohort_rows
from ( -- first_ends
	select F.person_id, F.start_date, F.end_date
	FROM (
	  select I.event_id, I.person_id, I.start_date, CE.end_date, row_number() over (partition by I.person_id, I.event_id order by CE.end_date) as ordinal
	  from #included_events I
	  join ( -- cohort_ends
-- cohort exit dates
-- By default, cohort exit at the event's op end date
select event_id, person_id, op_end_date as end_date from #included_events
UNION ALL
-- End Date Strategy
SELECT event_id, person_id, end_date from #strategy_ends

    ) CE on I.event_id = CE.event_id and I.person_id = CE.person_id and CE.end_date >= I.start_date
	) F
	WHERE F.ordinal = 1
) FE;

select person_id, min(start_date) as start_date, end_date
into #final_cohort
from ( --cteEnds
	SELECT
		 c.person_id
		, c.start_date
		, MIN(ed.end_date) AS end_date
	FROM #cohort_rows c
	JOIN ( -- cteEndDates
    SELECT
      person_id
      , DATEADD(day,-1 * 0, event_date)  as end_date
    FROM
    (
      SELECT
        person_id
        , event_date
        , event_type
        , SUM(event_type) OVER (PARTITION BY person_id ORDER BY event_date, event_type ROWS UNBOUNDED PRECEDING) AS interval_status
      FROM
      (
        SELECT
          person_id
          , start_date AS event_date
          , -1 AS event_type
        FROM #cohort_rows

        UNION ALL


        SELECT
          person_id
          , DATEADD(day,0,end_date) as end_date
          , 1 AS event_type
        FROM #cohort_rows
      ) RAWDATA
    ) e
    WHERE interval_status = 0
  ) ed ON c.person_id = ed.person_id AND ed.end_date >= c.start_date
	GROUP BY c.person_id, c.start_date
) e
group by person_id, end_date
;

DELETE FROM @target_database_schema.@target_cohort_table where cohort_definition_id = @target_cohort_id;
INSERT INTO @target_database_schema.@target_cohort_table (cohort_definition_id, subject_id, cohort_start_date, cohort_end_date)
select @target_cohort_id as cohort_definition_id, person_id, start_date, end_date 
FROM #final_cohort CO
;


-- BEGIN: Censored Stats

delete from @results_database_schema.cohort_censor_stats where cohort_definition_id = @target_cohort_id;

-- END: Censored Stats



-- Create a temp table of inclusion rule rows for joining in the inclusion rule impact analysis

select cast(rule_sequence as int) as rule_sequence
into #inclusion_rules
from (
  SELECT CAST(0 as int) as rule_sequence UNION ALL SELECT CAST(1 as int) as rule_sequence
) IR;


-- Find the event that is the 'best match' per person.  
-- the 'best match' is defined as the event that satisfies the most inclusion rules.
-- ties are solved by choosing the event that matches the earliest inclusion rule, and then earliest.

select q.person_id, q.event_id
into #best_events
from #qualified_events Q
join (
	SELECT R.person_id, R.event_id, ROW_NUMBER() OVER (PARTITION BY R.person_id ORDER BY R.rule_count DESC,R.min_rule_id ASC, R.start_date ASC) AS rank_value
	FROM (
		SELECT Q.person_id, Q.event_id, COALESCE(COUNT(DISTINCT I.inclusion_rule_id), 0) AS rule_count, COALESCE(MIN(I.inclusion_rule_id), 0) AS min_rule_id, Q.start_date
		FROM #qualified_events Q
		LEFT JOIN #inclusion_events I ON q.person_id = i.person_id AND q.event_id = i.event_id
		GROUP BY Q.person_id, Q.event_id, Q.start_date
	) R
) ranked on Q.person_id = ranked.person_id and Q.event_id = ranked.event_id
WHERE ranked.rank_value = 1
;

-- modes of generation: (the same tables store the results for the different modes, identified by the mode_id column)
-- 0: all events
-- 1: best event


-- BEGIN: Inclusion Impact Analysis - event
-- calculte matching group counts
delete from @results_database_schema.cohort_inclusion_result where cohort_definition_id = @target_cohort_id and mode_id = 0;
insert into @results_database_schema.cohort_inclusion_result (cohort_definition_id, inclusion_rule_mask, person_count, mode_id)
select @target_cohort_id as cohort_definition_id, inclusion_rule_mask, count_big(*) as person_count, 0 as mode_id
from
(
  select Q.person_id, Q.event_id, CAST(SUM(coalesce(POWER(cast(2 as bigint), I.inclusion_rule_id), 0)) AS bigint) as inclusion_rule_mask
  from #qualified_events Q
  LEFT JOIN #inclusion_events I on q.person_id = i.person_id and q.event_id = i.event_id
  GROUP BY Q.person_id, Q.event_id
) MG -- matching groups
group by inclusion_rule_mask
;

-- calculate gain counts 
delete from @results_database_schema.cohort_inclusion_stats where cohort_definition_id = @target_cohort_id and mode_id = 0;
insert into @results_database_schema.cohort_inclusion_stats (cohort_definition_id, rule_sequence, person_count, gain_count, person_total, mode_id)
select @target_cohort_id as cohort_definition_id, ir.rule_sequence, coalesce(T.person_count, 0) as person_count, coalesce(SR.person_count, 0) gain_count, EventTotal.total, 0 as mode_id
from #inclusion_rules ir
left join
(
  select i.inclusion_rule_id, count_big(i.event_id) as person_count
  from #qualified_events Q
  JOIN #inclusion_events i on Q.person_id = I.person_id and Q.event_id = i.event_id
  group by i.inclusion_rule_id
) T on ir.rule_sequence = T.inclusion_rule_id
CROSS JOIN (select count(*) as total_rules from #inclusion_rules) RuleTotal
CROSS JOIN (select count_big(event_id) as total from #qualified_events) EventTotal
LEFT JOIN @results_database_schema.cohort_inclusion_result SR on SR.mode_id = 0 AND SR.cohort_definition_id = @target_cohort_id AND (POWER(cast(2 as bigint),RuleTotal.total_rules) - POWER(cast(2 as bigint),ir.rule_sequence) - 1) = SR.inclusion_rule_mask -- POWER(2,rule count) - POWER(2,rule sequence) - 1 is the mask for 'all except this rule'
;

-- calculate totals
delete from @results_database_schema.cohort_summary_stats where cohort_definition_id = @target_cohort_id and mode_id = 0;
insert into @results_database_schema.cohort_summary_stats (cohort_definition_id, base_count, final_count, mode_id)
select @target_cohort_id as cohort_definition_id, PC.total as person_count, coalesce(FC.total, 0) as final_count, 0 as mode_id
FROM
(select count_big(event_id) as total from #qualified_events) PC,
(select sum(sr.person_count) as total
  from @results_database_schema.cohort_inclusion_result sr
  CROSS JOIN (select count(*) as total_rules from #inclusion_rules) RuleTotal
  where sr.mode_id = 0 and sr.cohort_definition_id = @target_cohort_id and sr.inclusion_rule_mask = POWER(cast(2 as bigint),RuleTotal.total_rules)-1
) FC
;

-- END: Inclusion Impact Analysis - event

-- BEGIN: Inclusion Impact Analysis - person
-- calculte matching group counts
delete from @results_database_schema.cohort_inclusion_result where cohort_definition_id = @target_cohort_id and mode_id = 1;
insert into @results_database_schema.cohort_inclusion_result (cohort_definition_id, inclusion_rule_mask, person_count, mode_id)
select @target_cohort_id as cohort_definition_id, inclusion_rule_mask, count_big(*) as person_count, 1 as mode_id
from
(
  select Q.person_id, Q.event_id, CAST(SUM(coalesce(POWER(cast(2 as bigint), I.inclusion_rule_id), 0)) AS bigint) as inclusion_rule_mask
  from #best_events Q
  LEFT JOIN #inclusion_events I on q.person_id = i.person_id and q.event_id = i.event_id
  GROUP BY Q.person_id, Q.event_id
) MG -- matching groups
group by inclusion_rule_mask
;

-- calculate gain counts 
delete from @results_database_schema.cohort_inclusion_stats where cohort_definition_id = @target_cohort_id and mode_id = 1;
insert into @results_database_schema.cohort_inclusion_stats (cohort_definition_id, rule_sequence, person_count, gain_count, person_total, mode_id)
select @target_cohort_id as cohort_definition_id, ir.rule_sequence, coalesce(T.person_count, 0) as person_count, coalesce(SR.person_count, 0) gain_count, EventTotal.total, 1 as mode_id
from #inclusion_rules ir
left join
(
  select i.inclusion_rule_id, count_big(i.event_id) as person_count
  from #best_events Q
  JOIN #inclusion_events i on Q.person_id = I.person_id and Q.event_id = i.event_id
  group by i.inclusion_rule_id
) T on ir.rule_sequence = T.inclusion_rule_id
CROSS JOIN (select count(*) as total_rules from #inclusion_rules) RuleTotal
CROSS JOIN (select count_big(event_id) as total from #best_events) EventTotal
LEFT JOIN @results_database_schema.cohort_inclusion_result SR on SR.mode_id = 1 AND SR.cohort_definition_id = @target_cohort_id AND (POWER(cast(2 as bigint),RuleTotal.total_rules) - POWER(cast(2 as bigint),ir.rule_sequence) - 1) = SR.inclusion_rule_mask -- POWER(2,rule count) - POWER(2,rule sequence) - 1 is the mask for 'all except this rule'
;

-- calculate totals
delete from @results_database_schema.cohort_summary_stats where cohort_definition_id = @target_cohort_id and mode_id = 1;
insert into @results_database_schema.cohort_summary_stats (cohort_definition_id, base_count, final_count, mode_id)
select @target_cohort_id as cohort_definition_id, PC.total as person_count, coalesce(FC.total, 0) as final_count, 1 as mode_id
FROM
(select count_big(event_id) as total from #best_events) PC,
(select sum(sr.person_count) as total
  from @results_database_schema.cohort_inclusion_result sr
  CROSS JOIN (select count(*) as total_rules from #inclusion_rules) RuleTotal
  where sr.mode_id = 1 and sr.cohort_definition_id = @target_cohort_id and sr.inclusion_rule_mask = POWER(cast(2 as bigint),RuleTotal.total_rules)-1
) FC
;

-- END: Inclusion Impact Analysis - person

TRUNCATE TABLE #best_events;
DROP TABLE #best_events;

TRUNCATE TABLE #inclusion_rules;
DROP TABLE #inclusion_rules;


TRUNCATE TABLE #strategy_ends;
DROP TABLE #strategy_ends;


TRUNCATE TABLE #cohort_rows;
DROP TABLE #cohort_rows;

TRUNCATE TABLE #final_cohort;
DROP TABLE #final_cohort;

TRUNCATE TABLE #inclusion_events;
DROP TABLE #inclusion_events;

TRUNCATE TABLE #qualified_events;
DROP TABLE #qualified_events;

TRUNCATE TABLE #included_events;
DROP TABLE #included_events;

TRUNCATE TABLE #Codesets;
DROP TABLE #Codesets;
","{
	""cdmVersionRange"" : "">=5.0.0"",
	""PrimaryCriteria"" : {
		""CriteriaList"" : [
			{
				""DrugExposure"" : {
					""CodesetId"" : 1,
					""First"" : true,
					""DrugTypeExclude"" : false
				}
			}
		],
		""ObservationWindow"" : {
			""PriorDays"" : 365,
			""PostDays"" : 0
		},
		""PrimaryCriteriaLimit"" : {
			""Type"" : ""First""
		}
	},
	""AdditionalCriteria"" : {
		""Type"" : ""ALL"",
		""CriteriaList"" : [
			{
				""Criteria"" : {
					""ConditionOccurrence"" : {
						""CodesetId"" : 12
					}
				},
				""StartWindow"" : {
					""Start"" : {
						""Coeff"" : -1
					},
					""End"" : {
						""Days"" : 0,
						""Coeff"" : 1
					},
					""UseIndexEnd"" : false,
					""UseEventEnd"" : false
				},
				""RestrictVisit"" : false,
				""IgnoreObservationPeriod"" : true,
				""Occurrence"" : {
					""Type"" : 2,
					""Count"" : 1,
					""IsDistinct"" : false
				}
			},
			{
				""Criteria"" : {
					""ConditionOccurrence"" : {
						""CodesetId"" : 11
					}
				},
				""StartWindow"" : {
					""Start"" : {
						""Coeff"" : -1
					},
					""End"" : {
						""Days"" : 0,
						""Coeff"" : 1
					},
					""UseIndexEnd"" : false,
					""UseEventEnd"" : false
				},
				""RestrictVisit"" : false,
				""IgnoreObservationPeriod"" : true,
				""Occurrence"" : {
					""Type"" : 0,
					""Count"" : 0,
					""IsDistinct"" : false
				}
			},
			{
				""Criteria"" : {
					""ConditionOccurrence"" : {
						""CodesetId"" : 10
					}
				},
				""StartWindow"" : {
					""Start"" : {
						""Coeff"" : -1
					},
					""End"" : {
						""Days"" : 0,
						""Coeff"" : 1
					},
					""UseIndexEnd"" : false,
					""UseEventEnd"" : false
				},
				""RestrictVisit"" : false,
				""IgnoreObservationPeriod"" : true,
				""Occurrence"" : {
					""Type"" : 0,
					""Count"" : 0,
					""IsDistinct"" : false
				}
			}
		],
		""DemographicCriteriaList"" : [
			{
				""Age"" : {
					""Value"" : 18,
					""Op"" : ""gte""
				}
			}
		],
		""Groups"" : []
	},
	""ConceptSets"" : [
		{
			""id"" : 1,
			""name"" : ""DPP4 inhibitors"",
			""expression"" : {
				""items"" : [
					{
						""concept"" : {
							""CONCEPT_ID"" : 43013884,
							""CONCEPT_NAME"" : ""alogliptin"",
							""STANDARD_CONCEPT"" : ""S"",
							""STANDARD_CONCEPT_CAPTION"" : ""Standard"",
							""INVALID_REASON"" : ""V"",
							""INVALID_REASON_CAPTION"" : ""Valid"",
							""CONCEPT_CODE"" : ""1368001"",
							""DOMAIN_ID"" : ""Drug"",
							""VOCABULARY_ID"" : ""RxNorm"",
							""CONCEPT_CLASS_ID"" : ""Ingredient""
						},
						""isExcluded"" : false,
						""includeDescendants"" : true,
						""includeMapped"" : false
					},
					{
						""concept"" : {
							""CONCEPT_ID"" : 40239216,
							""CONCEPT_NAME"" : ""Linagliptin"",
							""STANDARD_CONCEPT"" : ""S"",
							""STANDARD_CONCEPT_CAPTION"" : ""Standard"",
							""INVALID_REASON"" : ""V"",
							""INVALID_REASON_CAPTION"" : ""Valid"",
							""CONCEPT_CODE"" : ""1100699"",
							""DOMAIN_ID"" : ""Drug"",
							""VOCABULARY_ID"" : ""RxNorm"",
							""CONCEPT_CLASS_ID"" : ""Ingredient""
						},
						""isExcluded"" : false,
						""includeDescendants"" : true,
						""includeMapped"" : false
					},
					{
						""concept"" : {
							""CONCEPT_ID"" : 40166035,
							""CONCEPT_NAME"" : ""saxagliptin"",
							""STANDARD_CONCEPT"" : ""S"",
							""STANDARD_CONCEPT_CAPTION"" : ""Standard"",
							""INVALID_REASON"" : ""V"",
							""INVALID_REASON_CAPTION"" : ""Valid"",
							""CONCEPT_CODE"" : ""857974"",
							""DOMAIN_ID"" : ""Drug"",
							""VOCABULARY_ID"" : ""RxNorm"",
							""CONCEPT_CLASS_ID"" : ""Ingredient""
						},
						""isExcluded"" : false,
						""includeDescendants"" : true,
						""includeMapped"" : false
					},
					{
						""concept"" : {
							""CONCEPT_ID"" : 1580747,
							""CONCEPT_NAME"" : ""sitagliptin"",
							""STANDARD_CONCEPT"" : ""S"",
							""STANDARD_CONCEPT_CAPTION"" : ""Standard"",
							""INVALID_REASON"" : ""V"",
							""INVALID_REASON_CAPTION"" : ""Valid"",
							""CONCEPT_CODE"" : ""593411"",
							""DOMAIN_ID"" : ""Drug"",
							""VOCABULARY_ID"" : ""RxNorm"",
							""CONCEPT_CLASS_ID"" : ""Ingredient""
						},
						""isExcluded"" : false,
						""includeDescendants"" : true,
						""includeMapped"" : false
					},
					{
						""concept"" : {
							""CONCEPT_ID"" : 19122137,
							""CONCEPT_NAME"" : ""vildagliptin"",
							""STANDARD_CONCEPT"" : ""S"",
							""STANDARD_CONCEPT_CAPTION"" : ""Standard"",
							""INVALID_REASON"" : ""V"",
							""INVALID_REASON_CAPTION"" : ""Valid"",
							""CONCEPT_CODE"" : ""596554"",
							""DOMAIN_ID"" : ""Drug"",
							""VOCABULARY_ID"" : ""RxNorm"",
							""CONCEPT_CLASS_ID"" : ""Ingredient""
						},
						""isExcluded"" : false,
						""includeDescendants"" : true,
						""includeMapped"" : false
					}
				]
			}
		},
		{
			""id"" : 2,
			""name"" : ""GLP-1 receptor agonists"",
			""expression"" : {
				""items"" : [
					{
						""concept"" : {
							""CONCEPT_ID"" : 45774435,
							""CONCEPT_NAME"" : ""dulaglutide"",
							""STANDARD_CONCEPT"" : ""S"",
							""STANDARD_CONCEPT_CAPTION"" : ""Standard"",
							""INVALID_REASON"" : ""V"",
							""INVALID_REASON_CAPTION"" : ""Valid"",
							""CONCEPT_CODE"" : ""1551291"",
							""DOMAIN_ID"" : ""Drug"",
							""VOCABULARY_ID"" : ""RxNorm"",
							""CONCEPT_CLASS_ID"" : ""Ingredient""
						},
						""isExcluded"" : false,
						""includeDescendants"" : true,
						""includeMapped"" : false
					},
					{
						""concept"" : {
							""CONCEPT_ID"" : 1583722,
							""CONCEPT_NAME"" : ""exenatide"",
							""STANDARD_CONCEPT"" : ""S"",
							""STANDARD_CONCEPT_CAPTION"" : ""Standard"",
							""INVALID_REASON"" : ""V"",
							""INVALID_REASON_CAPTION"" : ""Valid"",
							""CONCEPT_CODE"" : ""60548"",
							""DOMAIN_ID"" : ""Drug"",
							""VOCABULARY_ID"" : ""RxNorm"",
							""CONCEPT_CLASS_ID"" : ""Ingredient""
						},
						""isExcluded"" : false,
						""includeDescendants"" : true,
						""includeMapped"" : false
					},
					{
						""concept"" : {
							""CONCEPT_ID"" : 40170911,
							""CONCEPT_NAME"" : ""liraglutide"",
							""STANDARD_CONCEPT"" : ""S"",
							""STANDARD_CONCEPT_CAPTION"" : ""Standard"",
							""INVALID_REASON"" : ""V"",
							""INVALID_REASON_CAPTION"" : ""Valid"",
							""CONCEPT_CODE"" : ""475968"",
							""DOMAIN_ID"" : ""Drug"",
							""VOCABULARY_ID"" : ""RxNorm"",
							""CONCEPT_CLASS_ID"" : ""Ingredient""
						},
						""isExcluded"" : false,
						""includeDescendants"" : true,
						""includeMapped"" : false
					},
					{
						""concept"" : {
							""CONCEPT_ID"" : 44506754,
							""CONCEPT_NAME"" : ""Lixisenatide"",
							""STANDARD_CONCEPT"" : ""S"",
							""STANDARD_CONCEPT_CAPTION"" : ""Standard"",
							""INVALID_REASON"" : ""V"",
							""INVALID_REASON_CAPTION"" : ""Valid"",
							""CONCEPT_CODE"" : ""1440051"",
							""DOMAIN_ID"" : ""Drug"",
							""VOCABULARY_ID"" : ""RxNorm"",
							""CONCEPT_CLASS_ID"" : ""Ingredient""
						},
						""isExcluded"" : false,
						""includeDescendants"" : true,
						""includeMapped"" : false
					},
					{
						""concept"" : {
							""CONCEPT_ID"" : 44816332,
							""CONCEPT_NAME"" : ""albiglutide"",
							""STANDARD_CONCEPT"" : ""S"",
							""STANDARD_CONCEPT_CAPTION"" : ""Standard"",
							""INVALID_REASON"" : ""V"",
							""INVALID_REASON_CAPTION"" : ""Valid"",
							""CONCEPT_CODE"" : ""1534763"",
							""DOMAIN_ID"" : ""Drug"",
							""VOCABULARY_ID"" : ""RxNorm"",
							""CONCEPT_CLASS_ID"" : ""Ingredient""
						},
						""isExcluded"" : false,
						""includeDescendants"" : true,
						""includeMapped"" : false
					},
					{
						""concept"" : {
							""CONCEPT_ID"" : 793143,
							""CONCEPT_NAME"" : ""semaglutide"",
							""STANDARD_CONCEPT"" : ""S"",
							""STANDARD_CONCEPT_CAPTION"" : ""Standard"",
							""INVALID_REASON"" : ""V"",
							""INVALID_REASON_CAPTION"" : ""Valid"",
							""CONCEPT_CODE"" : ""1991302"",
							""DOMAIN_ID"" : ""Drug"",
							""VOCABULARY_ID"" : ""RxNorm"",
							""CONCEPT_CLASS_ID"" : ""Ingredient""
						},
						""isExcluded"" : false,
						""includeDescendants"" : true,
						""includeMapped"" : false
					}
				]
			}
		},
		{
			""id"" : 7,
			""name"" : ""Metformin"",
			""expression"" : {
				""items"" : [
					{
						""concept"" : {
							""CONCEPT_ID"" : 1503297,
							""CONCEPT_NAME"" : ""Metformin"",
							""STANDARD_CONCEPT"" : ""S"",
							""STANDARD_CONCEPT_CAPTION"" : ""Standard"",
							""INVALID_REASON"" : ""V"",
							""INVALID_REASON_CAPTION"" : ""Valid"",
							""CONCEPT_CODE"" : ""6809"",
							""DOMAIN_ID"" : ""Drug"",
							""VOCABULARY_ID"" : ""RxNorm"",
							""CONCEPT_CLASS_ID"" : ""Ingredient""
						},
						""isExcluded"" : false,
						""includeDescendants"" : true,
						""includeMapped"" : false
					}
				]
			}
		},
		{
			""id"" : 10,
			""name"" : ""Secondary diabetes mellitus"",
			""expression"" : {
				""items"" : [
					{
						""concept"" : {
							""CONCEPT_ID"" : 195771,
							""CONCEPT_NAME"" : ""Secondary diabetes mellitus"",
							""STANDARD_CONCEPT"" : ""S"",
							""STANDARD_CONCEPT_CAPTION"" : ""Standard"",
							""INVALID_REASON"" : ""V"",
							""INVALID_REASON_CAPTION"" : ""Valid"",
							""CONCEPT_CODE"" : ""8801005"",
							""DOMAIN_ID"" : ""Condition"",
							""VOCABULARY_ID"" : ""SNOMED"",
							""CONCEPT_CLASS_ID"" : ""Clinical Finding""
						},
						""isExcluded"" : false,
						""includeDescendants"" : true,
						""includeMapped"" : false
					},
					{
						""concept"" : {
							""CONCEPT_ID"" : 761051,
							""CONCEPT_NAME"" : ""Complication due to secondary diabetes mellitus"",
							""STANDARD_CONCEPT"" : ""S"",
							""STANDARD_CONCEPT_CAPTION"" : ""Standard"",
							""INVALID_REASON"" : ""V"",
							""INVALID_REASON_CAPTION"" : ""Valid"",
							""CONCEPT_CODE"" : ""138811000119100"",
							""DOMAIN_ID"" : ""Condition"",
							""VOCABULARY_ID"" : ""SNOMED"",
							""CONCEPT_CLASS_ID"" : ""Clinical Finding""
						},
						""isExcluded"" : false,
						""includeDescendants"" : true,
						""includeMapped"" : false
					}
				]
			}
		},
		{
			""id"" : 11,
			""name"" : ""Type 1 diabetes mellitus"",
			""expression"" : {
				""items"" : [
					{
						""concept"" : {
							""CONCEPT_ID"" : 40484649,
							""CONCEPT_NAME"" : ""Type 1 diabetes mellitus well controlled"",
							""STANDARD_CONCEPT"" : ""S"",
							""STANDARD_CONCEPT_CAPTION"" : ""Standard"",
							""INVALID_REASON"" : ""V"",
							""INVALID_REASON_CAPTION"" : ""Valid"",
							""CONCEPT_CODE"" : ""444074000"",
							""DOMAIN_ID"" : ""Condition"",
							""VOCABULARY_ID"" : ""SNOMED"",
							""CONCEPT_CLASS_ID"" : ""Clinical Finding""
						},
						""isExcluded"" : false,
						""includeDescendants"" : true,
						""includeMapped"" : false
					},
					{
						""concept"" : {
							""CONCEPT_ID"" : 42689695,
							""CONCEPT_NAME"" : ""Eating disorder co-occurrent with diabetes mellitus type 1"",
							""STANDARD_CONCEPT"" : ""S"",
							""STANDARD_CONCEPT_CAPTION"" : ""Standard"",
							""INVALID_REASON"" : ""V"",
							""INVALID_REASON_CAPTION"" : ""Valid"",
							""CONCEPT_CODE"" : ""1067201000000106"",
							""DOMAIN_ID"" : ""Condition"",
							""VOCABULARY_ID"" : ""SNOMED"",
							""CONCEPT_CLASS_ID"" : ""Clinical Finding""
						},
						""isExcluded"" : false,
						""includeDescendants"" : true,
						""includeMapped"" : false
					},
					{
						""concept"" : {
							""CONCEPT_ID"" : 765533,
							""CONCEPT_NAME"" : ""Glaucoma due to diabetes mellitus type 1"",
							""STANDARD_CONCEPT"" : ""S"",
							""STANDARD_CONCEPT_CAPTION"" : ""Standard"",
							""INVALID_REASON"" : ""V"",
							""INVALID_REASON_CAPTION"" : ""Valid"",
							""CONCEPT_CODE"" : ""60981000119103"",
							""DOMAIN_ID"" : ""Condition"",
							""VOCABULARY_ID"" : ""SNOMED"",
							""CONCEPT_CLASS_ID"" : ""Clinical Finding""
						},
						""isExcluded"" : false,
						""includeDescendants"" : true,
						""includeMapped"" : false
					},
					{
						""concept"" : {
							""CONCEPT_ID"" : 43531006,
							""CONCEPT_NAME"" : ""Maturity onset diabetes of the young, type 1"",
							""STANDARD_CONCEPT"" : ""S"",
							""STANDARD_CONCEPT_CAPTION"" : ""Standard"",
							""INVALID_REASON"" : ""V"",
							""INVALID_REASON_CAPTION"" : ""Valid"",
							""CONCEPT_CODE"" : ""609562003"",
							""DOMAIN_ID"" : ""Condition"",
							""VOCABULARY_ID"" : ""SNOMED"",
							""CONCEPT_CLASS_ID"" : ""Clinical Finding""
						},
						""isExcluded"" : false,
						""includeDescendants"" : true,
						""includeMapped"" : false
					},
					{
						""concept"" : {
							""CONCEPT_ID"" : 765650,
							""CONCEPT_NAME"" : ""Cranial nerve palsy due to diabetes mellitus type 1"",
							""STANDARD_CONCEPT"" : ""S"",
							""STANDARD_CONCEPT_CAPTION"" : ""Standard"",
							""INVALID_REASON"" : ""V"",
							""INVALID_REASON_CAPTION"" : ""Valid"",
							""CONCEPT_CODE"" : ""82561000119101"",
							""DOMAIN_ID"" : ""Condition"",
							""VOCABULARY_ID"" : ""SNOMED"",
							""CONCEPT_CLASS_ID"" : ""Clinical Finding""
						},
						""isExcluded"" : false,
						""includeDescendants"" : true,
						""includeMapped"" : false
					},
					{
						""concept"" : {
							""CONCEPT_ID"" : 45770986,
							""CONCEPT_NAME"" : ""Retinopathy due to unstable diabetes mellitus type 1"",
							""STANDARD_CONCEPT"" : ""S"",
							""STANDARD_CONCEPT_CAPTION"" : ""Standard"",
							""INVALID_REASON"" : ""V"",
							""INVALID_REASON_CAPTION"" : ""Valid"",
							""CONCEPT_CODE"" : ""706894000"",
							""DOMAIN_ID"" : ""Condition"",
							""VOCABULARY_ID"" : ""SNOMED"",
							""CONCEPT_CLASS_ID"" : ""Clinical Finding""
						},
						""isExcluded"" : false,
						""includeDescendants"" : true,
						""includeMapped"" : false
					},
					{
						""concept"" : {
							""CONCEPT_ID"" : 201254,
							""CONCEPT_NAME"" : ""Type 1 diabetes mellitus"",
							""STANDARD_CONCEPT"" : ""S"",
							""STANDARD_CONCEPT_CAPTION"" : ""Standard"",
							""INVALID_REASON"" : ""V"",
							""INVALID_REASON_CAPTION"" : ""Valid"",
							""CONCEPT_CODE"" : ""46635009"",
							""DOMAIN_ID"" : ""Condition"",
							""VOCABULARY_ID"" : ""SNOMED"",
							""CONCEPT_CLASS_ID"" : ""Clinical Finding""
						},
						""isExcluded"" : false,
						""includeDescendants"" : true,
						""includeMapped"" : false
					},
					{
						""concept"" : {
							""CONCEPT_ID"" : 45768456,
							""CONCEPT_NAME"" : ""Neuropathy due to unstable diabetes mellitus type 1"",
							""STANDARD_CONCEPT"" : ""S"",
							""STANDARD_CONCEPT_CAPTION"" : ""Standard"",
							""INVALID_REASON"" : ""V"",
							""INVALID_REASON_CAPTION"" : ""Valid"",
							""CONCEPT_CODE"" : ""706891008"",
							""DOMAIN_ID"" : ""Condition"",
							""VOCABULARY_ID"" : ""SNOMED"",
							""CONCEPT_CLASS_ID"" : ""Clinical Finding""
						},
						""isExcluded"" : false,
						""includeDescendants"" : true,
						""includeMapped"" : false
					},
					{
						""concept"" : {
							""CONCEPT_ID"" : 40484648,
							""CONCEPT_NAME"" : ""Type 1 diabetes mellitus uncontrolled"",
							""STANDARD_CONCEPT"" : ""S"",
							""STANDARD_CONCEPT_CAPTION"" : ""Standard"",
							""INVALID_REASON"" : ""V"",
							""INVALID_REASON_CAPTION"" : ""Valid"",
							""CONCEPT_CODE"" : ""444073006"",
							""DOMAIN_ID"" : ""Condition"",
							""VOCABULARY_ID"" : ""SNOMED"",
							""CONCEPT_CLASS_ID"" : ""Clinical Finding""
						},
						""isExcluded"" : false,
						""includeDescendants"" : true,
						""includeMapped"" : false
					},
					{
						""concept"" : {
							""CONCEPT_ID"" : 4128019,
							""CONCEPT_NAME"" : ""Brittle type 1 diabetes mellitus"",
							""STANDARD_CONCEPT"" : ""S"",
							""STANDARD_CONCEPT_CAPTION"" : ""Standard"",
							""INVALID_REASON"" : ""V"",
							""INVALID_REASON_CAPTION"" : ""Valid"",
							""CONCEPT_CODE"" : ""290002008"",
							""DOMAIN_ID"" : ""Condition"",
							""VOCABULARY_ID"" : ""SNOMED"",
							""CONCEPT_CLASS_ID"" : ""Clinical Finding""
						},
						""isExcluded"" : false,
						""includeDescendants"" : true,
						""includeMapped"" : false
					},
					{
						""concept"" : {
							""CONCEPT_ID"" : 435216,
							""CONCEPT_NAME"" : ""Disorder due to type 1 diabetes mellitus"",
							""STANDARD_CONCEPT"" : ""S"",
							""STANDARD_CONCEPT_CAPTION"" : ""Standard"",
							""INVALID_REASON"" : ""V"",
							""INVALID_REASON_CAPTION"" : ""Valid"",
							""CONCEPT_CODE"" : ""420868002"",
							""DOMAIN_ID"" : ""Condition"",
							""VOCABULARY_ID"" : ""SNOMED"",
							""CONCEPT_CLASS_ID"" : ""Clinical Finding""
						},
						""isExcluded"" : false,
						""includeDescendants"" : true,
						""includeMapped"" : false
					}
				]
			}
		},
		{
			""id"" : 12,
			""name"" : ""Type 2 diabetes mellitus"",
			""expression"" : {
				""items"" : [
					{
						""concept"" : {
							""CONCEPT_ID"" : 443238,
							""CONCEPT_NAME"" : ""Diabetic - poor control"",
							""STANDARD_CONCEPT"" : ""S"",
							""STANDARD_CONCEPT_CAPTION"" : ""Standard"",
							""INVALID_REASON"" : ""V"",
							""INVALID_REASON_CAPTION"" : ""Valid"",
							""CONCEPT_CODE"" : ""268519009"",
							""DOMAIN_ID"" : ""Condition"",
							""VOCABULARY_ID"" : ""SNOMED"",
							""CONCEPT_CLASS_ID"" : ""Clinical Finding""
						},
						""isExcluded"" : false,
						""includeDescendants"" : true,
						""includeMapped"" : false
					},
					{
						""concept"" : {
							""CONCEPT_ID"" : 201820,
							""CONCEPT_NAME"" : ""Diabetes mellitus"",
							""STANDARD_CONCEPT"" : ""S"",
							""STANDARD_CONCEPT_CAPTION"" : ""Standard"",
							""INVALID_REASON"" : ""V"",
							""INVALID_REASON_CAPTION"" : ""Valid"",
							""CONCEPT_CODE"" : ""73211009"",
							""DOMAIN_ID"" : ""Condition"",
							""VOCABULARY_ID"" : ""SNOMED"",
							""CONCEPT_CLASS_ID"" : ""Clinical Finding""
						},
						""isExcluded"" : false,
						""includeDescendants"" : true,
						""includeMapped"" : false
					},
					{
						""concept"" : {
							""CONCEPT_ID"" : 442793,
							""CONCEPT_NAME"" : ""Complication due to diabetes mellitus"",
							""STANDARD_CONCEPT"" : ""S"",
							""STANDARD_CONCEPT_CAPTION"" : ""Standard"",
							""INVALID_REASON"" : ""V"",
							""INVALID_REASON_CAPTION"" : ""Valid"",
							""CONCEPT_CODE"" : ""74627003"",
							""DOMAIN_ID"" : ""Condition"",
							""VOCABULARY_ID"" : ""SNOMED"",
							""CONCEPT_CLASS_ID"" : ""Clinical Finding""
						},
						""isExcluded"" : false,
						""includeDescendants"" : true,
						""includeMapped"" : false
					},
					{
						""concept"" : {
							""CONCEPT_ID"" : 40484648,
							""CONCEPT_NAME"" : ""Type 1 diabetes mellitus uncontrolled"",
							""STANDARD_CONCEPT"" : ""S"",
							""STANDARD_CONCEPT_CAPTION"" : ""Standard"",
							""INVALID_REASON"" : ""V"",
							""INVALID_REASON_CAPTION"" : ""Valid"",
							""CONCEPT_CODE"" : ""444073006"",
							""DOMAIN_ID"" : ""Condition"",
							""VOCABULARY_ID"" : ""SNOMED"",
							""CONCEPT_CLASS_ID"" : ""Clinical Finding""
						},
						""isExcluded"" : true,
						""includeDescendants"" : true,
						""includeMapped"" : false
					},
					{
						""concept"" : {
							""CONCEPT_ID"" : 201254,
							""CONCEPT_NAME"" : ""Type 1 diabetes mellitus"",
							""STANDARD_CONCEPT"" : ""S"",
							""STANDARD_CONCEPT_CAPTION"" : ""Standard"",
							""INVALID_REASON"" : ""V"",
							""INVALID_REASON_CAPTION"" : ""Valid"",
							""CONCEPT_CODE"" : ""46635009"",
							""DOMAIN_ID"" : ""Condition"",
							""VOCABULARY_ID"" : ""SNOMED"",
							""CONCEPT_CLASS_ID"" : ""Clinical Finding""
						},
						""isExcluded"" : true,
						""includeDescendants"" : true,
						""includeMapped"" : false
					},
					{
						""concept"" : {
							""CONCEPT_ID"" : 435216,
							""CONCEPT_NAME"" : ""Disorder due to type 1 diabetes mellitus"",
							""STANDARD_CONCEPT"" : ""S"",
							""STANDARD_CONCEPT_CAPTION"" : ""Standard"",
							""INVALID_REASON"" : ""V"",
							""INVALID_REASON_CAPTION"" : ""Valid"",
							""CONCEPT_CODE"" : ""420868002"",
							""DOMAIN_ID"" : ""Condition"",
							""VOCABULARY_ID"" : ""SNOMED"",
							""CONCEPT_CLASS_ID"" : ""Clinical Finding""
						},
						""isExcluded"" : true,
						""includeDescendants"" : true,
						""includeMapped"" : false
					},
					{
						""concept"" : {
							""CONCEPT_ID"" : 195771,
							""CONCEPT_NAME"" : ""Secondary diabetes mellitus"",
							""STANDARD_CONCEPT"" : ""S"",
							""STANDARD_CONCEPT_CAPTION"" : ""Standard"",
							""INVALID_REASON"" : ""V"",
							""INVALID_REASON_CAPTION"" : ""Valid"",
							""CONCEPT_CODE"" : ""8801005"",
							""DOMAIN_ID"" : ""Condition"",
							""VOCABULARY_ID"" : ""SNOMED"",
							""CONCEPT_CLASS_ID"" : ""Clinical Finding""
						},
						""isExcluded"" : true,
						""includeDescendants"" : true,
						""includeMapped"" : false
					},
					{
						""concept"" : {
							""CONCEPT_ID"" : 761051,
							""CONCEPT_NAME"" : ""Complication due to secondary diabetes mellitus"",
							""STANDARD_CONCEPT"" : ""S"",
							""STANDARD_CONCEPT_CAPTION"" : ""Standard"",
							""INVALID_REASON"" : ""V"",
							""INVALID_REASON_CAPTION"" : ""Valid"",
							""CONCEPT_CODE"" : ""138811000119100"",
							""DOMAIN_ID"" : ""Condition"",
							""VOCABULARY_ID"" : ""SNOMED"",
							""CONCEPT_CLASS_ID"" : ""Clinical Finding""
						},
						""isExcluded"" : true,
						""includeDescendants"" : true,
						""includeMapped"" : false
					},
					{
						""concept"" : {
							""CONCEPT_ID"" : 4016045,
							""CONCEPT_NAME"" : ""Diabetic - good control"",
							""STANDARD_CONCEPT"" : ""S"",
							""STANDARD_CONCEPT_CAPTION"" : ""Standard"",
							""INVALID_REASON"" : ""V"",
							""INVALID_REASON_CAPTION"" : ""Valid"",
							""CONCEPT_CODE"" : ""170763003"",
							""DOMAIN_ID"" : ""Condition"",
							""VOCABULARY_ID"" : ""SNOMED"",
							""CONCEPT_CLASS_ID"" : ""Clinical Finding""
						},
						""isExcluded"" : false,
						""includeDescendants"" : true,
						""includeMapped"" : false
					},
					{
						""concept"" : {
							""CONCEPT_ID"" : 40484649,
							""CONCEPT_NAME"" : ""Type 1 diabetes mellitus well controlled"",
							""STANDARD_CONCEPT"" : ""S"",
							""STANDARD_CONCEPT_CAPTION"" : ""Standard"",
							""INVALID_REASON"" : ""V"",
							""INVALID_REASON_CAPTION"" : ""Valid"",
							""CONCEPT_CODE"" : ""444074000"",
							""DOMAIN_ID"" : ""Condition"",
							""VOCABULARY_ID"" : ""SNOMED"",
							""CONCEPT_CLASS_ID"" : ""Clinical Finding""
						},
						""isExcluded"" : true,
						""includeDescendants"" : true,
						""includeMapped"" : false
					},
					{
						""concept"" : {
							""CONCEPT_ID"" : 43531009,
							""CONCEPT_NAME"" : ""Pregnancy and type 1 diabetes mellitus"",
							""STANDARD_CONCEPT"" : ""S"",
							""STANDARD_CONCEPT_CAPTION"" : ""Standard"",
							""INVALID_REASON"" : ""V"",
							""INVALID_REASON_CAPTION"" : ""Valid"",
							""CONCEPT_CODE"" : ""609566000"",
							""DOMAIN_ID"" : ""Condition"",
							""VOCABULARY_ID"" : ""SNOMED"",
							""CONCEPT_CLASS_ID"" : ""Clinical Finding""
						},
						""isExcluded"" : true,
						""includeDescendants"" : true,
						""includeMapped"" : false
					},
					{
						""concept"" : {
							""CONCEPT_ID"" : 4024659,
							""CONCEPT_NAME"" : ""Gestational diabetes mellitus"",
							""STANDARD_CONCEPT"" : ""S"",
							""STANDARD_CONCEPT_CAPTION"" : ""Standard"",
							""INVALID_REASON"" : ""V"",
							""INVALID_REASON_CAPTION"" : ""Valid"",
							""CONCEPT_CODE"" : ""11687002"",
							""DOMAIN_ID"" : ""Condition"",
							""VOCABULARY_ID"" : ""SNOMED"",
							""CONCEPT_CLASS_ID"" : ""Clinical Finding""
						},
						""isExcluded"" : true,
						""includeDescendants"" : true,
						""includeMapped"" : false
					}
				]
			}
		},
		{
			""id"" : 17,
			""name"" : ""liver and biliary conditions"",
			""expression"" : {
				""items"" : [
					{
						""concept"" : {
							""CONCEPT_ID"" : 46269836,
							""CONCEPT_NAME"" : ""Hepatic coma due to chronic hepatic failure"",
							""STANDARD_CONCEPT"" : ""S"",
							""STANDARD_CONCEPT_CAPTION"" : ""Standard"",
							""INVALID_REASON"" : ""V"",
							""INVALID_REASON_CAPTION"" : ""Valid"",
							""CONCEPT_CODE"" : ""1085091000119108"",
							""DOMAIN_ID"" : ""Condition"",
							""VOCABULARY_ID"" : ""SNOMED"",
							""CONCEPT_CLASS_ID"" : ""Disorder""
						},
						""isExcluded"" : false,
						""includeDescendants"" : true,
						""includeMapped"" : false
					},
					{
						""concept"" : {
							""CONCEPT_ID"" : 37016176,
							""CONCEPT_NAME"" : ""Cerebral degeneration due to alcoholism"",
							""STANDARD_CONCEPT"" : ""S"",
							""STANDARD_CONCEPT_CAPTION"" : ""Standard"",
							""INVALID_REASON"" : ""V"",
							""INVALID_REASON_CAPTION"" : ""Valid"",
							""CONCEPT_CODE"" : ""135761000119101"",
							""DOMAIN_ID"" : ""Condition"",
							""VOCABULARY_ID"" : ""SNOMED"",
							""CONCEPT_CLASS_ID"" : ""Disorder""
						},
						""isExcluded"" : false,
						""includeDescendants"" : true,
						""includeMapped"" : false
					},
					{
						""concept"" : {
							""CONCEPT_ID"" : 4093637,
							""CONCEPT_NAME"" : ""Sequelae of viral hepatitis"",
							""STANDARD_CONCEPT"" : ""S"",
							""STANDARD_CONCEPT_CAPTION"" : ""Standard"",
							""INVALID_REASON"" : ""V"",
							""INVALID_REASON_CAPTION"" : ""Valid"",
							""CONCEPT_CODE"" : ""187260009"",
							""DOMAIN_ID"" : ""Condition"",
							""VOCABULARY_ID"" : ""SNOMED"",
							""CONCEPT_CLASS_ID"" : ""Disorder""
						},
						""isExcluded"" : false,
						""includeDescendants"" : true,
						""includeMapped"" : false
					},
					{
						""concept"" : {
							""CONCEPT_ID"" : 194984,
							""CONCEPT_NAME"" : ""Disease of liver"",
							""STANDARD_CONCEPT"" : ""S"",
							""STANDARD_CONCEPT_CAPTION"" : ""Standard"",
							""INVALID_REASON"" : ""V"",
							""INVALID_REASON_CAPTION"" : ""Valid"",
							""CONCEPT_CODE"" : ""235856003"",
							""DOMAIN_ID"" : ""Condition"",
							""VOCABULARY_ID"" : ""SNOMED"",
							""CONCEPT_CLASS_ID"" : ""Disorder""
						},
						""isExcluded"" : false,
						""includeDescendants"" : true,
						""includeMapped"" : false
					},
					{
						""concept"" : {
							""CONCEPT_ID"" : 4145627,
							""CONCEPT_NAME"" : ""Biliary calculus"",
							""STANDARD_CONCEPT"" : ""S"",
							""STANDARD_CONCEPT_CAPTION"" : ""Standard"",
							""INVALID_REASON"" : ""V"",
							""INVALID_REASON_CAPTION"" : ""Valid"",
							""CONCEPT_CODE"" : ""266474003"",
							""DOMAIN_ID"" : ""Condition"",
							""VOCABULARY_ID"" : ""SNOMED"",
							""CONCEPT_CLASS_ID"" : ""Disorder""
						},
						""isExcluded"" : false,
						""includeDescendants"" : true,
						""includeMapped"" : false
					},
					{
						""concept"" : {
							""CONCEPT_ID"" : 44806251,
							""CONCEPT_NAME"" : ""Biliary acute pancreatitis"",
							""STANDARD_CONCEPT"" : ""S"",
							""STANDARD_CONCEPT_CAPTION"" : ""Standard"",
							""INVALID_REASON"" : ""V"",
							""INVALID_REASON_CAPTION"" : ""Valid"",
							""CONCEPT_CODE"" : ""811431000000107"",
							""DOMAIN_ID"" : ""Condition"",
							""VOCABULARY_ID"" : ""SNOMED"",
							""CONCEPT_CLASS_ID"" : ""Disorder""
						},
						""isExcluded"" : false,
						""includeDescendants"" : true,
						""includeMapped"" : false
					},
					{
						""concept"" : {
							""CONCEPT_ID"" : 46269816,
							""CONCEPT_NAME"" : ""Ascites due to alcoholic cirrhosis"",
							""STANDARD_CONCEPT"" : ""S"",
							""STANDARD_CONCEPT_CAPTION"" : ""Standard"",
							""INVALID_REASON"" : ""V"",
							""INVALID_REASON_CAPTION"" : ""Valid"",
							""CONCEPT_CODE"" : ""1082601000119104"",
							""DOMAIN_ID"" : ""Condition"",
							""VOCABULARY_ID"" : ""SNOMED"",
							""CONCEPT_CLASS_ID"" : ""Disorder""
						},
						""isExcluded"" : false,
						""includeDescendants"" : true,
						""includeMapped"" : false
					},
					{
						""concept"" : {
							""CONCEPT_ID"" : 4340396,
							""CONCEPT_NAME"" : ""Obstruction of biliary tree"",
							""STANDARD_CONCEPT"" : ""S"",
							""STANDARD_CONCEPT_CAPTION"" : ""Standard"",
							""INVALID_REASON"" : ""V"",
							""INVALID_REASON_CAPTION"" : ""Valid"",
							""CONCEPT_CODE"" : ""235918000"",
							""DOMAIN_ID"" : ""Condition"",
							""VOCABULARY_ID"" : ""SNOMED"",
							""CONCEPT_CLASS_ID"" : ""Disorder""
						},
						""isExcluded"" : false,
						""includeDescendants"" : true,
						""includeMapped"" : false
					},
					{
						""concept"" : {
							""CONCEPT_ID"" : 196029,
							""CONCEPT_NAME"" : ""Hepatic coma due to viral hepatitis"",
							""STANDARD_CONCEPT"" : ""S"",
							""STANDARD_CONCEPT_CAPTION"" : ""Standard"",
							""INVALID_REASON"" : ""V"",
							""INVALID_REASON_CAPTION"" : ""Valid"",
							""CONCEPT_CODE"" : ""40946000"",
							""DOMAIN_ID"" : ""Condition"",
							""VOCABULARY_ID"" : ""SNOMED"",
							""CONCEPT_CLASS_ID"" : ""Disorder""
						},
						""isExcluded"" : false,
						""includeDescendants"" : true,
						""includeMapped"" : false
					},
					{
						""concept"" : {
							""CONCEPT_ID"" : 45757783,
							""CONCEPT_NAME"" : ""Gastric hemorrhage due to alcoholic gastritis"",
							""STANDARD_CONCEPT"" : ""S"",
							""STANDARD_CONCEPT_CAPTION"" : ""Standard"",
							""INVALID_REASON"" : ""V"",
							""INVALID_REASON_CAPTION"" : ""Valid"",
							""CONCEPT_CODE"" : ""40241000119109"",
							""DOMAIN_ID"" : ""Condition"",
							""VOCABULARY_ID"" : ""SNOMED"",
							""CONCEPT_CLASS_ID"" : ""Disorder""
						},
						""isExcluded"" : false,
						""includeDescendants"" : true,
						""includeMapped"" : false
					},
					{
						""concept"" : {
							""CONCEPT_ID"" : 46269817,
							""CONCEPT_NAME"" : ""Ascites due to alcoholic hepatitis"",
							""STANDARD_CONCEPT"" : ""S"",
							""STANDARD_CONCEPT_CAPTION"" : ""Standard"",
							""INVALID_REASON"" : ""V"",
							""INVALID_REASON_CAPTION"" : ""Valid"",
							""CONCEPT_CODE"" : ""1082611000119101"",
							""DOMAIN_ID"" : ""Condition"",
							""VOCABULARY_ID"" : ""SNOMED"",
							""CONCEPT_CLASS_ID"" : ""Disorder""
						},
						""isExcluded"" : false,
						""includeDescendants"" : true,
						""includeMapped"" : false
					},
					{
						""concept"" : {
							""CONCEPT_ID"" : 4163735,
							""CONCEPT_NAME"" : ""Hemochromatosis"",
							""STANDARD_CONCEPT"" : ""S"",
							""STANDARD_CONCEPT_CAPTION"" : ""Standard"",
							""INVALID_REASON"" : ""V"",
							""INVALID_REASON_CAPTION"" : ""Valid"",
							""CONCEPT_CODE"" : ""399187006"",
							""DOMAIN_ID"" : ""Condition"",
							""VOCABULARY_ID"" : ""SNOMED"",
							""CONCEPT_CLASS_ID"" : ""Disorder""
						},
						""isExcluded"" : false,
						""includeDescendants"" : true,
						""includeMapped"" : false
					},
					{
						""concept"" : {
							""CONCEPT_ID"" : 195856,
							""CONCEPT_NAME"" : ""Cholangitis"",
							""STANDARD_CONCEPT"" : ""S"",
							""STANDARD_CONCEPT_CAPTION"" : ""Standard"",
							""INVALID_REASON"" : ""V"",
							""INVALID_REASON_CAPTION"" : ""Valid"",
							""CONCEPT_CODE"" : ""82403002"",
							""DOMAIN_ID"" : ""Condition"",
							""VOCABULARY_ID"" : ""SNOMED"",
							""CONCEPT_CLASS_ID"" : ""Disorder""
						},
						""isExcluded"" : false,
						""includeDescendants"" : true,
						""includeMapped"" : false
					},
					{
						""concept"" : {
							""CONCEPT_ID"" : 36714559,
							""CONCEPT_NAME"" : ""Disorder caused by alcohol"",
							""STANDARD_CONCEPT"" : ""S"",
							""STANDARD_CONCEPT_CAPTION"" : ""Standard"",
							""INVALID_REASON"" : ""V"",
							""INVALID_REASON_CAPTION"" : ""Valid"",
							""CONCEPT_CODE"" : ""719848005"",
							""DOMAIN_ID"" : ""Condition"",
							""VOCABULARY_ID"" : ""SNOMED"",
							""CONCEPT_CLASS_ID"" : ""Disorder""
						},
						""isExcluded"" : false,
						""includeDescendants"" : true,
						""includeMapped"" : false
					}
				]
			}
		}
	],
	""QualifiedLimit"" : {
		""Type"" : ""First""
	},
	""ExpressionLimit"" : {
		""Type"" : ""First""
	},
	""InclusionRules"" : [
		{
			""name"" : ""Prior metformin use (>=90d or 3+ exposures)"",
			""expression"" : {
				""Type"" : ""ANY"",
				""CriteriaList"" : [
					{
						""Criteria"" : {
							""DrugEra"" : {
								""CodesetId"" : 7,
								""EraLength"" : {
									""Value"" : 90,
									""Op"" : ""gte""
								}
							}
						},
						""StartWindow"" : {
							""Start"" : {
								""Coeff"" : -1
							},
							""End"" : {
								""Days"" : 90,
								""Coeff"" : -1
							},
							""UseIndexEnd"" : false,
							""UseEventEnd"" : false
						},
						""RestrictVisit"" : false,
						""IgnoreObservationPeriod"" : true,
						""Occurrence"" : {
							""Type"" : 2,
							""Count"" : 1,
							""IsDistinct"" : false
						}
					},
					{
						""Criteria"" : {
							""DrugExposure"" : {
								""CodesetId"" : 7,
								""DrugTypeExclude"" : false
							}
						},
						""StartWindow"" : {
							""Start"" : {
								""Coeff"" : -1
							},
							""End"" : {
								""Days"" : 0,
								""Coeff"" : -1
							},
							""UseIndexEnd"" : false,
							""UseEventEnd"" : false
						},
						""RestrictVisit"" : false,
						""IgnoreObservationPeriod"" : true,
						""Occurrence"" : {
							""Type"" : 2,
							""Count"" : 3,
							""IsDistinct"" : false
						}
					}
				],
				""DemographicCriteriaList"" : [],
				""Groups"" : []
			}
		},
		{
			""name"" : ""No underlying hepatic and biliary condition"",
			""expression"" : {
				""Type"" : ""ALL"",
				""CriteriaList"" : [
					{
						""Criteria"" : {
							""ConditionOccurrence"" : {
								""CodesetId"" : 17
							}
						},
						""StartWindow"" : {
							""Start"" : {
								""Coeff"" : -1
							},
							""End"" : {
								""Days"" : 0,
								""Coeff"" : 1
							},
							""UseIndexEnd"" : false,
							""UseEventEnd"" : false
						},
						""RestrictVisit"" : false,
						""IgnoreObservationPeriod"" : true,
						""Occurrence"" : {
							""Type"" : 0,
							""Count"" : 0,
							""IsDistinct"" : false
						}
					}
				],
				""DemographicCriteriaList"" : [],
				""Groups"" : []
			}
		}
	],
	""EndStrategy"" : {
		""CustomEra"" : {
			""DrugCodesetId"" : 1,
			""GapDays"" : 30,
			""Offset"" : 0
		}
	},
	""CensoringCriteria"" : [],
	""CollapseSettings"" : {
		""CollapseType"" : ""ERA"",
		""EraPad"" : 0
	},
	""CensorWindow"" : {}
}",NA,TRUE
16968,16968,"[PL] All events of Acute Liver Injury, with a washout period of 365 days","CREATE TABLE #Codesets (
  codeset_id int NOT NULL,
  concept_id bigint NOT NULL
)
;

INSERT INTO #Codesets (codeset_id, concept_id)
SELECT 21 as codeset_id, c.concept_id FROM (select distinct I.concept_id FROM
( 
  select concept_id from @vocabulary_database_schema.CONCEPT where concept_id in (4340390)
UNION  select c.concept_id
  from @vocabulary_database_schema.CONCEPT c
  join @vocabulary_database_schema.CONCEPT_ANCESTOR ca on c.concept_id = ca.descendant_concept_id
  and ca.ancestor_concept_id in (4340390)
  and c.invalid_reason is null

) I
) C UNION ALL 
SELECT 32 as codeset_id, c.concept_id FROM (select distinct I.concept_id FROM
( 
  select concept_id from @vocabulary_database_schema.CONCEPT where concept_id in (4055224,4245975,194990,4058696,4029488,4337543,4055223)
UNION  select c.concept_id
  from @vocabulary_database_schema.CONCEPT c
  join @vocabulary_database_schema.CONCEPT_ANCESTOR ca on c.concept_id = ca.descendant_concept_id
  and ca.ancestor_concept_id in (4055224,4245975,4058696,4029488,4337543,4055223)
  and c.invalid_reason is null

) I
LEFT JOIN
(
  select concept_id from @vocabulary_database_schema.CONCEPT where concept_id in (4340390,4055225,4059299,4059298,4058695,3655440,4239091,42599120,194417,200763,4212540)
UNION  select c.concept_id
  from @vocabulary_database_schema.CONCEPT c
  join @vocabulary_database_schema.CONCEPT_ANCESTOR ca on c.concept_id = ca.descendant_concept_id
  and ca.ancestor_concept_id in (4340390,4055225,4059299,4059298,4058695,3655440,4239091,42599120,194417,200763,4212540)
  and c.invalid_reason is null

) E ON I.concept_id = E.concept_id
WHERE E.concept_id is null
) C;

UPDATE STATISTICS #Codesets;


SELECT event_id, person_id, start_date, end_date, op_start_date, op_end_date, visit_occurrence_id
INTO #qualified_events
FROM 
(
  select pe.event_id, pe.person_id, pe.start_date, pe.end_date, pe.op_start_date, pe.op_end_date, row_number() over (partition by pe.person_id order by pe.start_date ASC) as ordinal, cast(pe.visit_occurrence_id as bigint) as visit_occurrence_id
  FROM (-- Begin Primary Events
select P.ordinal as event_id, P.person_id, P.start_date, P.end_date, op_start_date, op_end_date, cast(P.visit_occurrence_id as bigint) as visit_occurrence_id
FROM
(
  select E.person_id, E.start_date, E.end_date,
         row_number() OVER (PARTITION BY E.person_id ORDER BY E.sort_date ASC, E.event_id) ordinal,
         OP.observation_period_start_date as op_start_date, OP.observation_period_end_date as op_end_date, cast(E.visit_occurrence_id as bigint) as visit_occurrence_id
  FROM 
  (
  -- Begin Condition Occurrence Criteria
SELECT C.person_id, C.condition_occurrence_id as event_id, C.start_date, C.end_date,
  C.visit_occurrence_id, C.start_date as sort_date
FROM 
(
  SELECT co.person_id,co.condition_occurrence_id,co.condition_concept_id,co.visit_occurrence_id,co.condition_start_date as start_date, COALESCE(co.condition_end_date, DATEADD(day,1,co.condition_start_date)) as end_date 
  FROM @cdm_database_schema.CONDITION_OCCURRENCE co
  JOIN #Codesets cs on (co.condition_concept_id = cs.concept_id and cs.codeset_id = 32)
) C


-- End Condition Occurrence Criteria

  ) E
	JOIN @cdm_database_schema.observation_period OP on E.person_id = OP.person_id and E.start_date >=  OP.observation_period_start_date and E.start_date <= op.observation_period_end_date
  WHERE DATEADD(day,0,OP.OBSERVATION_PERIOD_START_DATE) <= E.START_DATE AND DATEADD(day,0,E.START_DATE) <= OP.OBSERVATION_PERIOD_END_DATE
) P

-- End Primary Events
) pe
  
) QE

;

--- Inclusion Rule Inserts

select 0 as inclusion_rule_id, person_id, event_id
INTO #Inclusion_0
FROM 
(
  select pe.person_id, pe.event_id
  FROM #qualified_events pe
  
JOIN (
-- Begin Criteria Group
select 0 as index_id, person_id, event_id
FROM
(
  select E.person_id, E.event_id 
  FROM #qualified_events E
  INNER JOIN
  (
    -- Begin Correlated Criteria
select 0 as index_id, p.person_id, p.event_id
from #qualified_events p
LEFT JOIN (
SELECT p.person_id, p.event_id 
FROM #qualified_events P
JOIN (
  -- Begin Condition Occurrence Criteria
SELECT C.person_id, C.condition_occurrence_id as event_id, C.start_date, C.end_date,
  C.visit_occurrence_id, C.start_date as sort_date
FROM 
(
  SELECT co.person_id,co.condition_occurrence_id,co.condition_concept_id,co.visit_occurrence_id,co.condition_start_date as start_date, COALESCE(co.condition_end_date, DATEADD(day,1,co.condition_start_date)) as end_date 
  FROM @cdm_database_schema.CONDITION_OCCURRENCE co
  JOIN #Codesets cs on (co.condition_concept_id = cs.concept_id and cs.codeset_id = 21)
) C


-- End Condition Occurrence Criteria

) A on A.person_id = P.person_id  AND A.START_DATE >= P.OP_START_DATE AND A.START_DATE <= P.OP_END_DATE AND A.START_DATE >= DATEADD(day,0,P.START_DATE) AND A.START_DATE <= DATEADD(day,0,P.START_DATE) ) cc on p.person_id = cc.person_id and p.event_id = cc.event_id
GROUP BY p.person_id, p.event_id
HAVING COUNT(cc.event_id) = 0
-- End Correlated Criteria

  ) CQ on E.person_id = CQ.person_id and E.event_id = CQ.event_id
  GROUP BY E.person_id, E.event_id
  HAVING COUNT(index_id) = 1
) G
-- End Criteria Group
) AC on AC.person_id = pe.person_id AND AC.event_id = pe.event_id
) Results
;

select 1 as inclusion_rule_id, person_id, event_id
INTO #Inclusion_1
FROM 
(
  select pe.person_id, pe.event_id
  FROM #qualified_events pe
  
JOIN (
-- Begin Criteria Group
select 0 as index_id, person_id, event_id
FROM
(
  select E.person_id, E.event_id 
  FROM #qualified_events E
  INNER JOIN
  (
    -- Begin Correlated Criteria
select 0 as index_id, p.person_id, p.event_id
from #qualified_events p
LEFT JOIN (
SELECT p.person_id, p.event_id 
FROM #qualified_events P
JOIN (
  -- Begin Condition Occurrence Criteria
SELECT C.person_id, C.condition_occurrence_id as event_id, C.start_date, C.end_date,
  C.visit_occurrence_id, C.start_date as sort_date
FROM 
(
  SELECT co.person_id,co.condition_occurrence_id,co.condition_concept_id,co.visit_occurrence_id,co.condition_start_date as start_date, COALESCE(co.condition_end_date, DATEADD(day,1,co.condition_start_date)) as end_date 
  FROM @cdm_database_schema.CONDITION_OCCURRENCE co
  JOIN #Codesets cs on (co.condition_concept_id = cs.concept_id and cs.codeset_id = 32)
) C


-- End Condition Occurrence Criteria

) A on A.person_id = P.person_id  AND A.START_DATE >= P.OP_START_DATE AND A.START_DATE <= P.OP_END_DATE AND A.START_DATE >= DATEADD(day,-365,P.START_DATE) AND A.START_DATE <= DATEADD(day,-1,P.START_DATE) ) cc on p.person_id = cc.person_id and p.event_id = cc.event_id
GROUP BY p.person_id, p.event_id
HAVING COUNT(cc.event_id) = 0
-- End Correlated Criteria

  ) CQ on E.person_id = CQ.person_id and E.event_id = CQ.event_id
  GROUP BY E.person_id, E.event_id
  HAVING COUNT(index_id) = 1
) G
-- End Criteria Group
) AC on AC.person_id = pe.person_id AND AC.event_id = pe.event_id
) Results
;

SELECT inclusion_rule_id, person_id, event_id
INTO #inclusion_events
FROM (select inclusion_rule_id, person_id, event_id from #Inclusion_0
UNION ALL
select inclusion_rule_id, person_id, event_id from #Inclusion_1) I;
TRUNCATE TABLE #Inclusion_0;
DROP TABLE #Inclusion_0;

TRUNCATE TABLE #Inclusion_1;
DROP TABLE #Inclusion_1;


select event_id, person_id, start_date, end_date, op_start_date, op_end_date
into #included_events
FROM (
  SELECT event_id, person_id, start_date, end_date, op_start_date, op_end_date, row_number() over (partition by person_id order by start_date ASC) as ordinal
  from
  (
    select Q.event_id, Q.person_id, Q.start_date, Q.end_date, Q.op_start_date, Q.op_end_date, SUM(coalesce(POWER(cast(2 as bigint), I.inclusion_rule_id), 0)) as inclusion_rule_mask
    from #qualified_events Q
    LEFT JOIN #inclusion_events I on I.person_id = Q.person_id and I.event_id = Q.event_id
    GROUP BY Q.event_id, Q.person_id, Q.start_date, Q.end_date, Q.op_start_date, Q.op_end_date
  ) MG -- matching groups

  -- the matching group with all bits set ( POWER(2,# of inclusion rules) - 1 = inclusion_rule_mask
  WHERE (MG.inclusion_rule_mask = POWER(cast(2 as bigint),2)-1)

) Results

;

-- date offset strategy

select event_id, person_id, 
  case when DATEADD(day,90,end_date) > op_end_date then op_end_date else DATEADD(day,90,end_date) end as end_date
INTO #strategy_ends
from #included_events;


-- generate cohort periods into #final_cohort
select person_id, start_date, end_date
INTO #cohort_rows
from ( -- first_ends
	select F.person_id, F.start_date, F.end_date
	FROM (
	  select I.event_id, I.person_id, I.start_date, CE.end_date, row_number() over (partition by I.person_id, I.event_id order by CE.end_date) as ordinal
	  from #included_events I
	  join ( -- cohort_ends
-- cohort exit dates
-- End Date Strategy
SELECT event_id, person_id, end_date from #strategy_ends

    ) CE on I.event_id = CE.event_id and I.person_id = CE.person_id and CE.end_date >= I.start_date
	) F
	WHERE F.ordinal = 1
) FE;

select person_id, min(start_date) as start_date, end_date
into #final_cohort
from ( --cteEnds
	SELECT
		 c.person_id
		, c.start_date
		, MIN(ed.end_date) AS end_date
	FROM #cohort_rows c
	JOIN ( -- cteEndDates
    SELECT
      person_id
      , DATEADD(day,-1 * 0, event_date)  as end_date
    FROM
    (
      SELECT
        person_id
        , event_date
        , event_type
        , SUM(event_type) OVER (PARTITION BY person_id ORDER BY event_date, event_type ROWS UNBOUNDED PRECEDING) AS interval_status
      FROM
      (
        SELECT
          person_id
          , start_date AS event_date
          , -1 AS event_type
        FROM #cohort_rows

        UNION ALL


        SELECT
          person_id
          , DATEADD(day,0,end_date) as end_date
          , 1 AS event_type
        FROM #cohort_rows
      ) RAWDATA
    ) e
    WHERE interval_status = 0
  ) ed ON c.person_id = ed.person_id AND ed.end_date >= c.start_date
	GROUP BY c.person_id, c.start_date
) e
group by person_id, end_date
;

DELETE FROM @target_database_schema.@target_cohort_table where cohort_definition_id = @target_cohort_id;
INSERT INTO @target_database_schema.@target_cohort_table (cohort_definition_id, subject_id, cohort_start_date, cohort_end_date)
select @target_cohort_id as cohort_definition_id, person_id, start_date, end_date 
FROM #final_cohort CO
;


-- BEGIN: Censored Stats

delete from @results_database_schema.cohort_censor_stats where cohort_definition_id = @target_cohort_id;

-- END: Censored Stats



-- Create a temp table of inclusion rule rows for joining in the inclusion rule impact analysis

select cast(rule_sequence as int) as rule_sequence
into #inclusion_rules
from (
  SELECT CAST(0 as int) as rule_sequence UNION ALL SELECT CAST(1 as int) as rule_sequence
) IR;


-- Find the event that is the 'best match' per person.  
-- the 'best match' is defined as the event that satisfies the most inclusion rules.
-- ties are solved by choosing the event that matches the earliest inclusion rule, and then earliest.

select q.person_id, q.event_id
into #best_events
from #qualified_events Q
join (
	SELECT R.person_id, R.event_id, ROW_NUMBER() OVER (PARTITION BY R.person_id ORDER BY R.rule_count DESC,R.min_rule_id ASC, R.start_date ASC) AS rank_value
	FROM (
		SELECT Q.person_id, Q.event_id, COALESCE(COUNT(DISTINCT I.inclusion_rule_id), 0) AS rule_count, COALESCE(MIN(I.inclusion_rule_id), 0) AS min_rule_id, Q.start_date
		FROM #qualified_events Q
		LEFT JOIN #inclusion_events I ON q.person_id = i.person_id AND q.event_id = i.event_id
		GROUP BY Q.person_id, Q.event_id, Q.start_date
	) R
) ranked on Q.person_id = ranked.person_id and Q.event_id = ranked.event_id
WHERE ranked.rank_value = 1
;

-- modes of generation: (the same tables store the results for the different modes, identified by the mode_id column)
-- 0: all events
-- 1: best event


-- BEGIN: Inclusion Impact Analysis - event
-- calculte matching group counts
delete from @results_database_schema.cohort_inclusion_result where cohort_definition_id = @target_cohort_id and mode_id = 0;
insert into @results_database_schema.cohort_inclusion_result (cohort_definition_id, inclusion_rule_mask, person_count, mode_id)
select @target_cohort_id as cohort_definition_id, inclusion_rule_mask, count_big(*) as person_count, 0 as mode_id
from
(
  select Q.person_id, Q.event_id, CAST(SUM(coalesce(POWER(cast(2 as bigint), I.inclusion_rule_id), 0)) AS bigint) as inclusion_rule_mask
  from #qualified_events Q
  LEFT JOIN #inclusion_events I on q.person_id = i.person_id and q.event_id = i.event_id
  GROUP BY Q.person_id, Q.event_id
) MG -- matching groups
group by inclusion_rule_mask
;

-- calculate gain counts 
delete from @results_database_schema.cohort_inclusion_stats where cohort_definition_id = @target_cohort_id and mode_id = 0;
insert into @results_database_schema.cohort_inclusion_stats (cohort_definition_id, rule_sequence, person_count, gain_count, person_total, mode_id)
select @target_cohort_id as cohort_definition_id, ir.rule_sequence, coalesce(T.person_count, 0) as person_count, coalesce(SR.person_count, 0) gain_count, EventTotal.total, 0 as mode_id
from #inclusion_rules ir
left join
(
  select i.inclusion_rule_id, count_big(i.event_id) as person_count
  from #qualified_events Q
  JOIN #inclusion_events i on Q.person_id = I.person_id and Q.event_id = i.event_id
  group by i.inclusion_rule_id
) T on ir.rule_sequence = T.inclusion_rule_id
CROSS JOIN (select count(*) as total_rules from #inclusion_rules) RuleTotal
CROSS JOIN (select count_big(event_id) as total from #qualified_events) EventTotal
LEFT JOIN @results_database_schema.cohort_inclusion_result SR on SR.mode_id = 0 AND SR.cohort_definition_id = @target_cohort_id AND (POWER(cast(2 as bigint),RuleTotal.total_rules) - POWER(cast(2 as bigint),ir.rule_sequence) - 1) = SR.inclusion_rule_mask -- POWER(2,rule count) - POWER(2,rule sequence) - 1 is the mask for 'all except this rule'
;

-- calculate totals
delete from @results_database_schema.cohort_summary_stats where cohort_definition_id = @target_cohort_id and mode_id = 0;
insert into @results_database_schema.cohort_summary_stats (cohort_definition_id, base_count, final_count, mode_id)
select @target_cohort_id as cohort_definition_id, PC.total as person_count, coalesce(FC.total, 0) as final_count, 0 as mode_id
FROM
(select count_big(event_id) as total from #qualified_events) PC,
(select sum(sr.person_count) as total
  from @results_database_schema.cohort_inclusion_result sr
  CROSS JOIN (select count(*) as total_rules from #inclusion_rules) RuleTotal
  where sr.mode_id = 0 and sr.cohort_definition_id = @target_cohort_id and sr.inclusion_rule_mask = POWER(cast(2 as bigint),RuleTotal.total_rules)-1
) FC
;

-- END: Inclusion Impact Analysis - event

-- BEGIN: Inclusion Impact Analysis - person
-- calculte matching group counts
delete from @results_database_schema.cohort_inclusion_result where cohort_definition_id = @target_cohort_id and mode_id = 1;
insert into @results_database_schema.cohort_inclusion_result (cohort_definition_id, inclusion_rule_mask, person_count, mode_id)
select @target_cohort_id as cohort_definition_id, inclusion_rule_mask, count_big(*) as person_count, 1 as mode_id
from
(
  select Q.person_id, Q.event_id, CAST(SUM(coalesce(POWER(cast(2 as bigint), I.inclusion_rule_id), 0)) AS bigint) as inclusion_rule_mask
  from #best_events Q
  LEFT JOIN #inclusion_events I on q.person_id = i.person_id and q.event_id = i.event_id
  GROUP BY Q.person_id, Q.event_id
) MG -- matching groups
group by inclusion_rule_mask
;

-- calculate gain counts 
delete from @results_database_schema.cohort_inclusion_stats where cohort_definition_id = @target_cohort_id and mode_id = 1;
insert into @results_database_schema.cohort_inclusion_stats (cohort_definition_id, rule_sequence, person_count, gain_count, person_total, mode_id)
select @target_cohort_id as cohort_definition_id, ir.rule_sequence, coalesce(T.person_count, 0) as person_count, coalesce(SR.person_count, 0) gain_count, EventTotal.total, 1 as mode_id
from #inclusion_rules ir
left join
(
  select i.inclusion_rule_id, count_big(i.event_id) as person_count
  from #best_events Q
  JOIN #inclusion_events i on Q.person_id = I.person_id and Q.event_id = i.event_id
  group by i.inclusion_rule_id
) T on ir.rule_sequence = T.inclusion_rule_id
CROSS JOIN (select count(*) as total_rules from #inclusion_rules) RuleTotal
CROSS JOIN (select count_big(event_id) as total from #best_events) EventTotal
LEFT JOIN @results_database_schema.cohort_inclusion_result SR on SR.mode_id = 1 AND SR.cohort_definition_id = @target_cohort_id AND (POWER(cast(2 as bigint),RuleTotal.total_rules) - POWER(cast(2 as bigint),ir.rule_sequence) - 1) = SR.inclusion_rule_mask -- POWER(2,rule count) - POWER(2,rule sequence) - 1 is the mask for 'all except this rule'
;

-- calculate totals
delete from @results_database_schema.cohort_summary_stats where cohort_definition_id = @target_cohort_id and mode_id = 1;
insert into @results_database_schema.cohort_summary_stats (cohort_definition_id, base_count, final_count, mode_id)
select @target_cohort_id as cohort_definition_id, PC.total as person_count, coalesce(FC.total, 0) as final_count, 1 as mode_id
FROM
(select count_big(event_id) as total from #best_events) PC,
(select sum(sr.person_count) as total
  from @results_database_schema.cohort_inclusion_result sr
  CROSS JOIN (select count(*) as total_rules from #inclusion_rules) RuleTotal
  where sr.mode_id = 1 and sr.cohort_definition_id = @target_cohort_id and sr.inclusion_rule_mask = POWER(cast(2 as bigint),RuleTotal.total_rules)-1
) FC
;

-- END: Inclusion Impact Analysis - person

TRUNCATE TABLE #best_events;
DROP TABLE #best_events;

TRUNCATE TABLE #inclusion_rules;
DROP TABLE #inclusion_rules;


TRUNCATE TABLE #strategy_ends;
DROP TABLE #strategy_ends;


TRUNCATE TABLE #cohort_rows;
DROP TABLE #cohort_rows;

TRUNCATE TABLE #final_cohort;
DROP TABLE #final_cohort;

TRUNCATE TABLE #inclusion_events;
DROP TABLE #inclusion_events;

TRUNCATE TABLE #qualified_events;
DROP TABLE #qualified_events;

TRUNCATE TABLE #included_events;
DROP TABLE #included_events;

TRUNCATE TABLE #Codesets;
DROP TABLE #Codesets;
","{
	""cdmVersionRange"" : "">=5.0.0"",
	""PrimaryCriteria"" : {
		""CriteriaList"" : [
			{
				""ConditionOccurrence"" : {
					""CodesetId"" : 32
				}
			}
		],
		""ObservationWindow"" : {
			""PriorDays"" : 0,
			""PostDays"" : 0
		},
		""PrimaryCriteriaLimit"" : {
			""Type"" : ""All""
		}
	},
	""ConceptSets"" : [
		{
			""id"" : 21,
			""name"" : ""chronic Hepatic Failure\n"",
			""expression"" : {
				""items"" : [
					{
						""concept"" : {
							""CONCEPT_ID"" : 4340390,
							""CONCEPT_NAME"" : ""Chronic hepatic failure"",
							""STANDARD_CONCEPT"" : ""S"",
							""STANDARD_CONCEPT_CAPTION"" : ""Standard"",
							""INVALID_REASON"" : ""V"",
							""INVALID_REASON_CAPTION"" : ""Valid"",
							""CONCEPT_CODE"" : ""235886005"",
							""DOMAIN_ID"" : ""Condition"",
							""VOCABULARY_ID"" : ""SNOMED"",
							""CONCEPT_CLASS_ID"" : ""Clinical Finding""
						},
						""isExcluded"" : false,
						""includeDescendants"" : true,
						""includeMapped"" : false
					}
				]
			}
		},
		{
			""id"" : 32,
			""name"" : ""Acute hepatic injury"",
			""expression"" : {
				""items"" : [
					{
						""concept"" : {
							""CONCEPT_ID"" : 4055224,
							""CONCEPT_NAME"" : ""Toxic liver disease"",
							""STANDARD_CONCEPT"" : ""S"",
							""STANDARD_CONCEPT_CAPTION"" : ""Standard"",
							""INVALID_REASON"" : ""V"",
							""INVALID_REASON_CAPTION"" : ""Valid"",
							""CONCEPT_CODE"" : ""197354009"",
							""DOMAIN_ID"" : ""Condition"",
							""VOCABULARY_ID"" : ""SNOMED"",
							""CONCEPT_CLASS_ID"" : ""Clinical Finding""
						},
						""isExcluded"" : false,
						""includeDescendants"" : true,
						""includeMapped"" : false
					},
					{
						""concept"" : {
							""CONCEPT_ID"" : 4245975,
							""CONCEPT_NAME"" : ""Hepatic failure"",
							""STANDARD_CONCEPT"" : ""S"",
							""STANDARD_CONCEPT_CAPTION"" : ""Standard"",
							""INVALID_REASON"" : ""V"",
							""INVALID_REASON_CAPTION"" : ""Valid"",
							""CONCEPT_CODE"" : ""59927004"",
							""DOMAIN_ID"" : ""Condition"",
							""VOCABULARY_ID"" : ""SNOMED"",
							""CONCEPT_CLASS_ID"" : ""Clinical Finding""
						},
						""isExcluded"" : false,
						""includeDescendants"" : true,
						""includeMapped"" : false
					},
					{
						""concept"" : {
							""CONCEPT_ID"" : 4340390,
							""CONCEPT_NAME"" : ""Chronic hepatic failure"",
							""STANDARD_CONCEPT"" : ""S"",
							""STANDARD_CONCEPT_CAPTION"" : ""Standard"",
							""INVALID_REASON"" : ""V"",
							""INVALID_REASON_CAPTION"" : ""Valid"",
							""CONCEPT_CODE"" : ""235886005"",
							""DOMAIN_ID"" : ""Condition"",
							""VOCABULARY_ID"" : ""SNOMED"",
							""CONCEPT_CLASS_ID"" : ""Clinical Finding""
						},
						""isExcluded"" : true,
						""includeDescendants"" : true,
						""includeMapped"" : false
					},
					{
						""concept"" : {
							""CONCEPT_ID"" : 194990,
							""CONCEPT_NAME"" : ""Inflammatory disease of liver"",
							""STANDARD_CONCEPT"" : ""S"",
							""STANDARD_CONCEPT_CAPTION"" : ""Standard"",
							""INVALID_REASON"" : ""V"",
							""INVALID_REASON_CAPTION"" : ""Valid"",
							""CONCEPT_CODE"" : ""128241005"",
							""DOMAIN_ID"" : ""Condition"",
							""VOCABULARY_ID"" : ""SNOMED"",
							""CONCEPT_CLASS_ID"" : ""Clinical Finding""
						},
						""isExcluded"" : false,
						""includeDescendants"" : false,
						""includeMapped"" : false
					},
					{
						""concept"" : {
							""CONCEPT_ID"" : 4058696,
							""CONCEPT_NAME"" : ""Central hemorrhagic necrosis of liver"",
							""STANDARD_CONCEPT"" : ""S"",
							""STANDARD_CONCEPT_CAPTION"" : ""Standard"",
							""INVALID_REASON"" : ""V"",
							""INVALID_REASON_CAPTION"" : ""Valid"",
							""CONCEPT_CODE"" : ""197364000"",
							""DOMAIN_ID"" : ""Condition"",
							""VOCABULARY_ID"" : ""SNOMED"",
							""CONCEPT_CLASS_ID"" : ""Clinical Finding""
						},
						""isExcluded"" : false,
						""includeDescendants"" : true,
						""includeMapped"" : false
					},
					{
						""concept"" : {
							""CONCEPT_ID"" : 4055225,
							""CONCEPT_NAME"" : ""Toxic liver disease with chronic lobular hepatitis"",
							""STANDARD_CONCEPT"" : ""S"",
							""STANDARD_CONCEPT_CAPTION"" : ""Standard"",
							""INVALID_REASON"" : ""V"",
							""INVALID_REASON_CAPTION"" : ""Valid"",
							""CONCEPT_CODE"" : ""197360009"",
							""DOMAIN_ID"" : ""Condition"",
							""VOCABULARY_ID"" : ""SNOMED"",
							""CONCEPT_CLASS_ID"" : ""Clinical Finding""
						},
						""isExcluded"" : true,
						""includeDescendants"" : true,
						""includeMapped"" : false
					},
					{
						""concept"" : {
							""CONCEPT_ID"" : 4059299,
							""CONCEPT_NAME"" : ""Toxic liver disease with chronic active hepatitis"",
							""STANDARD_CONCEPT"" : ""S"",
							""STANDARD_CONCEPT_CAPTION"" : ""Standard"",
							""INVALID_REASON"" : ""V"",
							""INVALID_REASON_CAPTION"" : ""Valid"",
							""CONCEPT_CODE"" : ""197361008"",
							""DOMAIN_ID"" : ""Condition"",
							""VOCABULARY_ID"" : ""SNOMED"",
							""CONCEPT_CLASS_ID"" : ""Clinical Finding""
						},
						""isExcluded"" : true,
						""includeDescendants"" : true,
						""includeMapped"" : false
					},
					{
						""concept"" : {
							""CONCEPT_ID"" : 4059298,
							""CONCEPT_NAME"" : ""Toxic liver disease with chronic persistent hepatitis"",
							""STANDARD_CONCEPT"" : ""S"",
							""STANDARD_CONCEPT_CAPTION"" : ""Standard"",
							""INVALID_REASON"" : ""V"",
							""INVALID_REASON_CAPTION"" : ""Valid"",
							""CONCEPT_CODE"" : ""197359004"",
							""DOMAIN_ID"" : ""Condition"",
							""VOCABULARY_ID"" : ""SNOMED"",
							""CONCEPT_CLASS_ID"" : ""Clinical Finding""
						},
						""isExcluded"" : true,
						""includeDescendants"" : true,
						""includeMapped"" : false
					},
					{
						""concept"" : {
							""CONCEPT_ID"" : 4058695,
							""CONCEPT_NAME"" : ""Toxic liver disease with fibrosis and cirrhosis of liver"",
							""STANDARD_CONCEPT"" : ""S"",
							""STANDARD_CONCEPT_CAPTION"" : ""Standard"",
							""INVALID_REASON"" : ""V"",
							""INVALID_REASON_CAPTION"" : ""Valid"",
							""CONCEPT_CODE"" : ""197362001"",
							""DOMAIN_ID"" : ""Condition"",
							""VOCABULARY_ID"" : ""SNOMED"",
							""CONCEPT_CLASS_ID"" : ""Clinical Finding""
						},
						""isExcluded"" : true,
						""includeDescendants"" : true,
						""includeMapped"" : false
					},
					{
						""concept"" : {
							""CONCEPT_ID"" : 4029488,
							""CONCEPT_NAME"" : ""Hepatic encephalopathy"",
							""STANDARD_CONCEPT"" : ""S"",
							""STANDARD_CONCEPT_CAPTION"" : ""Standard"",
							""INVALID_REASON"" : ""V"",
							""INVALID_REASON_CAPTION"" : ""Valid"",
							""CONCEPT_CODE"" : ""13920009"",
							""DOMAIN_ID"" : ""Condition"",
							""VOCABULARY_ID"" : ""SNOMED"",
							""CONCEPT_CLASS_ID"" : ""Clinical Finding""
						},
						""isExcluded"" : false,
						""includeDescendants"" : true,
						""includeMapped"" : false
					},
					{
						""concept"" : {
							""CONCEPT_ID"" : 4337543,
							""CONCEPT_NAME"" : ""Hepatic necrosis"",
							""STANDARD_CONCEPT"" : ""S"",
							""STANDARD_CONCEPT_CAPTION"" : ""Standard"",
							""INVALID_REASON"" : ""V"",
							""INVALID_REASON_CAPTION"" : ""Valid"",
							""CONCEPT_CODE"" : ""87248009"",
							""DOMAIN_ID"" : ""Condition"",
							""VOCABULARY_ID"" : ""SNOMED"",
							""CONCEPT_CLASS_ID"" : ""Clinical Finding""
						},
						""isExcluded"" : false,
						""includeDescendants"" : true,
						""includeMapped"" : false
					},
					{
						""concept"" : {
							""CONCEPT_ID"" : 3655440,
							""CONCEPT_NAME"" : ""Chronic necrosis of liver"",
							""STANDARD_CONCEPT"" : ""S"",
							""STANDARD_CONCEPT_CAPTION"" : ""Standard"",
							""INVALID_REASON"" : ""V"",
							""INVALID_REASON_CAPTION"" : ""Valid"",
							""CONCEPT_CODE"" : ""863957008"",
							""DOMAIN_ID"" : ""Condition"",
							""VOCABULARY_ID"" : ""SNOMED"",
							""CONCEPT_CLASS_ID"" : ""Clinical Finding""
						},
						""isExcluded"" : true,
						""includeDescendants"" : true,
						""includeMapped"" : false
					},
					{
						""concept"" : {
							""CONCEPT_ID"" : 4239091,
							""CONCEPT_NAME"" : ""Necrosis of liver of pregnancy"",
							""STANDARD_CONCEPT"" : ""S"",
							""STANDARD_CONCEPT_CAPTION"" : ""Standard"",
							""INVALID_REASON"" : ""V"",
							""INVALID_REASON_CAPTION"" : ""Valid"",
							""CONCEPT_CODE"" : ""91162000"",
							""DOMAIN_ID"" : ""Condition"",
							""VOCABULARY_ID"" : ""SNOMED"",
							""CONCEPT_CLASS_ID"" : ""Clinical Finding""
						},
						""isExcluded"" : true,
						""includeDescendants"" : true,
						""includeMapped"" : false
					},
					{
						""concept"" : {
							""CONCEPT_ID"" : 42599120,
							""CONCEPT_NAME"" : ""Hepatic necrosis in animals"",
							""STANDARD_CONCEPT"" : ""S"",
							""STANDARD_CONCEPT_CAPTION"" : ""Standard"",
							""INVALID_REASON"" : ""V"",
							""INVALID_REASON_CAPTION"" : ""Valid"",
							""CONCEPT_CODE"" : ""346721000009103"",
							""DOMAIN_ID"" : ""Condition"",
							""VOCABULARY_ID"" : ""SNOMED Veterinary"",
							""CONCEPT_CLASS_ID"" : ""Clinical Finding""
						},
						""isExcluded"" : true,
						""includeDescendants"" : true,
						""includeMapped"" : false
					},
					{
						""concept"" : {
							""CONCEPT_ID"" : 194417,
							""CONCEPT_NAME"" : ""Hepatic infarction"",
							""STANDARD_CONCEPT"" : ""S"",
							""STANDARD_CONCEPT_CAPTION"" : ""Standard"",
							""INVALID_REASON"" : ""V"",
							""INVALID_REASON_CAPTION"" : ""Valid"",
							""CONCEPT_CODE"" : ""17890003"",
							""DOMAIN_ID"" : ""Condition"",
							""VOCABULARY_ID"" : ""SNOMED"",
							""CONCEPT_CLASS_ID"" : ""Clinical Finding""
						},
						""isExcluded"" : true,
						""includeDescendants"" : true,
						""includeMapped"" : false
					},
					{
						""concept"" : {
							""CONCEPT_ID"" : 4055223,
							""CONCEPT_NAME"" : ""Toxic hepatitis"",
							""STANDARD_CONCEPT"" : ""S"",
							""STANDARD_CONCEPT_CAPTION"" : ""Standard"",
							""INVALID_REASON"" : ""V"",
							""INVALID_REASON_CAPTION"" : ""Valid"",
							""CONCEPT_CODE"" : ""197352008"",
							""DOMAIN_ID"" : ""Condition"",
							""VOCABULARY_ID"" : ""SNOMED"",
							""CONCEPT_CLASS_ID"" : ""Disorder""
						},
						""isExcluded"" : false,
						""includeDescendants"" : true,
						""includeMapped"" : false
					},
					{
						""concept"" : {
							""CONCEPT_ID"" : 200763,
							""CONCEPT_NAME"" : ""Chronic hepatitis"",
							""STANDARD_CONCEPT"" : ""S"",
							""STANDARD_CONCEPT_CAPTION"" : ""Standard"",
							""INVALID_REASON"" : ""V"",
							""INVALID_REASON_CAPTION"" : ""Valid"",
							""CONCEPT_CODE"" : ""76783007"",
							""DOMAIN_ID"" : ""Condition"",
							""VOCABULARY_ID"" : ""SNOMED"",
							""CONCEPT_CLASS_ID"" : ""Disorder""
						},
						""isExcluded"" : true,
						""includeDescendants"" : true,
						""includeMapped"" : false
					},
					{
						""concept"" : {
							""CONCEPT_ID"" : 4212540,
							""CONCEPT_NAME"" : ""Chronic liver disease"",
							""STANDARD_CONCEPT"" : ""S"",
							""STANDARD_CONCEPT_CAPTION"" : ""Standard"",
							""INVALID_REASON"" : ""V"",
							""INVALID_REASON_CAPTION"" : ""Valid"",
							""CONCEPT_CODE"" : ""328383001"",
							""DOMAIN_ID"" : ""Condition"",
							""VOCABULARY_ID"" : ""SNOMED"",
							""CONCEPT_CLASS_ID"" : ""Disorder""
						},
						""isExcluded"" : true,
						""includeDescendants"" : true,
						""includeMapped"" : false
					}
				]
			}
		}
	],
	""QualifiedLimit"" : {
		""Type"" : ""First""
	},
	""ExpressionLimit"" : {
		""Type"" : ""All""
	},
	""InclusionRules"" : [
		{
			""name"" : ""have no chronic hepatic failure on the day of diagnosis "",
			""expression"" : {
				""Type"" : ""ALL"",
				""CriteriaList"" : [
					{
						""Criteria"" : {
							""ConditionOccurrence"" : {
								""CodesetId"" : 21
							}
						},
						""StartWindow"" : {
							""Start"" : {
								""Days"" : 0,
								""Coeff"" : -1
							},
							""End"" : {
								""Days"" : 0,
								""Coeff"" : 1
							},
							""UseIndexEnd"" : false,
							""UseEventEnd"" : false
						},
						""RestrictVisit"" : false,
						""IgnoreObservationPeriod"" : false,
						""Occurrence"" : {
							""Type"" : 0,
							""Count"" : 0,
							""IsDistinct"" : false
						}
					}
				],
				""DemographicCriteriaList"" : [],
				""Groups"" : []
			}
		},
		{
			""name"" : ""365 washout period of 365 days "",
			""expression"" : {
				""Type"" : ""ALL"",
				""CriteriaList"" : [
					{
						""Criteria"" : {
							""ConditionOccurrence"" : {
								""CodesetId"" : 32
							}
						},
						""StartWindow"" : {
							""Start"" : {
								""Days"" : 365,
								""Coeff"" : -1
							},
							""End"" : {
								""Days"" : 1,
								""Coeff"" : -1
							},
							""UseIndexEnd"" : false,
							""UseEventEnd"" : false
						},
						""RestrictVisit"" : false,
						""IgnoreObservationPeriod"" : false,
						""Occurrence"" : {
							""Type"" : 0,
							""Count"" : 0,
							""IsDistinct"" : false
						}
					}
				],
				""DemographicCriteriaList"" : [],
				""Groups"" : []
			}
		}
	],
	""EndStrategy"" : {
		""DateOffset"" : {
			""DateField"" : ""EndDate"",
			""Offset"" : 90
		}
	},
	""CensoringCriteria"" : [],
	""CollapseSettings"" : {
		""CollapseType"" : ""ERA"",
		""EraPad"" : 0
	},
	""CensorWindow"" : {}
}","source: 10729;
hashTag: #ASSURE, #Outcome, #ASSURE-Outcome, #DME,#correction,#VocabUpadeCorrection,#replacement;
submitter: Gowtham A. Rao, Azza A Shoaibi,
ohdsi: 
logic: All events of Acute Liver Injury, indexed on the diagnosis of Acute Liver Injury, excluding events of Acute Liver Injury in prior 365 washout period. Excluding events with chronic hepatic failure on the same index date. patients exist cohort 90 days post end date.",TRUE
1793297,1793297,GLP1ALI_O2_SGLT2i,"CREATE TABLE #Codesets (
  codeset_id int NOT NULL,
  concept_id bigint NOT NULL
)
;

INSERT INTO #Codesets (codeset_id, concept_id)
SELECT 1 as codeset_id, c.concept_id FROM (select distinct I.concept_id FROM
( 
  select concept_id from @vocabulary_database_schema.CONCEPT where concept_id in (43013884,40239216,40166035,1580747,19122137)
UNION  select c.concept_id
  from @vocabulary_database_schema.CONCEPT c
  join @vocabulary_database_schema.CONCEPT_ANCESTOR ca on c.concept_id = ca.descendant_concept_id
  and ca.ancestor_concept_id in (43013884,40239216,40166035,1580747,19122137)
  and c.invalid_reason is null

) I
) C UNION ALL 
SELECT 2 as codeset_id, c.concept_id FROM (select distinct I.concept_id FROM
( 
  select concept_id from @vocabulary_database_schema.CONCEPT where concept_id in (45774435,1583722,40170911,44506754,44816332,793143)
UNION  select c.concept_id
  from @vocabulary_database_schema.CONCEPT c
  join @vocabulary_database_schema.CONCEPT_ANCESTOR ca on c.concept_id = ca.descendant_concept_id
  and ca.ancestor_concept_id in (45774435,1583722,40170911,44506754,44816332,793143)
  and c.invalid_reason is null

) I
) C UNION ALL 
SELECT 7 as codeset_id, c.concept_id FROM (select distinct I.concept_id FROM
( 
  select concept_id from @vocabulary_database_schema.CONCEPT where concept_id in (1503297)
UNION  select c.concept_id
  from @vocabulary_database_schema.CONCEPT c
  join @vocabulary_database_schema.CONCEPT_ANCESTOR ca on c.concept_id = ca.descendant_concept_id
  and ca.ancestor_concept_id in (1503297)
  and c.invalid_reason is null

) I
) C UNION ALL 
SELECT 10 as codeset_id, c.concept_id FROM (select distinct I.concept_id FROM
( 
  select concept_id from @vocabulary_database_schema.CONCEPT where concept_id in (195771,761051)
UNION  select c.concept_id
  from @vocabulary_database_schema.CONCEPT c
  join @vocabulary_database_schema.CONCEPT_ANCESTOR ca on c.concept_id = ca.descendant_concept_id
  and ca.ancestor_concept_id in (195771,761051)
  and c.invalid_reason is null

) I
) C UNION ALL 
SELECT 11 as codeset_id, c.concept_id FROM (select distinct I.concept_id FROM
( 
  select concept_id from @vocabulary_database_schema.CONCEPT where concept_id in (40484649,42689695,765533,43531006,765650,45770986,201254,45768456,40484648,4128019,435216)
UNION  select c.concept_id
  from @vocabulary_database_schema.CONCEPT c
  join @vocabulary_database_schema.CONCEPT_ANCESTOR ca on c.concept_id = ca.descendant_concept_id
  and ca.ancestor_concept_id in (40484649,42689695,765533,43531006,765650,45770986,201254,45768456,40484648,4128019,435216)
  and c.invalid_reason is null

) I
) C UNION ALL 
SELECT 12 as codeset_id, c.concept_id FROM (select distinct I.concept_id FROM
( 
  select concept_id from @vocabulary_database_schema.CONCEPT where concept_id in (443238,201820,442793,4016045)
UNION  select c.concept_id
  from @vocabulary_database_schema.CONCEPT c
  join @vocabulary_database_schema.CONCEPT_ANCESTOR ca on c.concept_id = ca.descendant_concept_id
  and ca.ancestor_concept_id in (443238,201820,442793,4016045)
  and c.invalid_reason is null

) I
LEFT JOIN
(
  select concept_id from @vocabulary_database_schema.CONCEPT where concept_id in (40484648,201254,435216,195771,761051,40484649,43531009,4024659)
UNION  select c.concept_id
  from @vocabulary_database_schema.CONCEPT c
  join @vocabulary_database_schema.CONCEPT_ANCESTOR ca on c.concept_id = ca.descendant_concept_id
  and ca.ancestor_concept_id in (40484648,201254,435216,195771,761051,40484649,43531009,4024659)
  and c.invalid_reason is null

) E ON I.concept_id = E.concept_id
WHERE E.concept_id is null
) C UNION ALL 
SELECT 17 as codeset_id, c.concept_id FROM (select distinct I.concept_id FROM
( 
  select concept_id from @vocabulary_database_schema.CONCEPT where concept_id in (46269836,37016176,4093637,194984,4145627,44806251,46269816,4340396,196029,45757783,46269817,4163735,195856,36714559)
UNION  select c.concept_id
  from @vocabulary_database_schema.CONCEPT c
  join @vocabulary_database_schema.CONCEPT_ANCESTOR ca on c.concept_id = ca.descendant_concept_id
  and ca.ancestor_concept_id in (46269836,37016176,4093637,194984,4145627,44806251,46269816,4340396,196029,45757783,46269817,4163735,195856,36714559)
  and c.invalid_reason is null

) I
) C UNION ALL 
SELECT 18 as codeset_id, c.concept_id FROM (select distinct I.concept_id FROM
( 
  select concept_id from @vocabulary_database_schema.CONCEPT where concept_id in (43526465,44785829,45774751,793293)
UNION  select c.concept_id
  from @vocabulary_database_schema.CONCEPT c
  join @vocabulary_database_schema.CONCEPT_ANCESTOR ca on c.concept_id = ca.descendant_concept_id
  and ca.ancestor_concept_id in (43526465,44785829,45774751,793293)
  and c.invalid_reason is null

) I
) C;

UPDATE STATISTICS #Codesets;


SELECT event_id, person_id, start_date, end_date, op_start_date, op_end_date, visit_occurrence_id
INTO #qualified_events
FROM 
(
  select pe.event_id, pe.person_id, pe.start_date, pe.end_date, pe.op_start_date, pe.op_end_date, row_number() over (partition by pe.person_id order by pe.start_date ASC) as ordinal, cast(pe.visit_occurrence_id as bigint) as visit_occurrence_id
  FROM (-- Begin Primary Events
select P.ordinal as event_id, P.person_id, P.start_date, P.end_date, op_start_date, op_end_date, cast(P.visit_occurrence_id as bigint) as visit_occurrence_id
FROM
(
  select E.person_id, E.start_date, E.end_date,
         row_number() OVER (PARTITION BY E.person_id ORDER BY E.sort_date ASC, E.event_id) ordinal,
         OP.observation_period_start_date as op_start_date, OP.observation_period_end_date as op_end_date, cast(E.visit_occurrence_id as bigint) as visit_occurrence_id
  FROM 
  (
  -- Begin Drug Exposure Criteria
select C.person_id, C.drug_exposure_id as event_id, C.start_date, C.end_date,
  C.visit_occurrence_id,C.start_date as sort_date
from 
(
  select de.person_id,de.drug_exposure_id,de.drug_concept_id,de.visit_occurrence_id,days_supply,quantity,refills,de.drug_exposure_start_date as start_date, COALESCE(de.drug_exposure_end_date, DATEADD(day,de.days_supply,de.drug_exposure_start_date), DATEADD(day,1,de.drug_exposure_start_date)) as end_date , row_number() over (PARTITION BY de.person_id ORDER BY de.drug_exposure_start_date, de.drug_exposure_id) as ordinal
  FROM @cdm_database_schema.DRUG_EXPOSURE de
JOIN #Codesets cs on (de.drug_concept_id = cs.concept_id and cs.codeset_id = 18)
) C

WHERE C.ordinal = 1
-- End Drug Exposure Criteria

  ) E
	JOIN @cdm_database_schema.observation_period OP on E.person_id = OP.person_id and E.start_date >=  OP.observation_period_start_date and E.start_date <= op.observation_period_end_date
  WHERE DATEADD(day,365,OP.OBSERVATION_PERIOD_START_DATE) <= E.START_DATE AND DATEADD(day,0,E.START_DATE) <= OP.OBSERVATION_PERIOD_END_DATE
) P
WHERE P.ordinal = 1
-- End Primary Events
) pe
  
JOIN (
-- Begin Criteria Group
select 0 as index_id, person_id, event_id
FROM
(
  select E.person_id, E.event_id 
  FROM (-- Begin Primary Events
select P.ordinal as event_id, P.person_id, P.start_date, P.end_date, op_start_date, op_end_date, cast(P.visit_occurrence_id as bigint) as visit_occurrence_id
FROM
(
  select E.person_id, E.start_date, E.end_date,
         row_number() OVER (PARTITION BY E.person_id ORDER BY E.sort_date ASC, E.event_id) ordinal,
         OP.observation_period_start_date as op_start_date, OP.observation_period_end_date as op_end_date, cast(E.visit_occurrence_id as bigint) as visit_occurrence_id
  FROM 
  (
  -- Begin Drug Exposure Criteria
select C.person_id, C.drug_exposure_id as event_id, C.start_date, C.end_date,
  C.visit_occurrence_id,C.start_date as sort_date
from 
(
  select de.person_id,de.drug_exposure_id,de.drug_concept_id,de.visit_occurrence_id,days_supply,quantity,refills,de.drug_exposure_start_date as start_date, COALESCE(de.drug_exposure_end_date, DATEADD(day,de.days_supply,de.drug_exposure_start_date), DATEADD(day,1,de.drug_exposure_start_date)) as end_date , row_number() over (PARTITION BY de.person_id ORDER BY de.drug_exposure_start_date, de.drug_exposure_id) as ordinal
  FROM @cdm_database_schema.DRUG_EXPOSURE de
JOIN #Codesets cs on (de.drug_concept_id = cs.concept_id and cs.codeset_id = 18)
) C

WHERE C.ordinal = 1
-- End Drug Exposure Criteria

  ) E
	JOIN @cdm_database_schema.observation_period OP on E.person_id = OP.person_id and E.start_date >=  OP.observation_period_start_date and E.start_date <= op.observation_period_end_date
  WHERE DATEADD(day,365,OP.OBSERVATION_PERIOD_START_DATE) <= E.START_DATE AND DATEADD(day,0,E.START_DATE) <= OP.OBSERVATION_PERIOD_END_DATE
) P
WHERE P.ordinal = 1
-- End Primary Events
) E
  INNER JOIN
  (
    -- Begin Correlated Criteria
select 0 as index_id, cc.person_id, cc.event_id
from (SELECT p.person_id, p.event_id 
FROM (-- Begin Primary Events
select P.ordinal as event_id, P.person_id, P.start_date, P.end_date, op_start_date, op_end_date, cast(P.visit_occurrence_id as bigint) as visit_occurrence_id
FROM
(
  select E.person_id, E.start_date, E.end_date,
         row_number() OVER (PARTITION BY E.person_id ORDER BY E.sort_date ASC, E.event_id) ordinal,
         OP.observation_period_start_date as op_start_date, OP.observation_period_end_date as op_end_date, cast(E.visit_occurrence_id as bigint) as visit_occurrence_id
  FROM 
  (
  -- Begin Drug Exposure Criteria
select C.person_id, C.drug_exposure_id as event_id, C.start_date, C.end_date,
  C.visit_occurrence_id,C.start_date as sort_date
from 
(
  select de.person_id,de.drug_exposure_id,de.drug_concept_id,de.visit_occurrence_id,days_supply,quantity,refills,de.drug_exposure_start_date as start_date, COALESCE(de.drug_exposure_end_date, DATEADD(day,de.days_supply,de.drug_exposure_start_date), DATEADD(day,1,de.drug_exposure_start_date)) as end_date , row_number() over (PARTITION BY de.person_id ORDER BY de.drug_exposure_start_date, de.drug_exposure_id) as ordinal
  FROM @cdm_database_schema.DRUG_EXPOSURE de
JOIN #Codesets cs on (de.drug_concept_id = cs.concept_id and cs.codeset_id = 18)
) C

WHERE C.ordinal = 1
-- End Drug Exposure Criteria

  ) E
	JOIN @cdm_database_schema.observation_period OP on E.person_id = OP.person_id and E.start_date >=  OP.observation_period_start_date and E.start_date <= op.observation_period_end_date
  WHERE DATEADD(day,365,OP.OBSERVATION_PERIOD_START_DATE) <= E.START_DATE AND DATEADD(day,0,E.START_DATE) <= OP.OBSERVATION_PERIOD_END_DATE
) P
WHERE P.ordinal = 1
-- End Primary Events
) P
JOIN (
  -- Begin Condition Occurrence Criteria
SELECT C.person_id, C.condition_occurrence_id as event_id, C.start_date, C.end_date,
  C.visit_occurrence_id, C.start_date as sort_date
FROM 
(
  SELECT co.person_id,co.condition_occurrence_id,co.condition_concept_id,co.visit_occurrence_id,co.condition_start_date as start_date, COALESCE(co.condition_end_date, DATEADD(day,1,co.condition_start_date)) as end_date 
  FROM @cdm_database_schema.CONDITION_OCCURRENCE co
  JOIN #Codesets cs on (co.condition_concept_id = cs.concept_id and cs.codeset_id = 12)
) C


-- End Condition Occurrence Criteria

) A on A.person_id = P.person_id  AND A.START_DATE <= DATEADD(day,0,P.START_DATE) ) cc 
GROUP BY cc.person_id, cc.event_id
HAVING COUNT(cc.event_id) >= 1
-- End Correlated Criteria

UNION ALL
-- Begin Correlated Criteria
select 1 as index_id, p.person_id, p.event_id
from (-- Begin Primary Events
select P.ordinal as event_id, P.person_id, P.start_date, P.end_date, op_start_date, op_end_date, cast(P.visit_occurrence_id as bigint) as visit_occurrence_id
FROM
(
  select E.person_id, E.start_date, E.end_date,
         row_number() OVER (PARTITION BY E.person_id ORDER BY E.sort_date ASC, E.event_id) ordinal,
         OP.observation_period_start_date as op_start_date, OP.observation_period_end_date as op_end_date, cast(E.visit_occurrence_id as bigint) as visit_occurrence_id
  FROM 
  (
  -- Begin Drug Exposure Criteria
select C.person_id, C.drug_exposure_id as event_id, C.start_date, C.end_date,
  C.visit_occurrence_id,C.start_date as sort_date
from 
(
  select de.person_id,de.drug_exposure_id,de.drug_concept_id,de.visit_occurrence_id,days_supply,quantity,refills,de.drug_exposure_start_date as start_date, COALESCE(de.drug_exposure_end_date, DATEADD(day,de.days_supply,de.drug_exposure_start_date), DATEADD(day,1,de.drug_exposure_start_date)) as end_date , row_number() over (PARTITION BY de.person_id ORDER BY de.drug_exposure_start_date, de.drug_exposure_id) as ordinal
  FROM @cdm_database_schema.DRUG_EXPOSURE de
JOIN #Codesets cs on (de.drug_concept_id = cs.concept_id and cs.codeset_id = 18)
) C

WHERE C.ordinal = 1
-- End Drug Exposure Criteria

  ) E
	JOIN @cdm_database_schema.observation_period OP on E.person_id = OP.person_id and E.start_date >=  OP.observation_period_start_date and E.start_date <= op.observation_period_end_date
  WHERE DATEADD(day,365,OP.OBSERVATION_PERIOD_START_DATE) <= E.START_DATE AND DATEADD(day,0,E.START_DATE) <= OP.OBSERVATION_PERIOD_END_DATE
) P
WHERE P.ordinal = 1
-- End Primary Events
) p
LEFT JOIN (
SELECT p.person_id, p.event_id 
FROM (-- Begin Primary Events
select P.ordinal as event_id, P.person_id, P.start_date, P.end_date, op_start_date, op_end_date, cast(P.visit_occurrence_id as bigint) as visit_occurrence_id
FROM
(
  select E.person_id, E.start_date, E.end_date,
         row_number() OVER (PARTITION BY E.person_id ORDER BY E.sort_date ASC, E.event_id) ordinal,
         OP.observation_period_start_date as op_start_date, OP.observation_period_end_date as op_end_date, cast(E.visit_occurrence_id as bigint) as visit_occurrence_id
  FROM 
  (
  -- Begin Drug Exposure Criteria
select C.person_id, C.drug_exposure_id as event_id, C.start_date, C.end_date,
  C.visit_occurrence_id,C.start_date as sort_date
from 
(
  select de.person_id,de.drug_exposure_id,de.drug_concept_id,de.visit_occurrence_id,days_supply,quantity,refills,de.drug_exposure_start_date as start_date, COALESCE(de.drug_exposure_end_date, DATEADD(day,de.days_supply,de.drug_exposure_start_date), DATEADD(day,1,de.drug_exposure_start_date)) as end_date , row_number() over (PARTITION BY de.person_id ORDER BY de.drug_exposure_start_date, de.drug_exposure_id) as ordinal
  FROM @cdm_database_schema.DRUG_EXPOSURE de
JOIN #Codesets cs on (de.drug_concept_id = cs.concept_id and cs.codeset_id = 18)
) C

WHERE C.ordinal = 1
-- End Drug Exposure Criteria

  ) E
	JOIN @cdm_database_schema.observation_period OP on E.person_id = OP.person_id and E.start_date >=  OP.observation_period_start_date and E.start_date <= op.observation_period_end_date
  WHERE DATEADD(day,365,OP.OBSERVATION_PERIOD_START_DATE) <= E.START_DATE AND DATEADD(day,0,E.START_DATE) <= OP.OBSERVATION_PERIOD_END_DATE
) P
WHERE P.ordinal = 1
-- End Primary Events
) P
JOIN (
  -- Begin Condition Occurrence Criteria
SELECT C.person_id, C.condition_occurrence_id as event_id, C.start_date, C.end_date,
  C.visit_occurrence_id, C.start_date as sort_date
FROM 
(
  SELECT co.person_id,co.condition_occurrence_id,co.condition_concept_id,co.visit_occurrence_id,co.condition_start_date as start_date, COALESCE(co.condition_end_date, DATEADD(day,1,co.condition_start_date)) as end_date 
  FROM @cdm_database_schema.CONDITION_OCCURRENCE co
  JOIN #Codesets cs on (co.condition_concept_id = cs.concept_id and cs.codeset_id = 11)
) C


-- End Condition Occurrence Criteria

) A on A.person_id = P.person_id  AND A.START_DATE <= DATEADD(day,0,P.START_DATE) ) cc on p.person_id = cc.person_id and p.event_id = cc.event_id
GROUP BY p.person_id, p.event_id
HAVING COUNT(cc.event_id) = 0
-- End Correlated Criteria

UNION ALL
-- Begin Correlated Criteria
select 2 as index_id, p.person_id, p.event_id
from (-- Begin Primary Events
select P.ordinal as event_id, P.person_id, P.start_date, P.end_date, op_start_date, op_end_date, cast(P.visit_occurrence_id as bigint) as visit_occurrence_id
FROM
(
  select E.person_id, E.start_date, E.end_date,
         row_number() OVER (PARTITION BY E.person_id ORDER BY E.sort_date ASC, E.event_id) ordinal,
         OP.observation_period_start_date as op_start_date, OP.observation_period_end_date as op_end_date, cast(E.visit_occurrence_id as bigint) as visit_occurrence_id
  FROM 
  (
  -- Begin Drug Exposure Criteria
select C.person_id, C.drug_exposure_id as event_id, C.start_date, C.end_date,
  C.visit_occurrence_id,C.start_date as sort_date
from 
(
  select de.person_id,de.drug_exposure_id,de.drug_concept_id,de.visit_occurrence_id,days_supply,quantity,refills,de.drug_exposure_start_date as start_date, COALESCE(de.drug_exposure_end_date, DATEADD(day,de.days_supply,de.drug_exposure_start_date), DATEADD(day,1,de.drug_exposure_start_date)) as end_date , row_number() over (PARTITION BY de.person_id ORDER BY de.drug_exposure_start_date, de.drug_exposure_id) as ordinal
  FROM @cdm_database_schema.DRUG_EXPOSURE de
JOIN #Codesets cs on (de.drug_concept_id = cs.concept_id and cs.codeset_id = 18)
) C

WHERE C.ordinal = 1
-- End Drug Exposure Criteria

  ) E
	JOIN @cdm_database_schema.observation_period OP on E.person_id = OP.person_id and E.start_date >=  OP.observation_period_start_date and E.start_date <= op.observation_period_end_date
  WHERE DATEADD(day,365,OP.OBSERVATION_PERIOD_START_DATE) <= E.START_DATE AND DATEADD(day,0,E.START_DATE) <= OP.OBSERVATION_PERIOD_END_DATE
) P
WHERE P.ordinal = 1
-- End Primary Events
) p
LEFT JOIN (
SELECT p.person_id, p.event_id 
FROM (-- Begin Primary Events
select P.ordinal as event_id, P.person_id, P.start_date, P.end_date, op_start_date, op_end_date, cast(P.visit_occurrence_id as bigint) as visit_occurrence_id
FROM
(
  select E.person_id, E.start_date, E.end_date,
         row_number() OVER (PARTITION BY E.person_id ORDER BY E.sort_date ASC, E.event_id) ordinal,
         OP.observation_period_start_date as op_start_date, OP.observation_period_end_date as op_end_date, cast(E.visit_occurrence_id as bigint) as visit_occurrence_id
  FROM 
  (
  -- Begin Drug Exposure Criteria
select C.person_id, C.drug_exposure_id as event_id, C.start_date, C.end_date,
  C.visit_occurrence_id,C.start_date as sort_date
from 
(
  select de.person_id,de.drug_exposure_id,de.drug_concept_id,de.visit_occurrence_id,days_supply,quantity,refills,de.drug_exposure_start_date as start_date, COALESCE(de.drug_exposure_end_date, DATEADD(day,de.days_supply,de.drug_exposure_start_date), DATEADD(day,1,de.drug_exposure_start_date)) as end_date , row_number() over (PARTITION BY de.person_id ORDER BY de.drug_exposure_start_date, de.drug_exposure_id) as ordinal
  FROM @cdm_database_schema.DRUG_EXPOSURE de
JOIN #Codesets cs on (de.drug_concept_id = cs.concept_id and cs.codeset_id = 18)
) C

WHERE C.ordinal = 1
-- End Drug Exposure Criteria

  ) E
	JOIN @cdm_database_schema.observation_period OP on E.person_id = OP.person_id and E.start_date >=  OP.observation_period_start_date and E.start_date <= op.observation_period_end_date
  WHERE DATEADD(day,365,OP.OBSERVATION_PERIOD_START_DATE) <= E.START_DATE AND DATEADD(day,0,E.START_DATE) <= OP.OBSERVATION_PERIOD_END_DATE
) P
WHERE P.ordinal = 1
-- End Primary Events
) P
JOIN (
  -- Begin Condition Occurrence Criteria
SELECT C.person_id, C.condition_occurrence_id as event_id, C.start_date, C.end_date,
  C.visit_occurrence_id, C.start_date as sort_date
FROM 
(
  SELECT co.person_id,co.condition_occurrence_id,co.condition_concept_id,co.visit_occurrence_id,co.condition_start_date as start_date, COALESCE(co.condition_end_date, DATEADD(day,1,co.condition_start_date)) as end_date 
  FROM @cdm_database_schema.CONDITION_OCCURRENCE co
  JOIN #Codesets cs on (co.condition_concept_id = cs.concept_id and cs.codeset_id = 10)
) C


-- End Condition Occurrence Criteria

) A on A.person_id = P.person_id  AND A.START_DATE <= DATEADD(day,0,P.START_DATE) ) cc on p.person_id = cc.person_id and p.event_id = cc.event_id
GROUP BY p.person_id, p.event_id
HAVING COUNT(cc.event_id) = 0
-- End Correlated Criteria

UNION ALL
-- Begin Demographic Criteria
SELECT 3 as index_id, e.person_id, e.event_id
FROM (-- Begin Primary Events
select P.ordinal as event_id, P.person_id, P.start_date, P.end_date, op_start_date, op_end_date, cast(P.visit_occurrence_id as bigint) as visit_occurrence_id
FROM
(
  select E.person_id, E.start_date, E.end_date,
         row_number() OVER (PARTITION BY E.person_id ORDER BY E.sort_date ASC, E.event_id) ordinal,
         OP.observation_period_start_date as op_start_date, OP.observation_period_end_date as op_end_date, cast(E.visit_occurrence_id as bigint) as visit_occurrence_id
  FROM 
  (
  -- Begin Drug Exposure Criteria
select C.person_id, C.drug_exposure_id as event_id, C.start_date, C.end_date,
  C.visit_occurrence_id,C.start_date as sort_date
from 
(
  select de.person_id,de.drug_exposure_id,de.drug_concept_id,de.visit_occurrence_id,days_supply,quantity,refills,de.drug_exposure_start_date as start_date, COALESCE(de.drug_exposure_end_date, DATEADD(day,de.days_supply,de.drug_exposure_start_date), DATEADD(day,1,de.drug_exposure_start_date)) as end_date , row_number() over (PARTITION BY de.person_id ORDER BY de.drug_exposure_start_date, de.drug_exposure_id) as ordinal
  FROM @cdm_database_schema.DRUG_EXPOSURE de
JOIN #Codesets cs on (de.drug_concept_id = cs.concept_id and cs.codeset_id = 18)
) C

WHERE C.ordinal = 1
-- End Drug Exposure Criteria

  ) E
	JOIN @cdm_database_schema.observation_period OP on E.person_id = OP.person_id and E.start_date >=  OP.observation_period_start_date and E.start_date <= op.observation_period_end_date
  WHERE DATEADD(day,365,OP.OBSERVATION_PERIOD_START_DATE) <= E.START_DATE AND DATEADD(day,0,E.START_DATE) <= OP.OBSERVATION_PERIOD_END_DATE
) P
WHERE P.ordinal = 1
-- End Primary Events
) E
JOIN @cdm_database_schema.PERSON P ON P.PERSON_ID = E.PERSON_ID
WHERE YEAR(E.start_date) - P.year_of_birth >= 18
GROUP BY e.person_id, e.event_id
-- End Demographic Criteria

  ) CQ on E.person_id = CQ.person_id and E.event_id = CQ.event_id
  GROUP BY E.person_id, E.event_id
  HAVING COUNT(index_id) = 4
) G
-- End Criteria Group
) AC on AC.person_id = pe.person_id and AC.event_id = pe.event_id

) QE
WHERE QE.ordinal = 1
;

--- Inclusion Rule Inserts

select 0 as inclusion_rule_id, person_id, event_id
INTO #Inclusion_0
FROM 
(
  select pe.person_id, pe.event_id
  FROM #qualified_events pe
  
JOIN (
-- Begin Criteria Group
select 0 as index_id, person_id, event_id
FROM
(
  select E.person_id, E.event_id 
  FROM #qualified_events E
  INNER JOIN
  (
    -- Begin Correlated Criteria
select 0 as index_id, cc.person_id, cc.event_id
from (SELECT p.person_id, p.event_id 
FROM #qualified_events P
JOIN (
  -- Begin Drug Era Criteria
select C.person_id, C.drug_era_id as event_id, C.start_date, C.end_date,
    CAST(NULL as bigint) as visit_occurrence_id,C.start_date as sort_date
from 
(
  select de.person_id,de.drug_era_id,de.drug_concept_id,de.drug_exposure_count,de.gap_days,de.drug_era_start_date as start_date, de.drug_era_end_date as end_date 
  FROM @cdm_database_schema.DRUG_ERA de
where de.drug_concept_id in (SELECT concept_id from  #Codesets where codeset_id = 7)
) C

WHERE DATEDIFF(d,C.start_date, C.end_date) >= 90
-- End Drug Era Criteria

) A on A.person_id = P.person_id  AND A.START_DATE <= DATEADD(day,-90,P.START_DATE) ) cc 
GROUP BY cc.person_id, cc.event_id
HAVING COUNT(cc.event_id) >= 1
-- End Correlated Criteria

UNION ALL
-- Begin Correlated Criteria
select 1 as index_id, cc.person_id, cc.event_id
from (SELECT p.person_id, p.event_id 
FROM #qualified_events P
JOIN (
  -- Begin Drug Exposure Criteria
select C.person_id, C.drug_exposure_id as event_id, C.start_date, C.end_date,
  C.visit_occurrence_id,C.start_date as sort_date
from 
(
  select de.person_id,de.drug_exposure_id,de.drug_concept_id,de.visit_occurrence_id,days_supply,quantity,refills,de.drug_exposure_start_date as start_date, COALESCE(de.drug_exposure_end_date, DATEADD(day,de.days_supply,de.drug_exposure_start_date), DATEADD(day,1,de.drug_exposure_start_date)) as end_date 
  FROM @cdm_database_schema.DRUG_EXPOSURE de
JOIN #Codesets cs on (de.drug_concept_id = cs.concept_id and cs.codeset_id = 7)
) C


-- End Drug Exposure Criteria

) A on A.person_id = P.person_id  AND A.START_DATE <= DATEADD(day,0,P.START_DATE) ) cc 
GROUP BY cc.person_id, cc.event_id
HAVING COUNT(cc.event_id) >= 3
-- End Correlated Criteria

  ) CQ on E.person_id = CQ.person_id and E.event_id = CQ.event_id
  GROUP BY E.person_id, E.event_id
  HAVING COUNT(index_id) > 0
) G
-- End Criteria Group
) AC on AC.person_id = pe.person_id AND AC.event_id = pe.event_id
) Results
;

select 1 as inclusion_rule_id, person_id, event_id
INTO #Inclusion_1
FROM 
(
  select pe.person_id, pe.event_id
  FROM #qualified_events pe
  
JOIN (
-- Begin Criteria Group
select 0 as index_id, person_id, event_id
FROM
(
  select E.person_id, E.event_id 
  FROM #qualified_events E
  INNER JOIN
  (
    -- Begin Correlated Criteria
select 0 as index_id, p.person_id, p.event_id
from #qualified_events p
LEFT JOIN (
SELECT p.person_id, p.event_id 
FROM #qualified_events P
JOIN (
  -- Begin Condition Occurrence Criteria
SELECT C.person_id, C.condition_occurrence_id as event_id, C.start_date, C.end_date,
  C.visit_occurrence_id, C.start_date as sort_date
FROM 
(
  SELECT co.person_id,co.condition_occurrence_id,co.condition_concept_id,co.visit_occurrence_id,co.condition_start_date as start_date, COALESCE(co.condition_end_date, DATEADD(day,1,co.condition_start_date)) as end_date 
  FROM @cdm_database_schema.CONDITION_OCCURRENCE co
  JOIN #Codesets cs on (co.condition_concept_id = cs.concept_id and cs.codeset_id = 17)
) C


-- End Condition Occurrence Criteria

) A on A.person_id = P.person_id  AND A.START_DATE <= DATEADD(day,0,P.START_DATE) ) cc on p.person_id = cc.person_id and p.event_id = cc.event_id
GROUP BY p.person_id, p.event_id
HAVING COUNT(cc.event_id) = 0
-- End Correlated Criteria

  ) CQ on E.person_id = CQ.person_id and E.event_id = CQ.event_id
  GROUP BY E.person_id, E.event_id
  HAVING COUNT(index_id) = 1
) G
-- End Criteria Group
) AC on AC.person_id = pe.person_id AND AC.event_id = pe.event_id
) Results
;

SELECT inclusion_rule_id, person_id, event_id
INTO #inclusion_events
FROM (select inclusion_rule_id, person_id, event_id from #Inclusion_0
UNION ALL
select inclusion_rule_id, person_id, event_id from #Inclusion_1) I;
TRUNCATE TABLE #Inclusion_0;
DROP TABLE #Inclusion_0;

TRUNCATE TABLE #Inclusion_1;
DROP TABLE #Inclusion_1;


select event_id, person_id, start_date, end_date, op_start_date, op_end_date
into #included_events
FROM (
  SELECT event_id, person_id, start_date, end_date, op_start_date, op_end_date, row_number() over (partition by person_id order by start_date ASC) as ordinal
  from
  (
    select Q.event_id, Q.person_id, Q.start_date, Q.end_date, Q.op_start_date, Q.op_end_date, SUM(coalesce(POWER(cast(2 as bigint), I.inclusion_rule_id), 0)) as inclusion_rule_mask
    from #qualified_events Q
    LEFT JOIN #inclusion_events I on I.person_id = Q.person_id and I.event_id = Q.event_id
    GROUP BY Q.event_id, Q.person_id, Q.start_date, Q.end_date, Q.op_start_date, Q.op_end_date
  ) MG -- matching groups

  -- the matching group with all bits set ( POWER(2,# of inclusion rules) - 1 = inclusion_rule_mask
  WHERE (MG.inclusion_rule_mask = POWER(cast(2 as bigint),2)-1)

) Results
WHERE Results.ordinal = 1
;

-- custom era strategy

with ctePersons(person_id) as (
	select distinct person_id from #included_events
)

select person_id, drug_exposure_start_date, drug_exposure_end_date
INTO #drugTarget
FROM (
	select de.PERSON_ID, DRUG_EXPOSURE_START_DATE, COALESCE(DRUG_EXPOSURE_END_DATE, DATEADD(day,DAYS_SUPPLY,DRUG_EXPOSURE_START_DATE), DATEADD(day,1,DRUG_EXPOSURE_START_DATE)) as DRUG_EXPOSURE_END_DATE 
	FROM @cdm_database_schema.DRUG_EXPOSURE de
	JOIN ctePersons p on de.person_id = p.person_id
	JOIN #Codesets cs on cs.codeset_id = 2 AND de.drug_concept_id = cs.concept_id

	UNION ALL

	select de.PERSON_ID, DRUG_EXPOSURE_START_DATE, COALESCE(DRUG_EXPOSURE_END_DATE, DATEADD(day,DAYS_SUPPLY,DRUG_EXPOSURE_START_DATE), DATEADD(day,1,DRUG_EXPOSURE_START_DATE)) as DRUG_EXPOSURE_END_DATE 
	FROM @cdm_database_schema.DRUG_EXPOSURE de
	JOIN ctePersons p on de.person_id = p.person_id
	JOIN #Codesets cs on cs.codeset_id = 2 AND de.drug_source_concept_id = cs.concept_id
) E
;

select et.event_id, et.person_id, ERAS.era_end_date as end_date
INTO #strategy_ends
from #included_events et
JOIN 
(
  select ENDS.person_id, min(drug_exposure_start_date) as era_start_date, DATEADD(day,0, ENDS.era_end_date) as era_end_date
  from
  (
    select de.person_id, de.drug_exposure_start_date, MIN(e.END_DATE) as era_end_date
    FROM #drugTarget DE
    JOIN 
    (
      --cteEndDates
      select PERSON_ID, DATEADD(day,-1 * 60,EVENT_DATE) as END_DATE -- unpad the end date by 60
      FROM
      (
				select PERSON_ID, EVENT_DATE, EVENT_TYPE, 
				MAX(START_ORDINAL) OVER (PARTITION BY PERSON_ID ORDER BY event_date, event_type, START_ORDINAL ROWS UNBOUNDED PRECEDING) AS start_ordinal,
				ROW_NUMBER() OVER (PARTITION BY PERSON_ID ORDER BY EVENT_DATE, EVENT_TYPE, START_ORDINAL) AS OVERALL_ORD -- this re-numbers the inner UNION so all rows are numbered ordered by the event date
				from
				(
					-- select the start dates, assigning a row number to each
					Select PERSON_ID, DRUG_EXPOSURE_START_DATE AS EVENT_DATE, 0 as EVENT_TYPE, ROW_NUMBER() OVER (PARTITION BY PERSON_ID ORDER BY DRUG_EXPOSURE_START_DATE) as START_ORDINAL
					from #drugTarget D

					UNION ALL

					-- add the end dates with NULL as the row number, padding the end dates by 60 to allow a grace period for overlapping ranges.
					select PERSON_ID, DATEADD(day,60,DRUG_EXPOSURE_END_DATE), 1 as EVENT_TYPE, NULL
					FROM #drugTarget D
				) RAWDATA
      ) E
      WHERE 2 * E.START_ORDINAL - E.OVERALL_ORD = 0
    ) E on DE.PERSON_ID = E.PERSON_ID and E.END_DATE >= DE.DRUG_EXPOSURE_START_DATE
    GROUP BY de.person_id, de.drug_exposure_start_date
  ) ENDS
  GROUP BY ENDS.person_id, ENDS.era_end_date
) ERAS on ERAS.person_id = et.person_id 
WHERE et.start_date between ERAS.era_start_date and ERAS.era_end_date;

TRUNCATE TABLE #drugTarget;
DROP TABLE #drugTarget;


-- generate cohort periods into #final_cohort
select person_id, start_date, end_date
INTO #cohort_rows
from ( -- first_ends
	select F.person_id, F.start_date, F.end_date
	FROM (
	  select I.event_id, I.person_id, I.start_date, CE.end_date, row_number() over (partition by I.person_id, I.event_id order by CE.end_date) as ordinal
	  from #included_events I
	  join ( -- cohort_ends
-- cohort exit dates
-- By default, cohort exit at the event's op end date
select event_id, person_id, op_end_date as end_date from #included_events
UNION ALL
-- End Date Strategy
SELECT event_id, person_id, end_date from #strategy_ends

    ) CE on I.event_id = CE.event_id and I.person_id = CE.person_id and CE.end_date >= I.start_date
	) F
	WHERE F.ordinal = 1
) FE;

select person_id, min(start_date) as start_date, end_date
into #final_cohort
from ( --cteEnds
	SELECT
		 c.person_id
		, c.start_date
		, MIN(ed.end_date) AS end_date
	FROM #cohort_rows c
	JOIN ( -- cteEndDates
    SELECT
      person_id
      , DATEADD(day,-1 * 0, event_date)  as end_date
    FROM
    (
      SELECT
        person_id
        , event_date
        , event_type
        , SUM(event_type) OVER (PARTITION BY person_id ORDER BY event_date, event_type ROWS UNBOUNDED PRECEDING) AS interval_status
      FROM
      (
        SELECT
          person_id
          , start_date AS event_date
          , -1 AS event_type
        FROM #cohort_rows

        UNION ALL


        SELECT
          person_id
          , DATEADD(day,0,end_date) as end_date
          , 1 AS event_type
        FROM #cohort_rows
      ) RAWDATA
    ) e
    WHERE interval_status = 0
  ) ed ON c.person_id = ed.person_id AND ed.end_date >= c.start_date
	GROUP BY c.person_id, c.start_date
) e
group by person_id, end_date
;

DELETE FROM @target_database_schema.@target_cohort_table where cohort_definition_id = @target_cohort_id;
INSERT INTO @target_database_schema.@target_cohort_table (cohort_definition_id, subject_id, cohort_start_date, cohort_end_date)
select @target_cohort_id as cohort_definition_id, person_id, start_date, end_date 
FROM #final_cohort CO
;


-- BEGIN: Censored Stats

delete from @results_database_schema.cohort_censor_stats where cohort_definition_id = @target_cohort_id;

-- END: Censored Stats



-- Create a temp table of inclusion rule rows for joining in the inclusion rule impact analysis

select cast(rule_sequence as int) as rule_sequence
into #inclusion_rules
from (
  SELECT CAST(0 as int) as rule_sequence UNION ALL SELECT CAST(1 as int) as rule_sequence
) IR;


-- Find the event that is the 'best match' per person.  
-- the 'best match' is defined as the event that satisfies the most inclusion rules.
-- ties are solved by choosing the event that matches the earliest inclusion rule, and then earliest.

select q.person_id, q.event_id
into #best_events
from #qualified_events Q
join (
	SELECT R.person_id, R.event_id, ROW_NUMBER() OVER (PARTITION BY R.person_id ORDER BY R.rule_count DESC,R.min_rule_id ASC, R.start_date ASC) AS rank_value
	FROM (
		SELECT Q.person_id, Q.event_id, COALESCE(COUNT(DISTINCT I.inclusion_rule_id), 0) AS rule_count, COALESCE(MIN(I.inclusion_rule_id), 0) AS min_rule_id, Q.start_date
		FROM #qualified_events Q
		LEFT JOIN #inclusion_events I ON q.person_id = i.person_id AND q.event_id = i.event_id
		GROUP BY Q.person_id, Q.event_id, Q.start_date
	) R
) ranked on Q.person_id = ranked.person_id and Q.event_id = ranked.event_id
WHERE ranked.rank_value = 1
;

-- modes of generation: (the same tables store the results for the different modes, identified by the mode_id column)
-- 0: all events
-- 1: best event


-- BEGIN: Inclusion Impact Analysis - event
-- calculte matching group counts
delete from @results_database_schema.cohort_inclusion_result where cohort_definition_id = @target_cohort_id and mode_id = 0;
insert into @results_database_schema.cohort_inclusion_result (cohort_definition_id, inclusion_rule_mask, person_count, mode_id)
select @target_cohort_id as cohort_definition_id, inclusion_rule_mask, count_big(*) as person_count, 0 as mode_id
from
(
  select Q.person_id, Q.event_id, CAST(SUM(coalesce(POWER(cast(2 as bigint), I.inclusion_rule_id), 0)) AS bigint) as inclusion_rule_mask
  from #qualified_events Q
  LEFT JOIN #inclusion_events I on q.person_id = i.person_id and q.event_id = i.event_id
  GROUP BY Q.person_id, Q.event_id
) MG -- matching groups
group by inclusion_rule_mask
;

-- calculate gain counts 
delete from @results_database_schema.cohort_inclusion_stats where cohort_definition_id = @target_cohort_id and mode_id = 0;
insert into @results_database_schema.cohort_inclusion_stats (cohort_definition_id, rule_sequence, person_count, gain_count, person_total, mode_id)
select @target_cohort_id as cohort_definition_id, ir.rule_sequence, coalesce(T.person_count, 0) as person_count, coalesce(SR.person_count, 0) gain_count, EventTotal.total, 0 as mode_id
from #inclusion_rules ir
left join
(
  select i.inclusion_rule_id, count_big(i.event_id) as person_count
  from #qualified_events Q
  JOIN #inclusion_events i on Q.person_id = I.person_id and Q.event_id = i.event_id
  group by i.inclusion_rule_id
) T on ir.rule_sequence = T.inclusion_rule_id
CROSS JOIN (select count(*) as total_rules from #inclusion_rules) RuleTotal
CROSS JOIN (select count_big(event_id) as total from #qualified_events) EventTotal
LEFT JOIN @results_database_schema.cohort_inclusion_result SR on SR.mode_id = 0 AND SR.cohort_definition_id = @target_cohort_id AND (POWER(cast(2 as bigint),RuleTotal.total_rules) - POWER(cast(2 as bigint),ir.rule_sequence) - 1) = SR.inclusion_rule_mask -- POWER(2,rule count) - POWER(2,rule sequence) - 1 is the mask for 'all except this rule'
;

-- calculate totals
delete from @results_database_schema.cohort_summary_stats where cohort_definition_id = @target_cohort_id and mode_id = 0;
insert into @results_database_schema.cohort_summary_stats (cohort_definition_id, base_count, final_count, mode_id)
select @target_cohort_id as cohort_definition_id, PC.total as person_count, coalesce(FC.total, 0) as final_count, 0 as mode_id
FROM
(select count_big(event_id) as total from #qualified_events) PC,
(select sum(sr.person_count) as total
  from @results_database_schema.cohort_inclusion_result sr
  CROSS JOIN (select count(*) as total_rules from #inclusion_rules) RuleTotal
  where sr.mode_id = 0 and sr.cohort_definition_id = @target_cohort_id and sr.inclusion_rule_mask = POWER(cast(2 as bigint),RuleTotal.total_rules)-1
) FC
;

-- END: Inclusion Impact Analysis - event

-- BEGIN: Inclusion Impact Analysis - person
-- calculte matching group counts
delete from @results_database_schema.cohort_inclusion_result where cohort_definition_id = @target_cohort_id and mode_id = 1;
insert into @results_database_schema.cohort_inclusion_result (cohort_definition_id, inclusion_rule_mask, person_count, mode_id)
select @target_cohort_id as cohort_definition_id, inclusion_rule_mask, count_big(*) as person_count, 1 as mode_id
from
(
  select Q.person_id, Q.event_id, CAST(SUM(coalesce(POWER(cast(2 as bigint), I.inclusion_rule_id), 0)) AS bigint) as inclusion_rule_mask
  from #best_events Q
  LEFT JOIN #inclusion_events I on q.person_id = i.person_id and q.event_id = i.event_id
  GROUP BY Q.person_id, Q.event_id
) MG -- matching groups
group by inclusion_rule_mask
;

-- calculate gain counts 
delete from @results_database_schema.cohort_inclusion_stats where cohort_definition_id = @target_cohort_id and mode_id = 1;
insert into @results_database_schema.cohort_inclusion_stats (cohort_definition_id, rule_sequence, person_count, gain_count, person_total, mode_id)
select @target_cohort_id as cohort_definition_id, ir.rule_sequence, coalesce(T.person_count, 0) as person_count, coalesce(SR.person_count, 0) gain_count, EventTotal.total, 1 as mode_id
from #inclusion_rules ir
left join
(
  select i.inclusion_rule_id, count_big(i.event_id) as person_count
  from #best_events Q
  JOIN #inclusion_events i on Q.person_id = I.person_id and Q.event_id = i.event_id
  group by i.inclusion_rule_id
) T on ir.rule_sequence = T.inclusion_rule_id
CROSS JOIN (select count(*) as total_rules from #inclusion_rules) RuleTotal
CROSS JOIN (select count_big(event_id) as total from #best_events) EventTotal
LEFT JOIN @results_database_schema.cohort_inclusion_result SR on SR.mode_id = 1 AND SR.cohort_definition_id = @target_cohort_id AND (POWER(cast(2 as bigint),RuleTotal.total_rules) - POWER(cast(2 as bigint),ir.rule_sequence) - 1) = SR.inclusion_rule_mask -- POWER(2,rule count) - POWER(2,rule sequence) - 1 is the mask for 'all except this rule'
;

-- calculate totals
delete from @results_database_schema.cohort_summary_stats where cohort_definition_id = @target_cohort_id and mode_id = 1;
insert into @results_database_schema.cohort_summary_stats (cohort_definition_id, base_count, final_count, mode_id)
select @target_cohort_id as cohort_definition_id, PC.total as person_count, coalesce(FC.total, 0) as final_count, 1 as mode_id
FROM
(select count_big(event_id) as total from #best_events) PC,
(select sum(sr.person_count) as total
  from @results_database_schema.cohort_inclusion_result sr
  CROSS JOIN (select count(*) as total_rules from #inclusion_rules) RuleTotal
  where sr.mode_id = 1 and sr.cohort_definition_id = @target_cohort_id and sr.inclusion_rule_mask = POWER(cast(2 as bigint),RuleTotal.total_rules)-1
) FC
;

-- END: Inclusion Impact Analysis - person

TRUNCATE TABLE #best_events;
DROP TABLE #best_events;

TRUNCATE TABLE #inclusion_rules;
DROP TABLE #inclusion_rules;


TRUNCATE TABLE #strategy_ends;
DROP TABLE #strategy_ends;


TRUNCATE TABLE #cohort_rows;
DROP TABLE #cohort_rows;

TRUNCATE TABLE #final_cohort;
DROP TABLE #final_cohort;

TRUNCATE TABLE #inclusion_events;
DROP TABLE #inclusion_events;

TRUNCATE TABLE #qualified_events;
DROP TABLE #qualified_events;

TRUNCATE TABLE #included_events;
DROP TABLE #included_events;

TRUNCATE TABLE #Codesets;
DROP TABLE #Codesets;
","{
	""cdmVersionRange"" : "">=5.0.0"",
	""PrimaryCriteria"" : {
		""CriteriaList"" : [
			{
				""DrugExposure"" : {
					""CodesetId"" : 18,
					""First"" : true,
					""DrugTypeExclude"" : false
				}
			}
		],
		""ObservationWindow"" : {
			""PriorDays"" : 365,
			""PostDays"" : 0
		},
		""PrimaryCriteriaLimit"" : {
			""Type"" : ""First""
		}
	},
	""AdditionalCriteria"" : {
		""Type"" : ""ALL"",
		""CriteriaList"" : [
			{
				""Criteria"" : {
					""ConditionOccurrence"" : {
						""CodesetId"" : 12
					}
				},
				""StartWindow"" : {
					""Start"" : {
						""Coeff"" : -1
					},
					""End"" : {
						""Days"" : 0,
						""Coeff"" : 1
					},
					""UseIndexEnd"" : false,
					""UseEventEnd"" : false
				},
				""RestrictVisit"" : false,
				""IgnoreObservationPeriod"" : true,
				""Occurrence"" : {
					""Type"" : 2,
					""Count"" : 1,
					""IsDistinct"" : false
				}
			},
			{
				""Criteria"" : {
					""ConditionOccurrence"" : {
						""CodesetId"" : 11
					}
				},
				""StartWindow"" : {
					""Start"" : {
						""Coeff"" : -1
					},
					""End"" : {
						""Days"" : 0,
						""Coeff"" : 1
					},
					""UseIndexEnd"" : false,
					""UseEventEnd"" : false
				},
				""RestrictVisit"" : false,
				""IgnoreObservationPeriod"" : true,
				""Occurrence"" : {
					""Type"" : 0,
					""Count"" : 0,
					""IsDistinct"" : false
				}
			},
			{
				""Criteria"" : {
					""ConditionOccurrence"" : {
						""CodesetId"" : 10
					}
				},
				""StartWindow"" : {
					""Start"" : {
						""Coeff"" : -1
					},
					""End"" : {
						""Days"" : 0,
						""Coeff"" : 1
					},
					""UseIndexEnd"" : false,
					""UseEventEnd"" : false
				},
				""RestrictVisit"" : false,
				""IgnoreObservationPeriod"" : true,
				""Occurrence"" : {
					""Type"" : 0,
					""Count"" : 0,
					""IsDistinct"" : false
				}
			}
		],
		""DemographicCriteriaList"" : [
			{
				""Age"" : {
					""Value"" : 18,
					""Op"" : ""gte""
				}
			}
		],
		""Groups"" : []
	},
	""ConceptSets"" : [
		{
			""id"" : 1,
			""name"" : ""DPP4 inhibitors"",
			""expression"" : {
				""items"" : [
					{
						""concept"" : {
							""CONCEPT_ID"" : 43013884,
							""CONCEPT_NAME"" : ""alogliptin"",
							""STANDARD_CONCEPT"" : ""S"",
							""STANDARD_CONCEPT_CAPTION"" : ""Standard"",
							""INVALID_REASON"" : ""V"",
							""INVALID_REASON_CAPTION"" : ""Valid"",
							""CONCEPT_CODE"" : ""1368001"",
							""DOMAIN_ID"" : ""Drug"",
							""VOCABULARY_ID"" : ""RxNorm"",
							""CONCEPT_CLASS_ID"" : ""Ingredient""
						},
						""isExcluded"" : false,
						""includeDescendants"" : true,
						""includeMapped"" : false
					},
					{
						""concept"" : {
							""CONCEPT_ID"" : 40239216,
							""CONCEPT_NAME"" : ""Linagliptin"",
							""STANDARD_CONCEPT"" : ""S"",
							""STANDARD_CONCEPT_CAPTION"" : ""Standard"",
							""INVALID_REASON"" : ""V"",
							""INVALID_REASON_CAPTION"" : ""Valid"",
							""CONCEPT_CODE"" : ""1100699"",
							""DOMAIN_ID"" : ""Drug"",
							""VOCABULARY_ID"" : ""RxNorm"",
							""CONCEPT_CLASS_ID"" : ""Ingredient""
						},
						""isExcluded"" : false,
						""includeDescendants"" : true,
						""includeMapped"" : false
					},
					{
						""concept"" : {
							""CONCEPT_ID"" : 40166035,
							""CONCEPT_NAME"" : ""saxagliptin"",
							""STANDARD_CONCEPT"" : ""S"",
							""STANDARD_CONCEPT_CAPTION"" : ""Standard"",
							""INVALID_REASON"" : ""V"",
							""INVALID_REASON_CAPTION"" : ""Valid"",
							""CONCEPT_CODE"" : ""857974"",
							""DOMAIN_ID"" : ""Drug"",
							""VOCABULARY_ID"" : ""RxNorm"",
							""CONCEPT_CLASS_ID"" : ""Ingredient""
						},
						""isExcluded"" : false,
						""includeDescendants"" : true,
						""includeMapped"" : false
					},
					{
						""concept"" : {
							""CONCEPT_ID"" : 1580747,
							""CONCEPT_NAME"" : ""sitagliptin"",
							""STANDARD_CONCEPT"" : ""S"",
							""STANDARD_CONCEPT_CAPTION"" : ""Standard"",
							""INVALID_REASON"" : ""V"",
							""INVALID_REASON_CAPTION"" : ""Valid"",
							""CONCEPT_CODE"" : ""593411"",
							""DOMAIN_ID"" : ""Drug"",
							""VOCABULARY_ID"" : ""RxNorm"",
							""CONCEPT_CLASS_ID"" : ""Ingredient""
						},
						""isExcluded"" : false,
						""includeDescendants"" : true,
						""includeMapped"" : false
					},
					{
						""concept"" : {
							""CONCEPT_ID"" : 19122137,
							""CONCEPT_NAME"" : ""vildagliptin"",
							""STANDARD_CONCEPT"" : ""S"",
							""STANDARD_CONCEPT_CAPTION"" : ""Standard"",
							""INVALID_REASON"" : ""V"",
							""INVALID_REASON_CAPTION"" : ""Valid"",
							""CONCEPT_CODE"" : ""596554"",
							""DOMAIN_ID"" : ""Drug"",
							""VOCABULARY_ID"" : ""RxNorm"",
							""CONCEPT_CLASS_ID"" : ""Ingredient""
						},
						""isExcluded"" : false,
						""includeDescendants"" : true,
						""includeMapped"" : false
					}
				]
			}
		},
		{
			""id"" : 2,
			""name"" : ""GLP-1 receptor agonists"",
			""expression"" : {
				""items"" : [
					{
						""concept"" : {
							""CONCEPT_ID"" : 45774435,
							""CONCEPT_NAME"" : ""dulaglutide"",
							""STANDARD_CONCEPT"" : ""S"",
							""STANDARD_CONCEPT_CAPTION"" : ""Standard"",
							""INVALID_REASON"" : ""V"",
							""INVALID_REASON_CAPTION"" : ""Valid"",
							""CONCEPT_CODE"" : ""1551291"",
							""DOMAIN_ID"" : ""Drug"",
							""VOCABULARY_ID"" : ""RxNorm"",
							""CONCEPT_CLASS_ID"" : ""Ingredient""
						},
						""isExcluded"" : false,
						""includeDescendants"" : true,
						""includeMapped"" : false
					},
					{
						""concept"" : {
							""CONCEPT_ID"" : 1583722,
							""CONCEPT_NAME"" : ""exenatide"",
							""STANDARD_CONCEPT"" : ""S"",
							""STANDARD_CONCEPT_CAPTION"" : ""Standard"",
							""INVALID_REASON"" : ""V"",
							""INVALID_REASON_CAPTION"" : ""Valid"",
							""CONCEPT_CODE"" : ""60548"",
							""DOMAIN_ID"" : ""Drug"",
							""VOCABULARY_ID"" : ""RxNorm"",
							""CONCEPT_CLASS_ID"" : ""Ingredient""
						},
						""isExcluded"" : false,
						""includeDescendants"" : true,
						""includeMapped"" : false
					},
					{
						""concept"" : {
							""CONCEPT_ID"" : 40170911,
							""CONCEPT_NAME"" : ""liraglutide"",
							""STANDARD_CONCEPT"" : ""S"",
							""STANDARD_CONCEPT_CAPTION"" : ""Standard"",
							""INVALID_REASON"" : ""V"",
							""INVALID_REASON_CAPTION"" : ""Valid"",
							""CONCEPT_CODE"" : ""475968"",
							""DOMAIN_ID"" : ""Drug"",
							""VOCABULARY_ID"" : ""RxNorm"",
							""CONCEPT_CLASS_ID"" : ""Ingredient""
						},
						""isExcluded"" : false,
						""includeDescendants"" : true,
						""includeMapped"" : false
					},
					{
						""concept"" : {
							""CONCEPT_ID"" : 44506754,
							""CONCEPT_NAME"" : ""Lixisenatide"",
							""STANDARD_CONCEPT"" : ""S"",
							""STANDARD_CONCEPT_CAPTION"" : ""Standard"",
							""INVALID_REASON"" : ""V"",
							""INVALID_REASON_CAPTION"" : ""Valid"",
							""CONCEPT_CODE"" : ""1440051"",
							""DOMAIN_ID"" : ""Drug"",
							""VOCABULARY_ID"" : ""RxNorm"",
							""CONCEPT_CLASS_ID"" : ""Ingredient""
						},
						""isExcluded"" : false,
						""includeDescendants"" : true,
						""includeMapped"" : false
					},
					{
						""concept"" : {
							""CONCEPT_ID"" : 44816332,
							""CONCEPT_NAME"" : ""albiglutide"",
							""STANDARD_CONCEPT"" : ""S"",
							""STANDARD_CONCEPT_CAPTION"" : ""Standard"",
							""INVALID_REASON"" : ""V"",
							""INVALID_REASON_CAPTION"" : ""Valid"",
							""CONCEPT_CODE"" : ""1534763"",
							""DOMAIN_ID"" : ""Drug"",
							""VOCABULARY_ID"" : ""RxNorm"",
							""CONCEPT_CLASS_ID"" : ""Ingredient""
						},
						""isExcluded"" : false,
						""includeDescendants"" : true,
						""includeMapped"" : false
					},
					{
						""concept"" : {
							""CONCEPT_ID"" : 793143,
							""CONCEPT_NAME"" : ""semaglutide"",
							""STANDARD_CONCEPT"" : ""S"",
							""STANDARD_CONCEPT_CAPTION"" : ""Standard"",
							""INVALID_REASON"" : ""V"",
							""INVALID_REASON_CAPTION"" : ""Valid"",
							""CONCEPT_CODE"" : ""1991302"",
							""DOMAIN_ID"" : ""Drug"",
							""VOCABULARY_ID"" : ""RxNorm"",
							""CONCEPT_CLASS_ID"" : ""Ingredient""
						},
						""isExcluded"" : false,
						""includeDescendants"" : true,
						""includeMapped"" : false
					}
				]
			}
		},
		{
			""id"" : 7,
			""name"" : ""Metformin"",
			""expression"" : {
				""items"" : [
					{
						""concept"" : {
							""CONCEPT_ID"" : 1503297,
							""CONCEPT_NAME"" : ""Metformin"",
							""STANDARD_CONCEPT"" : ""S"",
							""STANDARD_CONCEPT_CAPTION"" : ""Standard"",
							""INVALID_REASON"" : ""V"",
							""INVALID_REASON_CAPTION"" : ""Valid"",
							""CONCEPT_CODE"" : ""6809"",
							""DOMAIN_ID"" : ""Drug"",
							""VOCABULARY_ID"" : ""RxNorm"",
							""CONCEPT_CLASS_ID"" : ""Ingredient""
						},
						""isExcluded"" : false,
						""includeDescendants"" : true,
						""includeMapped"" : false
					}
				]
			}
		},
		{
			""id"" : 10,
			""name"" : ""Secondary diabetes mellitus"",
			""expression"" : {
				""items"" : [
					{
						""concept"" : {
							""CONCEPT_ID"" : 195771,
							""CONCEPT_NAME"" : ""Secondary diabetes mellitus"",
							""STANDARD_CONCEPT"" : ""S"",
							""STANDARD_CONCEPT_CAPTION"" : ""Standard"",
							""INVALID_REASON"" : ""V"",
							""INVALID_REASON_CAPTION"" : ""Valid"",
							""CONCEPT_CODE"" : ""8801005"",
							""DOMAIN_ID"" : ""Condition"",
							""VOCABULARY_ID"" : ""SNOMED"",
							""CONCEPT_CLASS_ID"" : ""Clinical Finding""
						},
						""isExcluded"" : false,
						""includeDescendants"" : true,
						""includeMapped"" : false
					},
					{
						""concept"" : {
							""CONCEPT_ID"" : 761051,
							""CONCEPT_NAME"" : ""Complication due to secondary diabetes mellitus"",
							""STANDARD_CONCEPT"" : ""S"",
							""STANDARD_CONCEPT_CAPTION"" : ""Standard"",
							""INVALID_REASON"" : ""V"",
							""INVALID_REASON_CAPTION"" : ""Valid"",
							""CONCEPT_CODE"" : ""138811000119100"",
							""DOMAIN_ID"" : ""Condition"",
							""VOCABULARY_ID"" : ""SNOMED"",
							""CONCEPT_CLASS_ID"" : ""Clinical Finding""
						},
						""isExcluded"" : false,
						""includeDescendants"" : true,
						""includeMapped"" : false
					}
				]
			}
		},
		{
			""id"" : 11,
			""name"" : ""Type 1 diabetes mellitus"",
			""expression"" : {
				""items"" : [
					{
						""concept"" : {
							""CONCEPT_ID"" : 40484649,
							""CONCEPT_NAME"" : ""Type 1 diabetes mellitus well controlled"",
							""STANDARD_CONCEPT"" : ""S"",
							""STANDARD_CONCEPT_CAPTION"" : ""Standard"",
							""INVALID_REASON"" : ""V"",
							""INVALID_REASON_CAPTION"" : ""Valid"",
							""CONCEPT_CODE"" : ""444074000"",
							""DOMAIN_ID"" : ""Condition"",
							""VOCABULARY_ID"" : ""SNOMED"",
							""CONCEPT_CLASS_ID"" : ""Clinical Finding""
						},
						""isExcluded"" : false,
						""includeDescendants"" : true,
						""includeMapped"" : false
					},
					{
						""concept"" : {
							""CONCEPT_ID"" : 42689695,
							""CONCEPT_NAME"" : ""Eating disorder co-occurrent with diabetes mellitus type 1"",
							""STANDARD_CONCEPT"" : ""S"",
							""STANDARD_CONCEPT_CAPTION"" : ""Standard"",
							""INVALID_REASON"" : ""V"",
							""INVALID_REASON_CAPTION"" : ""Valid"",
							""CONCEPT_CODE"" : ""1067201000000106"",
							""DOMAIN_ID"" : ""Condition"",
							""VOCABULARY_ID"" : ""SNOMED"",
							""CONCEPT_CLASS_ID"" : ""Clinical Finding""
						},
						""isExcluded"" : false,
						""includeDescendants"" : true,
						""includeMapped"" : false
					},
					{
						""concept"" : {
							""CONCEPT_ID"" : 765533,
							""CONCEPT_NAME"" : ""Glaucoma due to diabetes mellitus type 1"",
							""STANDARD_CONCEPT"" : ""S"",
							""STANDARD_CONCEPT_CAPTION"" : ""Standard"",
							""INVALID_REASON"" : ""V"",
							""INVALID_REASON_CAPTION"" : ""Valid"",
							""CONCEPT_CODE"" : ""60981000119103"",
							""DOMAIN_ID"" : ""Condition"",
							""VOCABULARY_ID"" : ""SNOMED"",
							""CONCEPT_CLASS_ID"" : ""Clinical Finding""
						},
						""isExcluded"" : false,
						""includeDescendants"" : true,
						""includeMapped"" : false
					},
					{
						""concept"" : {
							""CONCEPT_ID"" : 43531006,
							""CONCEPT_NAME"" : ""Maturity onset diabetes of the young, type 1"",
							""STANDARD_CONCEPT"" : ""S"",
							""STANDARD_CONCEPT_CAPTION"" : ""Standard"",
							""INVALID_REASON"" : ""V"",
							""INVALID_REASON_CAPTION"" : ""Valid"",
							""CONCEPT_CODE"" : ""609562003"",
							""DOMAIN_ID"" : ""Condition"",
							""VOCABULARY_ID"" : ""SNOMED"",
							""CONCEPT_CLASS_ID"" : ""Clinical Finding""
						},
						""isExcluded"" : false,
						""includeDescendants"" : true,
						""includeMapped"" : false
					},
					{
						""concept"" : {
							""CONCEPT_ID"" : 765650,
							""CONCEPT_NAME"" : ""Cranial nerve palsy due to diabetes mellitus type 1"",
							""STANDARD_CONCEPT"" : ""S"",
							""STANDARD_CONCEPT_CAPTION"" : ""Standard"",
							""INVALID_REASON"" : ""V"",
							""INVALID_REASON_CAPTION"" : ""Valid"",
							""CONCEPT_CODE"" : ""82561000119101"",
							""DOMAIN_ID"" : ""Condition"",
							""VOCABULARY_ID"" : ""SNOMED"",
							""CONCEPT_CLASS_ID"" : ""Clinical Finding""
						},
						""isExcluded"" : false,
						""includeDescendants"" : true,
						""includeMapped"" : false
					},
					{
						""concept"" : {
							""CONCEPT_ID"" : 45770986,
							""CONCEPT_NAME"" : ""Retinopathy due to unstable diabetes mellitus type 1"",
							""STANDARD_CONCEPT"" : ""S"",
							""STANDARD_CONCEPT_CAPTION"" : ""Standard"",
							""INVALID_REASON"" : ""V"",
							""INVALID_REASON_CAPTION"" : ""Valid"",
							""CONCEPT_CODE"" : ""706894000"",
							""DOMAIN_ID"" : ""Condition"",
							""VOCABULARY_ID"" : ""SNOMED"",
							""CONCEPT_CLASS_ID"" : ""Clinical Finding""
						},
						""isExcluded"" : false,
						""includeDescendants"" : true,
						""includeMapped"" : false
					},
					{
						""concept"" : {
							""CONCEPT_ID"" : 201254,
							""CONCEPT_NAME"" : ""Type 1 diabetes mellitus"",
							""STANDARD_CONCEPT"" : ""S"",
							""STANDARD_CONCEPT_CAPTION"" : ""Standard"",
							""INVALID_REASON"" : ""V"",
							""INVALID_REASON_CAPTION"" : ""Valid"",
							""CONCEPT_CODE"" : ""46635009"",
							""DOMAIN_ID"" : ""Condition"",
							""VOCABULARY_ID"" : ""SNOMED"",
							""CONCEPT_CLASS_ID"" : ""Clinical Finding""
						},
						""isExcluded"" : false,
						""includeDescendants"" : true,
						""includeMapped"" : false
					},
					{
						""concept"" : {
							""CONCEPT_ID"" : 45768456,
							""CONCEPT_NAME"" : ""Neuropathy due to unstable diabetes mellitus type 1"",
							""STANDARD_CONCEPT"" : ""S"",
							""STANDARD_CONCEPT_CAPTION"" : ""Standard"",
							""INVALID_REASON"" : ""V"",
							""INVALID_REASON_CAPTION"" : ""Valid"",
							""CONCEPT_CODE"" : ""706891008"",
							""DOMAIN_ID"" : ""Condition"",
							""VOCABULARY_ID"" : ""SNOMED"",
							""CONCEPT_CLASS_ID"" : ""Clinical Finding""
						},
						""isExcluded"" : false,
						""includeDescendants"" : true,
						""includeMapped"" : false
					},
					{
						""concept"" : {
							""CONCEPT_ID"" : 40484648,
							""CONCEPT_NAME"" : ""Type 1 diabetes mellitus uncontrolled"",
							""STANDARD_CONCEPT"" : ""S"",
							""STANDARD_CONCEPT_CAPTION"" : ""Standard"",
							""INVALID_REASON"" : ""V"",
							""INVALID_REASON_CAPTION"" : ""Valid"",
							""CONCEPT_CODE"" : ""444073006"",
							""DOMAIN_ID"" : ""Condition"",
							""VOCABULARY_ID"" : ""SNOMED"",
							""CONCEPT_CLASS_ID"" : ""Clinical Finding""
						},
						""isExcluded"" : false,
						""includeDescendants"" : true,
						""includeMapped"" : false
					},
					{
						""concept"" : {
							""CONCEPT_ID"" : 4128019,
							""CONCEPT_NAME"" : ""Brittle type 1 diabetes mellitus"",
							""STANDARD_CONCEPT"" : ""S"",
							""STANDARD_CONCEPT_CAPTION"" : ""Standard"",
							""INVALID_REASON"" : ""V"",
							""INVALID_REASON_CAPTION"" : ""Valid"",
							""CONCEPT_CODE"" : ""290002008"",
							""DOMAIN_ID"" : ""Condition"",
							""VOCABULARY_ID"" : ""SNOMED"",
							""CONCEPT_CLASS_ID"" : ""Clinical Finding""
						},
						""isExcluded"" : false,
						""includeDescendants"" : true,
						""includeMapped"" : false
					},
					{
						""concept"" : {
							""CONCEPT_ID"" : 435216,
							""CONCEPT_NAME"" : ""Disorder due to type 1 diabetes mellitus"",
							""STANDARD_CONCEPT"" : ""S"",
							""STANDARD_CONCEPT_CAPTION"" : ""Standard"",
							""INVALID_REASON"" : ""V"",
							""INVALID_REASON_CAPTION"" : ""Valid"",
							""CONCEPT_CODE"" : ""420868002"",
							""DOMAIN_ID"" : ""Condition"",
							""VOCABULARY_ID"" : ""SNOMED"",
							""CONCEPT_CLASS_ID"" : ""Clinical Finding""
						},
						""isExcluded"" : false,
						""includeDescendants"" : true,
						""includeMapped"" : false
					}
				]
			}
		},
		{
			""id"" : 12,
			""name"" : ""Type 2 diabetes mellitus"",
			""expression"" : {
				""items"" : [
					{
						""concept"" : {
							""CONCEPT_ID"" : 443238,
							""CONCEPT_NAME"" : ""Diabetic - poor control"",
							""STANDARD_CONCEPT"" : ""S"",
							""STANDARD_CONCEPT_CAPTION"" : ""Standard"",
							""INVALID_REASON"" : ""V"",
							""INVALID_REASON_CAPTION"" : ""Valid"",
							""CONCEPT_CODE"" : ""268519009"",
							""DOMAIN_ID"" : ""Condition"",
							""VOCABULARY_ID"" : ""SNOMED"",
							""CONCEPT_CLASS_ID"" : ""Clinical Finding""
						},
						""isExcluded"" : false,
						""includeDescendants"" : true,
						""includeMapped"" : false
					},
					{
						""concept"" : {
							""CONCEPT_ID"" : 201820,
							""CONCEPT_NAME"" : ""Diabetes mellitus"",
							""STANDARD_CONCEPT"" : ""S"",
							""STANDARD_CONCEPT_CAPTION"" : ""Standard"",
							""INVALID_REASON"" : ""V"",
							""INVALID_REASON_CAPTION"" : ""Valid"",
							""CONCEPT_CODE"" : ""73211009"",
							""DOMAIN_ID"" : ""Condition"",
							""VOCABULARY_ID"" : ""SNOMED"",
							""CONCEPT_CLASS_ID"" : ""Clinical Finding""
						},
						""isExcluded"" : false,
						""includeDescendants"" : true,
						""includeMapped"" : false
					},
					{
						""concept"" : {
							""CONCEPT_ID"" : 442793,
							""CONCEPT_NAME"" : ""Complication due to diabetes mellitus"",
							""STANDARD_CONCEPT"" : ""S"",
							""STANDARD_CONCEPT_CAPTION"" : ""Standard"",
							""INVALID_REASON"" : ""V"",
							""INVALID_REASON_CAPTION"" : ""Valid"",
							""CONCEPT_CODE"" : ""74627003"",
							""DOMAIN_ID"" : ""Condition"",
							""VOCABULARY_ID"" : ""SNOMED"",
							""CONCEPT_CLASS_ID"" : ""Clinical Finding""
						},
						""isExcluded"" : false,
						""includeDescendants"" : true,
						""includeMapped"" : false
					},
					{
						""concept"" : {
							""CONCEPT_ID"" : 40484648,
							""CONCEPT_NAME"" : ""Type 1 diabetes mellitus uncontrolled"",
							""STANDARD_CONCEPT"" : ""S"",
							""STANDARD_CONCEPT_CAPTION"" : ""Standard"",
							""INVALID_REASON"" : ""V"",
							""INVALID_REASON_CAPTION"" : ""Valid"",
							""CONCEPT_CODE"" : ""444073006"",
							""DOMAIN_ID"" : ""Condition"",
							""VOCABULARY_ID"" : ""SNOMED"",
							""CONCEPT_CLASS_ID"" : ""Clinical Finding""
						},
						""isExcluded"" : true,
						""includeDescendants"" : true,
						""includeMapped"" : false
					},
					{
						""concept"" : {
							""CONCEPT_ID"" : 201254,
							""CONCEPT_NAME"" : ""Type 1 diabetes mellitus"",
							""STANDARD_CONCEPT"" : ""S"",
							""STANDARD_CONCEPT_CAPTION"" : ""Standard"",
							""INVALID_REASON"" : ""V"",
							""INVALID_REASON_CAPTION"" : ""Valid"",
							""CONCEPT_CODE"" : ""46635009"",
							""DOMAIN_ID"" : ""Condition"",
							""VOCABULARY_ID"" : ""SNOMED"",
							""CONCEPT_CLASS_ID"" : ""Clinical Finding""
						},
						""isExcluded"" : true,
						""includeDescendants"" : true,
						""includeMapped"" : false
					},
					{
						""concept"" : {
							""CONCEPT_ID"" : 435216,
							""CONCEPT_NAME"" : ""Disorder due to type 1 diabetes mellitus"",
							""STANDARD_CONCEPT"" : ""S"",
							""STANDARD_CONCEPT_CAPTION"" : ""Standard"",
							""INVALID_REASON"" : ""V"",
							""INVALID_REASON_CAPTION"" : ""Valid"",
							""CONCEPT_CODE"" : ""420868002"",
							""DOMAIN_ID"" : ""Condition"",
							""VOCABULARY_ID"" : ""SNOMED"",
							""CONCEPT_CLASS_ID"" : ""Clinical Finding""
						},
						""isExcluded"" : true,
						""includeDescendants"" : true,
						""includeMapped"" : false
					},
					{
						""concept"" : {
							""CONCEPT_ID"" : 195771,
							""CONCEPT_NAME"" : ""Secondary diabetes mellitus"",
							""STANDARD_CONCEPT"" : ""S"",
							""STANDARD_CONCEPT_CAPTION"" : ""Standard"",
							""INVALID_REASON"" : ""V"",
							""INVALID_REASON_CAPTION"" : ""Valid"",
							""CONCEPT_CODE"" : ""8801005"",
							""DOMAIN_ID"" : ""Condition"",
							""VOCABULARY_ID"" : ""SNOMED"",
							""CONCEPT_CLASS_ID"" : ""Clinical Finding""
						},
						""isExcluded"" : true,
						""includeDescendants"" : true,
						""includeMapped"" : false
					},
					{
						""concept"" : {
							""CONCEPT_ID"" : 761051,
							""CONCEPT_NAME"" : ""Complication due to secondary diabetes mellitus"",
							""STANDARD_CONCEPT"" : ""S"",
							""STANDARD_CONCEPT_CAPTION"" : ""Standard"",
							""INVALID_REASON"" : ""V"",
							""INVALID_REASON_CAPTION"" : ""Valid"",
							""CONCEPT_CODE"" : ""138811000119100"",
							""DOMAIN_ID"" : ""Condition"",
							""VOCABULARY_ID"" : ""SNOMED"",
							""CONCEPT_CLASS_ID"" : ""Clinical Finding""
						},
						""isExcluded"" : true,
						""includeDescendants"" : true,
						""includeMapped"" : false
					},
					{
						""concept"" : {
							""CONCEPT_ID"" : 4016045,
							""CONCEPT_NAME"" : ""Diabetic - good control"",
							""STANDARD_CONCEPT"" : ""S"",
							""STANDARD_CONCEPT_CAPTION"" : ""Standard"",
							""INVALID_REASON"" : ""V"",
							""INVALID_REASON_CAPTION"" : ""Valid"",
							""CONCEPT_CODE"" : ""170763003"",
							""DOMAIN_ID"" : ""Condition"",
							""VOCABULARY_ID"" : ""SNOMED"",
							""CONCEPT_CLASS_ID"" : ""Clinical Finding""
						},
						""isExcluded"" : false,
						""includeDescendants"" : true,
						""includeMapped"" : false
					},
					{
						""concept"" : {
							""CONCEPT_ID"" : 40484649,
							""CONCEPT_NAME"" : ""Type 1 diabetes mellitus well controlled"",
							""STANDARD_CONCEPT"" : ""S"",
							""STANDARD_CONCEPT_CAPTION"" : ""Standard"",
							""INVALID_REASON"" : ""V"",
							""INVALID_REASON_CAPTION"" : ""Valid"",
							""CONCEPT_CODE"" : ""444074000"",
							""DOMAIN_ID"" : ""Condition"",
							""VOCABULARY_ID"" : ""SNOMED"",
							""CONCEPT_CLASS_ID"" : ""Clinical Finding""
						},
						""isExcluded"" : true,
						""includeDescendants"" : true,
						""includeMapped"" : false
					},
					{
						""concept"" : {
							""CONCEPT_ID"" : 43531009,
							""CONCEPT_NAME"" : ""Pregnancy and type 1 diabetes mellitus"",
							""STANDARD_CONCEPT"" : ""S"",
							""STANDARD_CONCEPT_CAPTION"" : ""Standard"",
							""INVALID_REASON"" : ""V"",
							""INVALID_REASON_CAPTION"" : ""Valid"",
							""CONCEPT_CODE"" : ""609566000"",
							""DOMAIN_ID"" : ""Condition"",
							""VOCABULARY_ID"" : ""SNOMED"",
							""CONCEPT_CLASS_ID"" : ""Clinical Finding""
						},
						""isExcluded"" : true,
						""includeDescendants"" : true,
						""includeMapped"" : false
					},
					{
						""concept"" : {
							""CONCEPT_ID"" : 4024659,
							""CONCEPT_NAME"" : ""Gestational diabetes mellitus"",
							""STANDARD_CONCEPT"" : ""S"",
							""STANDARD_CONCEPT_CAPTION"" : ""Standard"",
							""INVALID_REASON"" : ""V"",
							""INVALID_REASON_CAPTION"" : ""Valid"",
							""CONCEPT_CODE"" : ""11687002"",
							""DOMAIN_ID"" : ""Condition"",
							""VOCABULARY_ID"" : ""SNOMED"",
							""CONCEPT_CLASS_ID"" : ""Clinical Finding""
						},
						""isExcluded"" : true,
						""includeDescendants"" : true,
						""includeMapped"" : false
					}
				]
			}
		},
		{
			""id"" : 17,
			""name"" : ""liver and biliary conditions"",
			""expression"" : {
				""items"" : [
					{
						""concept"" : {
							""CONCEPT_ID"" : 46269836,
							""CONCEPT_NAME"" : ""Hepatic coma due to chronic hepatic failure"",
							""STANDARD_CONCEPT"" : ""S"",
							""STANDARD_CONCEPT_CAPTION"" : ""Standard"",
							""INVALID_REASON"" : ""V"",
							""INVALID_REASON_CAPTION"" : ""Valid"",
							""CONCEPT_CODE"" : ""1085091000119108"",
							""DOMAIN_ID"" : ""Condition"",
							""VOCABULARY_ID"" : ""SNOMED"",
							""CONCEPT_CLASS_ID"" : ""Disorder""
						},
						""isExcluded"" : false,
						""includeDescendants"" : true,
						""includeMapped"" : false
					},
					{
						""concept"" : {
							""CONCEPT_ID"" : 37016176,
							""CONCEPT_NAME"" : ""Cerebral degeneration due to alcoholism"",
							""STANDARD_CONCEPT"" : ""S"",
							""STANDARD_CONCEPT_CAPTION"" : ""Standard"",
							""INVALID_REASON"" : ""V"",
							""INVALID_REASON_CAPTION"" : ""Valid"",
							""CONCEPT_CODE"" : ""135761000119101"",
							""DOMAIN_ID"" : ""Condition"",
							""VOCABULARY_ID"" : ""SNOMED"",
							""CONCEPT_CLASS_ID"" : ""Disorder""
						},
						""isExcluded"" : false,
						""includeDescendants"" : true,
						""includeMapped"" : false
					},
					{
						""concept"" : {
							""CONCEPT_ID"" : 4093637,
							""CONCEPT_NAME"" : ""Sequelae of viral hepatitis"",
							""STANDARD_CONCEPT"" : ""S"",
							""STANDARD_CONCEPT_CAPTION"" : ""Standard"",
							""INVALID_REASON"" : ""V"",
							""INVALID_REASON_CAPTION"" : ""Valid"",
							""CONCEPT_CODE"" : ""187260009"",
							""DOMAIN_ID"" : ""Condition"",
							""VOCABULARY_ID"" : ""SNOMED"",
							""CONCEPT_CLASS_ID"" : ""Disorder""
						},
						""isExcluded"" : false,
						""includeDescendants"" : true,
						""includeMapped"" : false
					},
					{
						""concept"" : {
							""CONCEPT_ID"" : 194984,
							""CONCEPT_NAME"" : ""Disease of liver"",
							""STANDARD_CONCEPT"" : ""S"",
							""STANDARD_CONCEPT_CAPTION"" : ""Standard"",
							""INVALID_REASON"" : ""V"",
							""INVALID_REASON_CAPTION"" : ""Valid"",
							""CONCEPT_CODE"" : ""235856003"",
							""DOMAIN_ID"" : ""Condition"",
							""VOCABULARY_ID"" : ""SNOMED"",
							""CONCEPT_CLASS_ID"" : ""Disorder""
						},
						""isExcluded"" : false,
						""includeDescendants"" : true,
						""includeMapped"" : false
					},
					{
						""concept"" : {
							""CONCEPT_ID"" : 4145627,
							""CONCEPT_NAME"" : ""Biliary calculus"",
							""STANDARD_CONCEPT"" : ""S"",
							""STANDARD_CONCEPT_CAPTION"" : ""Standard"",
							""INVALID_REASON"" : ""V"",
							""INVALID_REASON_CAPTION"" : ""Valid"",
							""CONCEPT_CODE"" : ""266474003"",
							""DOMAIN_ID"" : ""Condition"",
							""VOCABULARY_ID"" : ""SNOMED"",
							""CONCEPT_CLASS_ID"" : ""Disorder""
						},
						""isExcluded"" : false,
						""includeDescendants"" : true,
						""includeMapped"" : false
					},
					{
						""concept"" : {
							""CONCEPT_ID"" : 44806251,
							""CONCEPT_NAME"" : ""Biliary acute pancreatitis"",
							""STANDARD_CONCEPT"" : ""S"",
							""STANDARD_CONCEPT_CAPTION"" : ""Standard"",
							""INVALID_REASON"" : ""V"",
							""INVALID_REASON_CAPTION"" : ""Valid"",
							""CONCEPT_CODE"" : ""811431000000107"",
							""DOMAIN_ID"" : ""Condition"",
							""VOCABULARY_ID"" : ""SNOMED"",
							""CONCEPT_CLASS_ID"" : ""Disorder""
						},
						""isExcluded"" : false,
						""includeDescendants"" : true,
						""includeMapped"" : false
					},
					{
						""concept"" : {
							""CONCEPT_ID"" : 46269816,
							""CONCEPT_NAME"" : ""Ascites due to alcoholic cirrhosis"",
							""STANDARD_CONCEPT"" : ""S"",
							""STANDARD_CONCEPT_CAPTION"" : ""Standard"",
							""INVALID_REASON"" : ""V"",
							""INVALID_REASON_CAPTION"" : ""Valid"",
							""CONCEPT_CODE"" : ""1082601000119104"",
							""DOMAIN_ID"" : ""Condition"",
							""VOCABULARY_ID"" : ""SNOMED"",
							""CONCEPT_CLASS_ID"" : ""Disorder""
						},
						""isExcluded"" : false,
						""includeDescendants"" : true,
						""includeMapped"" : false
					},
					{
						""concept"" : {
							""CONCEPT_ID"" : 4340396,
							""CONCEPT_NAME"" : ""Obstruction of biliary tree"",
							""STANDARD_CONCEPT"" : ""S"",
							""STANDARD_CONCEPT_CAPTION"" : ""Standard"",
							""INVALID_REASON"" : ""V"",
							""INVALID_REASON_CAPTION"" : ""Valid"",
							""CONCEPT_CODE"" : ""235918000"",
							""DOMAIN_ID"" : ""Condition"",
							""VOCABULARY_ID"" : ""SNOMED"",
							""CONCEPT_CLASS_ID"" : ""Disorder""
						},
						""isExcluded"" : false,
						""includeDescendants"" : true,
						""includeMapped"" : false
					},
					{
						""concept"" : {
							""CONCEPT_ID"" : 196029,
							""CONCEPT_NAME"" : ""Hepatic coma due to viral hepatitis"",
							""STANDARD_CONCEPT"" : ""S"",
							""STANDARD_CONCEPT_CAPTION"" : ""Standard"",
							""INVALID_REASON"" : ""V"",
							""INVALID_REASON_CAPTION"" : ""Valid"",
							""CONCEPT_CODE"" : ""40946000"",
							""DOMAIN_ID"" : ""Condition"",
							""VOCABULARY_ID"" : ""SNOMED"",
							""CONCEPT_CLASS_ID"" : ""Disorder""
						},
						""isExcluded"" : false,
						""includeDescendants"" : true,
						""includeMapped"" : false
					},
					{
						""concept"" : {
							""CONCEPT_ID"" : 45757783,
							""CONCEPT_NAME"" : ""Gastric hemorrhage due to alcoholic gastritis"",
							""STANDARD_CONCEPT"" : ""S"",
							""STANDARD_CONCEPT_CAPTION"" : ""Standard"",
							""INVALID_REASON"" : ""V"",
							""INVALID_REASON_CAPTION"" : ""Valid"",
							""CONCEPT_CODE"" : ""40241000119109"",
							""DOMAIN_ID"" : ""Condition"",
							""VOCABULARY_ID"" : ""SNOMED"",
							""CONCEPT_CLASS_ID"" : ""Disorder""
						},
						""isExcluded"" : false,
						""includeDescendants"" : true,
						""includeMapped"" : false
					},
					{
						""concept"" : {
							""CONCEPT_ID"" : 46269817,
							""CONCEPT_NAME"" : ""Ascites due to alcoholic hepatitis"",
							""STANDARD_CONCEPT"" : ""S"",
							""STANDARD_CONCEPT_CAPTION"" : ""Standard"",
							""INVALID_REASON"" : ""V"",
							""INVALID_REASON_CAPTION"" : ""Valid"",
							""CONCEPT_CODE"" : ""1082611000119101"",
							""DOMAIN_ID"" : ""Condition"",
							""VOCABULARY_ID"" : ""SNOMED"",
							""CONCEPT_CLASS_ID"" : ""Disorder""
						},
						""isExcluded"" : false,
						""includeDescendants"" : true,
						""includeMapped"" : false
					},
					{
						""concept"" : {
							""CONCEPT_ID"" : 4163735,
							""CONCEPT_NAME"" : ""Hemochromatosis"",
							""STANDARD_CONCEPT"" : ""S"",
							""STANDARD_CONCEPT_CAPTION"" : ""Standard"",
							""INVALID_REASON"" : ""V"",
							""INVALID_REASON_CAPTION"" : ""Valid"",
							""CONCEPT_CODE"" : ""399187006"",
							""DOMAIN_ID"" : ""Condition"",
							""VOCABULARY_ID"" : ""SNOMED"",
							""CONCEPT_CLASS_ID"" : ""Disorder""
						},
						""isExcluded"" : false,
						""includeDescendants"" : true,
						""includeMapped"" : false
					},
					{
						""concept"" : {
							""CONCEPT_ID"" : 195856,
							""CONCEPT_NAME"" : ""Cholangitis"",
							""STANDARD_CONCEPT"" : ""S"",
							""STANDARD_CONCEPT_CAPTION"" : ""Standard"",
							""INVALID_REASON"" : ""V"",
							""INVALID_REASON_CAPTION"" : ""Valid"",
							""CONCEPT_CODE"" : ""82403002"",
							""DOMAIN_ID"" : ""Condition"",
							""VOCABULARY_ID"" : ""SNOMED"",
							""CONCEPT_CLASS_ID"" : ""Disorder""
						},
						""isExcluded"" : false,
						""includeDescendants"" : true,
						""includeMapped"" : false
					},
					{
						""concept"" : {
							""CONCEPT_ID"" : 36714559,
							""CONCEPT_NAME"" : ""Disorder caused by alcohol"",
							""STANDARD_CONCEPT"" : ""S"",
							""STANDARD_CONCEPT_CAPTION"" : ""Standard"",
							""INVALID_REASON"" : ""V"",
							""INVALID_REASON_CAPTION"" : ""Valid"",
							""CONCEPT_CODE"" : ""719848005"",
							""DOMAIN_ID"" : ""Condition"",
							""VOCABULARY_ID"" : ""SNOMED"",
							""CONCEPT_CLASS_ID"" : ""Disorder""
						},
						""isExcluded"" : false,
						""includeDescendants"" : true,
						""includeMapped"" : false
					}
				]
			}
		},
		{
			""id"" : 18,
			""name"" : ""LEGEND SGLT2 inhibitors"",
			""expression"" : {
				""items"" : [
					{
						""concept"" : {
							""CONCEPT_ID"" : 43526465,
							""CONCEPT_NAME"" : ""canagliflozin"",
							""STANDARD_CONCEPT"" : ""S"",
							""STANDARD_CONCEPT_CAPTION"" : ""Standard"",
							""INVALID_REASON"" : ""V"",
							""INVALID_REASON_CAPTION"" : ""Valid"",
							""CONCEPT_CODE"" : ""1373458"",
							""DOMAIN_ID"" : ""Drug"",
							""VOCABULARY_ID"" : ""RxNorm"",
							""CONCEPT_CLASS_ID"" : ""Ingredient""
						},
						""isExcluded"" : false,
						""includeDescendants"" : true,
						""includeMapped"" : false
					},
					{
						""concept"" : {
							""CONCEPT_ID"" : 44785829,
							""CONCEPT_NAME"" : ""dapagliflozin"",
							""STANDARD_CONCEPT"" : ""S"",
							""STANDARD_CONCEPT_CAPTION"" : ""Standard"",
							""INVALID_REASON"" : ""V"",
							""INVALID_REASON_CAPTION"" : ""Valid"",
							""CONCEPT_CODE"" : ""1488564"",
							""DOMAIN_ID"" : ""Drug"",
							""VOCABULARY_ID"" : ""RxNorm"",
							""CONCEPT_CLASS_ID"" : ""Ingredient""
						},
						""isExcluded"" : false,
						""includeDescendants"" : true,
						""includeMapped"" : false
					},
					{
						""concept"" : {
							""CONCEPT_ID"" : 45774751,
							""CONCEPT_NAME"" : ""empagliflozin"",
							""STANDARD_CONCEPT"" : ""S"",
							""STANDARD_CONCEPT_CAPTION"" : ""Standard"",
							""INVALID_REASON"" : ""V"",
							""INVALID_REASON_CAPTION"" : ""Valid"",
							""CONCEPT_CODE"" : ""1545653"",
							""DOMAIN_ID"" : ""Drug"",
							""VOCABULARY_ID"" : ""RxNorm"",
							""CONCEPT_CLASS_ID"" : ""Ingredient""
						},
						""isExcluded"" : false,
						""includeDescendants"" : true,
						""includeMapped"" : false
					},
					{
						""concept"" : {
							""CONCEPT_ID"" : 793293,
							""CONCEPT_NAME"" : ""ertugliflozin"",
							""STANDARD_CONCEPT"" : ""S"",
							""STANDARD_CONCEPT_CAPTION"" : ""Standard"",
							""INVALID_REASON"" : ""V"",
							""INVALID_REASON_CAPTION"" : ""Valid"",
							""CONCEPT_CODE"" : ""1992672"",
							""DOMAIN_ID"" : ""Drug"",
							""VOCABULARY_ID"" : ""RxNorm"",
							""CONCEPT_CLASS_ID"" : ""Ingredient""
						},
						""isExcluded"" : false,
						""includeDescendants"" : true,
						""includeMapped"" : false
					}
				]
			}
		}
	],
	""QualifiedLimit"" : {
		""Type"" : ""First""
	},
	""ExpressionLimit"" : {
		""Type"" : ""First""
	},
	""InclusionRules"" : [
		{
			""name"" : ""Prior metformin use (>=90d or 3+ exposures)"",
			""expression"" : {
				""Type"" : ""ANY"",
				""CriteriaList"" : [
					{
						""Criteria"" : {
							""DrugEra"" : {
								""CodesetId"" : 7,
								""EraLength"" : {
									""Value"" : 90,
									""Op"" : ""gte""
								}
							}
						},
						""StartWindow"" : {
							""Start"" : {
								""Coeff"" : -1
							},
							""End"" : {
								""Days"" : 90,
								""Coeff"" : -1
							},
							""UseIndexEnd"" : false,
							""UseEventEnd"" : false
						},
						""RestrictVisit"" : false,
						""IgnoreObservationPeriod"" : true,
						""Occurrence"" : {
							""Type"" : 2,
							""Count"" : 1,
							""IsDistinct"" : false
						}
					},
					{
						""Criteria"" : {
							""DrugExposure"" : {
								""CodesetId"" : 7,
								""DrugTypeExclude"" : false
							}
						},
						""StartWindow"" : {
							""Start"" : {
								""Coeff"" : -1
							},
							""End"" : {
								""Days"" : 0,
								""Coeff"" : -1
							},
							""UseIndexEnd"" : false,
							""UseEventEnd"" : false
						},
						""RestrictVisit"" : false,
						""IgnoreObservationPeriod"" : true,
						""Occurrence"" : {
							""Type"" : 2,
							""Count"" : 3,
							""IsDistinct"" : false
						}
					}
				],
				""DemographicCriteriaList"" : [],
				""Groups"" : []
			}
		},
		{
			""name"" : ""No underlying hepatic and biliary condition"",
			""expression"" : {
				""Type"" : ""ALL"",
				""CriteriaList"" : [
					{
						""Criteria"" : {
							""ConditionOccurrence"" : {
								""CodesetId"" : 17
							}
						},
						""StartWindow"" : {
							""Start"" : {
								""Coeff"" : -1
							},
							""End"" : {
								""Days"" : 0,
								""Coeff"" : 1
							},
							""UseIndexEnd"" : false,
							""UseEventEnd"" : false
						},
						""RestrictVisit"" : false,
						""IgnoreObservationPeriod"" : true,
						""Occurrence"" : {
							""Type"" : 0,
							""Count"" : 0,
							""IsDistinct"" : false
						}
					}
				],
				""DemographicCriteriaList"" : [],
				""Groups"" : []
			}
		}
	],
	""EndStrategy"" : {
		""CustomEra"" : {
			""DrugCodesetId"" : 2,
			""GapDays"" : 60,
			""Offset"" : 0
		}
	},
	""CensoringCriteria"" : [],
	""CollapseSettings"" : {
		""CollapseType"" : ""ERA"",
		""EraPad"" : 0
	},
	""CensorWindow"" : {}
}",NA,TRUE
1795525,1795525,GLP1_ALI_2ndOutcome_Cholelithiasis,"CREATE TABLE #Codesets (
  codeset_id int NOT NULL,
  concept_id bigint NOT NULL
)
;

INSERT INTO #Codesets (codeset_id, concept_id)
SELECT 0 as codeset_id, c.concept_id FROM (select distinct I.concept_id FROM
( 
  select concept_id from @vocabulary_database_schema.CONCEPT where concept_id in (4145627)
UNION  select c.concept_id
  from @vocabulary_database_schema.CONCEPT c
  join @vocabulary_database_schema.CONCEPT_ANCESTOR ca on c.concept_id = ca.descendant_concept_id
  and ca.ancestor_concept_id in (4145627)
  and c.invalid_reason is null

) I
) C;

UPDATE STATISTICS #Codesets;


SELECT event_id, person_id, start_date, end_date, op_start_date, op_end_date, visit_occurrence_id
INTO #qualified_events
FROM 
(
  select pe.event_id, pe.person_id, pe.start_date, pe.end_date, pe.op_start_date, pe.op_end_date, row_number() over (partition by pe.person_id order by pe.start_date ASC) as ordinal, cast(pe.visit_occurrence_id as bigint) as visit_occurrence_id
  FROM (-- Begin Primary Events
select P.ordinal as event_id, P.person_id, P.start_date, P.end_date, op_start_date, op_end_date, cast(P.visit_occurrence_id as bigint) as visit_occurrence_id
FROM
(
  select E.person_id, E.start_date, E.end_date,
         row_number() OVER (PARTITION BY E.person_id ORDER BY E.sort_date ASC, E.event_id) ordinal,
         OP.observation_period_start_date as op_start_date, OP.observation_period_end_date as op_end_date, cast(E.visit_occurrence_id as bigint) as visit_occurrence_id
  FROM 
  (
  -- Begin Condition Occurrence Criteria
SELECT C.person_id, C.condition_occurrence_id as event_id, C.start_date, C.end_date,
  C.visit_occurrence_id, C.start_date as sort_date
FROM 
(
  SELECT co.person_id,co.condition_occurrence_id,co.condition_concept_id,co.visit_occurrence_id,co.condition_start_date as start_date, COALESCE(co.condition_end_date, DATEADD(day,1,co.condition_start_date)) as end_date 
  FROM @cdm_database_schema.CONDITION_OCCURRENCE co
  JOIN #Codesets cs on (co.condition_concept_id = cs.concept_id and cs.codeset_id = 0)
) C


-- End Condition Occurrence Criteria

  ) E
	JOIN @cdm_database_schema.observation_period OP on E.person_id = OP.person_id and E.start_date >=  OP.observation_period_start_date and E.start_date <= op.observation_period_end_date
  WHERE DATEADD(day,365,OP.OBSERVATION_PERIOD_START_DATE) <= E.START_DATE AND DATEADD(day,365,E.START_DATE) <= OP.OBSERVATION_PERIOD_END_DATE
) P
WHERE P.ordinal = 1
-- End Primary Events
) pe
  
) QE

;

--- Inclusion Rule Inserts

select 0 as inclusion_rule_id, person_id, event_id
INTO #Inclusion_0
FROM 
(
  select pe.person_id, pe.event_id
  FROM #qualified_events pe
  
JOIN (
-- Begin Criteria Group
select 0 as index_id, person_id, event_id
FROM
(
  select E.person_id, E.event_id 
  FROM #qualified_events E
  INNER JOIN
  (
    -- Begin Demographic Criteria
SELECT 0 as index_id, e.person_id, e.event_id
FROM #qualified_events E
JOIN @cdm_database_schema.PERSON P ON P.PERSON_ID = E.PERSON_ID
WHERE YEAR(E.start_date) - P.year_of_birth > 18
GROUP BY e.person_id, e.event_id
-- End Demographic Criteria

  ) CQ on E.person_id = CQ.person_id and E.event_id = CQ.event_id
  GROUP BY E.person_id, E.event_id
  HAVING COUNT(index_id) = 1
) G
-- End Criteria Group
) AC on AC.person_id = pe.person_id AND AC.event_id = pe.event_id
) Results
;

SELECT inclusion_rule_id, person_id, event_id
INTO #inclusion_events
FROM (select inclusion_rule_id, person_id, event_id from #Inclusion_0) I;
TRUNCATE TABLE #Inclusion_0;
DROP TABLE #Inclusion_0;


select event_id, person_id, start_date, end_date, op_start_date, op_end_date
into #included_events
FROM (
  SELECT event_id, person_id, start_date, end_date, op_start_date, op_end_date, row_number() over (partition by person_id order by start_date ASC) as ordinal
  from
  (
    select Q.event_id, Q.person_id, Q.start_date, Q.end_date, Q.op_start_date, Q.op_end_date, SUM(coalesce(POWER(cast(2 as bigint), I.inclusion_rule_id), 0)) as inclusion_rule_mask
    from #qualified_events Q
    LEFT JOIN #inclusion_events I on I.person_id = Q.person_id and I.event_id = Q.event_id
    GROUP BY Q.event_id, Q.person_id, Q.start_date, Q.end_date, Q.op_start_date, Q.op_end_date
  ) MG -- matching groups

  -- the matching group with all bits set ( POWER(2,# of inclusion rules) - 1 = inclusion_rule_mask
  WHERE (MG.inclusion_rule_mask = POWER(cast(2 as bigint),1)-1)

) Results
WHERE Results.ordinal = 1
;



-- generate cohort periods into #final_cohort
select person_id, start_date, end_date
INTO #cohort_rows
from ( -- first_ends
	select F.person_id, F.start_date, F.end_date
	FROM (
	  select I.event_id, I.person_id, I.start_date, CE.end_date, row_number() over (partition by I.person_id, I.event_id order by CE.end_date) as ordinal
	  from #included_events I
	  join ( -- cohort_ends
-- cohort exit dates
-- By default, cohort exit at the event's op end date
select event_id, person_id, op_end_date as end_date from #included_events
UNION ALL
-- Censor Events
select i.event_id, i.person_id, MIN(c.start_date) as end_date
FROM #included_events i
JOIN
(
-- Begin Death Criteria
select C.person_id, C.person_id as event_id, C.start_date, c.end_date,
  CAST(NULL as bigint) as visit_occurrence_id, C.start_date as sort_date
from 
(
  select d.person_id,d.cause_concept_id,d.death_date as start_date, DATEADD(day,1,d.death_date) as end_date
  FROM @cdm_database_schema.DEATH d

) C


-- End Death Criteria


) C on C.person_id = I.person_id and C.start_date >= I.start_date and C.START_DATE <= I.op_end_date
GROUP BY i.event_id, i.person_id


    ) CE on I.event_id = CE.event_id and I.person_id = CE.person_id and CE.end_date >= I.start_date
	) F
	WHERE F.ordinal = 1
) FE;

select person_id, min(start_date) as start_date, end_date
into #final_cohort
from ( --cteEnds
	SELECT
		 c.person_id
		, c.start_date
		, MIN(ed.end_date) AS end_date
	FROM #cohort_rows c
	JOIN ( -- cteEndDates
    SELECT
      person_id
      , DATEADD(day,-1 * 0, event_date)  as end_date
    FROM
    (
      SELECT
        person_id
        , event_date
        , event_type
        , SUM(event_type) OVER (PARTITION BY person_id ORDER BY event_date, event_type ROWS UNBOUNDED PRECEDING) AS interval_status
      FROM
      (
        SELECT
          person_id
          , start_date AS event_date
          , -1 AS event_type
        FROM #cohort_rows

        UNION ALL


        SELECT
          person_id
          , DATEADD(day,0,end_date) as end_date
          , 1 AS event_type
        FROM #cohort_rows
      ) RAWDATA
    ) e
    WHERE interval_status = 0
  ) ed ON c.person_id = ed.person_id AND ed.end_date >= c.start_date
	GROUP BY c.person_id, c.start_date
) e
group by person_id, end_date
;

DELETE FROM @target_database_schema.@target_cohort_table where cohort_definition_id = @target_cohort_id;
INSERT INTO @target_database_schema.@target_cohort_table (cohort_definition_id, subject_id, cohort_start_date, cohort_end_date)
select @target_cohort_id as cohort_definition_id, person_id, start_date, end_date 
FROM #final_cohort CO
;


-- BEGIN: Censored Stats

delete from @results_database_schema.cohort_censor_stats where cohort_definition_id = @target_cohort_id;

-- END: Censored Stats



-- Create a temp table of inclusion rule rows for joining in the inclusion rule impact analysis

select cast(rule_sequence as int) as rule_sequence
into #inclusion_rules
from (
  SELECT CAST(0 as int) as rule_sequence
) IR;


-- Find the event that is the 'best match' per person.  
-- the 'best match' is defined as the event that satisfies the most inclusion rules.
-- ties are solved by choosing the event that matches the earliest inclusion rule, and then earliest.

select q.person_id, q.event_id
into #best_events
from #qualified_events Q
join (
	SELECT R.person_id, R.event_id, ROW_NUMBER() OVER (PARTITION BY R.person_id ORDER BY R.rule_count DESC,R.min_rule_id ASC, R.start_date ASC) AS rank_value
	FROM (
		SELECT Q.person_id, Q.event_id, COALESCE(COUNT(DISTINCT I.inclusion_rule_id), 0) AS rule_count, COALESCE(MIN(I.inclusion_rule_id), 0) AS min_rule_id, Q.start_date
		FROM #qualified_events Q
		LEFT JOIN #inclusion_events I ON q.person_id = i.person_id AND q.event_id = i.event_id
		GROUP BY Q.person_id, Q.event_id, Q.start_date
	) R
) ranked on Q.person_id = ranked.person_id and Q.event_id = ranked.event_id
WHERE ranked.rank_value = 1
;

-- modes of generation: (the same tables store the results for the different modes, identified by the mode_id column)
-- 0: all events
-- 1: best event


-- BEGIN: Inclusion Impact Analysis - event
-- calculte matching group counts
delete from @results_database_schema.cohort_inclusion_result where cohort_definition_id = @target_cohort_id and mode_id = 0;
insert into @results_database_schema.cohort_inclusion_result (cohort_definition_id, inclusion_rule_mask, person_count, mode_id)
select @target_cohort_id as cohort_definition_id, inclusion_rule_mask, count_big(*) as person_count, 0 as mode_id
from
(
  select Q.person_id, Q.event_id, CAST(SUM(coalesce(POWER(cast(2 as bigint), I.inclusion_rule_id), 0)) AS bigint) as inclusion_rule_mask
  from #qualified_events Q
  LEFT JOIN #inclusion_events I on q.person_id = i.person_id and q.event_id = i.event_id
  GROUP BY Q.person_id, Q.event_id
) MG -- matching groups
group by inclusion_rule_mask
;

-- calculate gain counts 
delete from @results_database_schema.cohort_inclusion_stats where cohort_definition_id = @target_cohort_id and mode_id = 0;
insert into @results_database_schema.cohort_inclusion_stats (cohort_definition_id, rule_sequence, person_count, gain_count, person_total, mode_id)
select @target_cohort_id as cohort_definition_id, ir.rule_sequence, coalesce(T.person_count, 0) as person_count, coalesce(SR.person_count, 0) gain_count, EventTotal.total, 0 as mode_id
from #inclusion_rules ir
left join
(
  select i.inclusion_rule_id, count_big(i.event_id) as person_count
  from #qualified_events Q
  JOIN #inclusion_events i on Q.person_id = I.person_id and Q.event_id = i.event_id
  group by i.inclusion_rule_id
) T on ir.rule_sequence = T.inclusion_rule_id
CROSS JOIN (select count(*) as total_rules from #inclusion_rules) RuleTotal
CROSS JOIN (select count_big(event_id) as total from #qualified_events) EventTotal
LEFT JOIN @results_database_schema.cohort_inclusion_result SR on SR.mode_id = 0 AND SR.cohort_definition_id = @target_cohort_id AND (POWER(cast(2 as bigint),RuleTotal.total_rules) - POWER(cast(2 as bigint),ir.rule_sequence) - 1) = SR.inclusion_rule_mask -- POWER(2,rule count) - POWER(2,rule sequence) - 1 is the mask for 'all except this rule'
;

-- calculate totals
delete from @results_database_schema.cohort_summary_stats where cohort_definition_id = @target_cohort_id and mode_id = 0;
insert into @results_database_schema.cohort_summary_stats (cohort_definition_id, base_count, final_count, mode_id)
select @target_cohort_id as cohort_definition_id, PC.total as person_count, coalesce(FC.total, 0) as final_count, 0 as mode_id
FROM
(select count_big(event_id) as total from #qualified_events) PC,
(select sum(sr.person_count) as total
  from @results_database_schema.cohort_inclusion_result sr
  CROSS JOIN (select count(*) as total_rules from #inclusion_rules) RuleTotal
  where sr.mode_id = 0 and sr.cohort_definition_id = @target_cohort_id and sr.inclusion_rule_mask = POWER(cast(2 as bigint),RuleTotal.total_rules)-1
) FC
;

-- END: Inclusion Impact Analysis - event

-- BEGIN: Inclusion Impact Analysis - person
-- calculte matching group counts
delete from @results_database_schema.cohort_inclusion_result where cohort_definition_id = @target_cohort_id and mode_id = 1;
insert into @results_database_schema.cohort_inclusion_result (cohort_definition_id, inclusion_rule_mask, person_count, mode_id)
select @target_cohort_id as cohort_definition_id, inclusion_rule_mask, count_big(*) as person_count, 1 as mode_id
from
(
  select Q.person_id, Q.event_id, CAST(SUM(coalesce(POWER(cast(2 as bigint), I.inclusion_rule_id), 0)) AS bigint) as inclusion_rule_mask
  from #best_events Q
  LEFT JOIN #inclusion_events I on q.person_id = i.person_id and q.event_id = i.event_id
  GROUP BY Q.person_id, Q.event_id
) MG -- matching groups
group by inclusion_rule_mask
;

-- calculate gain counts 
delete from @results_database_schema.cohort_inclusion_stats where cohort_definition_id = @target_cohort_id and mode_id = 1;
insert into @results_database_schema.cohort_inclusion_stats (cohort_definition_id, rule_sequence, person_count, gain_count, person_total, mode_id)
select @target_cohort_id as cohort_definition_id, ir.rule_sequence, coalesce(T.person_count, 0) as person_count, coalesce(SR.person_count, 0) gain_count, EventTotal.total, 1 as mode_id
from #inclusion_rules ir
left join
(
  select i.inclusion_rule_id, count_big(i.event_id) as person_count
  from #best_events Q
  JOIN #inclusion_events i on Q.person_id = I.person_id and Q.event_id = i.event_id
  group by i.inclusion_rule_id
) T on ir.rule_sequence = T.inclusion_rule_id
CROSS JOIN (select count(*) as total_rules from #inclusion_rules) RuleTotal
CROSS JOIN (select count_big(event_id) as total from #best_events) EventTotal
LEFT JOIN @results_database_schema.cohort_inclusion_result SR on SR.mode_id = 1 AND SR.cohort_definition_id = @target_cohort_id AND (POWER(cast(2 as bigint),RuleTotal.total_rules) - POWER(cast(2 as bigint),ir.rule_sequence) - 1) = SR.inclusion_rule_mask -- POWER(2,rule count) - POWER(2,rule sequence) - 1 is the mask for 'all except this rule'
;

-- calculate totals
delete from @results_database_schema.cohort_summary_stats where cohort_definition_id = @target_cohort_id and mode_id = 1;
insert into @results_database_schema.cohort_summary_stats (cohort_definition_id, base_count, final_count, mode_id)
select @target_cohort_id as cohort_definition_id, PC.total as person_count, coalesce(FC.total, 0) as final_count, 1 as mode_id
FROM
(select count_big(event_id) as total from #best_events) PC,
(select sum(sr.person_count) as total
  from @results_database_schema.cohort_inclusion_result sr
  CROSS JOIN (select count(*) as total_rules from #inclusion_rules) RuleTotal
  where sr.mode_id = 1 and sr.cohort_definition_id = @target_cohort_id and sr.inclusion_rule_mask = POWER(cast(2 as bigint),RuleTotal.total_rules)-1
) FC
;

-- END: Inclusion Impact Analysis - person

TRUNCATE TABLE #best_events;
DROP TABLE #best_events;

TRUNCATE TABLE #inclusion_rules;
DROP TABLE #inclusion_rules;




TRUNCATE TABLE #cohort_rows;
DROP TABLE #cohort_rows;

TRUNCATE TABLE #final_cohort;
DROP TABLE #final_cohort;

TRUNCATE TABLE #inclusion_events;
DROP TABLE #inclusion_events;

TRUNCATE TABLE #qualified_events;
DROP TABLE #qualified_events;

TRUNCATE TABLE #included_events;
DROP TABLE #included_events;

TRUNCATE TABLE #Codesets;
DROP TABLE #Codesets;
","{
	""cdmVersionRange"" : "">=5.0.0"",
	""PrimaryCriteria"" : {
		""CriteriaList"" : [
			{
				""ConditionOccurrence"" : {
					""CodesetId"" : 0
				}
			}
		],
		""ObservationWindow"" : {
			""PriorDays"" : 365,
			""PostDays"" : 365
		},
		""PrimaryCriteriaLimit"" : {
			""Type"" : ""First""
		}
	},
	""ConceptSets"" : [
		{
			""id"" : 0,
			""name"" : ""ICD_cholelithiasis"",
			""expression"" : {
				""items"" : [
					{
						""concept"" : {
							""CONCEPT_ID"" : 4145627,
							""CONCEPT_NAME"" : ""Biliary calculus"",
							""STANDARD_CONCEPT"" : ""S"",
							""STANDARD_CONCEPT_CAPTION"" : ""Standard"",
							""INVALID_REASON"" : ""V"",
							""INVALID_REASON_CAPTION"" : ""Valid"",
							""CONCEPT_CODE"" : ""266474003"",
							""DOMAIN_ID"" : ""Condition"",
							""VOCABULARY_ID"" : ""SNOMED"",
							""CONCEPT_CLASS_ID"" : ""Disorder""
						},
						""isExcluded"" : false,
						""includeDescendants"" : true,
						""includeMapped"" : false
					}
				]
			}
		}
	],
	""QualifiedLimit"" : {
		""Type"" : ""First""
	},
	""ExpressionLimit"" : {
		""Type"" : ""First""
	},
	""InclusionRules"" : [
		{
			""name"" : ""Age > 18"",
			""expression"" : {
				""Type"" : ""ALL"",
				""CriteriaList"" : [],
				""DemographicCriteriaList"" : [
					{
						""Age"" : {
							""Value"" : 18,
							""Op"" : ""gt""
						}
					}
				],
				""Groups"" : []
			}
		}
	],
	""CensoringCriteria"" : [
		{
			""Death"" : {
				""DeathTypeExclude"" : false
			}
		}
	],
	""CollapseSettings"" : {
		""CollapseType"" : ""ERA"",
		""EraPad"" : 0
	},
	""CensorWindow"" : {}
}",NA,TRUE
1795526,1795526,GLP1_ALI_2ndOutcome_Cholecystitis,"CREATE TABLE #Codesets (
  codeset_id int NOT NULL,
  concept_id bigint NOT NULL
)
;

INSERT INTO #Codesets (codeset_id, concept_id)
SELECT 0 as codeset_id, c.concept_id FROM (select distinct I.concept_id FROM
( 
  select concept_id from @vocabulary_database_schema.CONCEPT where concept_id in (443785,192956,201614,194991)
UNION  select c.concept_id
  from @vocabulary_database_schema.CONCEPT c
  join @vocabulary_database_schema.CONCEPT_ANCESTOR ca on c.concept_id = ca.descendant_concept_id
  and ca.ancestor_concept_id in (443785,192956,201614,194991)
  and c.invalid_reason is null

) I
) C;

UPDATE STATISTICS #Codesets;


SELECT event_id, person_id, start_date, end_date, op_start_date, op_end_date, visit_occurrence_id
INTO #qualified_events
FROM 
(
  select pe.event_id, pe.person_id, pe.start_date, pe.end_date, pe.op_start_date, pe.op_end_date, row_number() over (partition by pe.person_id order by pe.start_date ASC) as ordinal, cast(pe.visit_occurrence_id as bigint) as visit_occurrence_id
  FROM (-- Begin Primary Events
select P.ordinal as event_id, P.person_id, P.start_date, P.end_date, op_start_date, op_end_date, cast(P.visit_occurrence_id as bigint) as visit_occurrence_id
FROM
(
  select E.person_id, E.start_date, E.end_date,
         row_number() OVER (PARTITION BY E.person_id ORDER BY E.sort_date ASC, E.event_id) ordinal,
         OP.observation_period_start_date as op_start_date, OP.observation_period_end_date as op_end_date, cast(E.visit_occurrence_id as bigint) as visit_occurrence_id
  FROM 
  (
  -- Begin Condition Occurrence Criteria
SELECT C.person_id, C.condition_occurrence_id as event_id, C.start_date, C.end_date,
  C.visit_occurrence_id, C.start_date as sort_date
FROM 
(
  SELECT co.person_id,co.condition_occurrence_id,co.condition_concept_id,co.visit_occurrence_id,co.condition_start_date as start_date, COALESCE(co.condition_end_date, DATEADD(day,1,co.condition_start_date)) as end_date 
  FROM @cdm_database_schema.CONDITION_OCCURRENCE co
  JOIN #Codesets cs on (co.condition_concept_id = cs.concept_id and cs.codeset_id = 0)
) C


-- End Condition Occurrence Criteria

  ) E
	JOIN @cdm_database_schema.observation_period OP on E.person_id = OP.person_id and E.start_date >=  OP.observation_period_start_date and E.start_date <= op.observation_period_end_date
  WHERE DATEADD(day,365,OP.OBSERVATION_PERIOD_START_DATE) <= E.START_DATE AND DATEADD(day,365,E.START_DATE) <= OP.OBSERVATION_PERIOD_END_DATE
) P
WHERE P.ordinal = 1
-- End Primary Events
) pe
  
) QE

;

--- Inclusion Rule Inserts

select 0 as inclusion_rule_id, person_id, event_id
INTO #Inclusion_0
FROM 
(
  select pe.person_id, pe.event_id
  FROM #qualified_events pe
  
JOIN (
-- Begin Criteria Group
select 0 as index_id, person_id, event_id
FROM
(
  select E.person_id, E.event_id 
  FROM #qualified_events E
  INNER JOIN
  (
    -- Begin Demographic Criteria
SELECT 0 as index_id, e.person_id, e.event_id
FROM #qualified_events E
JOIN @cdm_database_schema.PERSON P ON P.PERSON_ID = E.PERSON_ID
WHERE YEAR(E.start_date) - P.year_of_birth > 18
GROUP BY e.person_id, e.event_id
-- End Demographic Criteria

  ) CQ on E.person_id = CQ.person_id and E.event_id = CQ.event_id
  GROUP BY E.person_id, E.event_id
  HAVING COUNT(index_id) = 1
) G
-- End Criteria Group
) AC on AC.person_id = pe.person_id AND AC.event_id = pe.event_id
) Results
;

SELECT inclusion_rule_id, person_id, event_id
INTO #inclusion_events
FROM (select inclusion_rule_id, person_id, event_id from #Inclusion_0) I;
TRUNCATE TABLE #Inclusion_0;
DROP TABLE #Inclusion_0;


select event_id, person_id, start_date, end_date, op_start_date, op_end_date
into #included_events
FROM (
  SELECT event_id, person_id, start_date, end_date, op_start_date, op_end_date, row_number() over (partition by person_id order by start_date ASC) as ordinal
  from
  (
    select Q.event_id, Q.person_id, Q.start_date, Q.end_date, Q.op_start_date, Q.op_end_date, SUM(coalesce(POWER(cast(2 as bigint), I.inclusion_rule_id), 0)) as inclusion_rule_mask
    from #qualified_events Q
    LEFT JOIN #inclusion_events I on I.person_id = Q.person_id and I.event_id = Q.event_id
    GROUP BY Q.event_id, Q.person_id, Q.start_date, Q.end_date, Q.op_start_date, Q.op_end_date
  ) MG -- matching groups

  -- the matching group with all bits set ( POWER(2,# of inclusion rules) - 1 = inclusion_rule_mask
  WHERE (MG.inclusion_rule_mask = POWER(cast(2 as bigint),1)-1)

) Results
WHERE Results.ordinal = 1
;



-- generate cohort periods into #final_cohort
select person_id, start_date, end_date
INTO #cohort_rows
from ( -- first_ends
	select F.person_id, F.start_date, F.end_date
	FROM (
	  select I.event_id, I.person_id, I.start_date, CE.end_date, row_number() over (partition by I.person_id, I.event_id order by CE.end_date) as ordinal
	  from #included_events I
	  join ( -- cohort_ends
-- cohort exit dates
-- By default, cohort exit at the event's op end date
select event_id, person_id, op_end_date as end_date from #included_events
UNION ALL
-- Censor Events
select i.event_id, i.person_id, MIN(c.start_date) as end_date
FROM #included_events i
JOIN
(
-- Begin Death Criteria
select C.person_id, C.person_id as event_id, C.start_date, c.end_date,
  CAST(NULL as bigint) as visit_occurrence_id, C.start_date as sort_date
from 
(
  select d.person_id,d.cause_concept_id,d.death_date as start_date, DATEADD(day,1,d.death_date) as end_date
  FROM @cdm_database_schema.DEATH d

) C


-- End Death Criteria


) C on C.person_id = I.person_id and C.start_date >= I.start_date and C.START_DATE <= I.op_end_date
GROUP BY i.event_id, i.person_id


    ) CE on I.event_id = CE.event_id and I.person_id = CE.person_id and CE.end_date >= I.start_date
	) F
	WHERE F.ordinal = 1
) FE;

select person_id, min(start_date) as start_date, end_date
into #final_cohort
from ( --cteEnds
	SELECT
		 c.person_id
		, c.start_date
		, MIN(ed.end_date) AS end_date
	FROM #cohort_rows c
	JOIN ( -- cteEndDates
    SELECT
      person_id
      , DATEADD(day,-1 * 0, event_date)  as end_date
    FROM
    (
      SELECT
        person_id
        , event_date
        , event_type
        , SUM(event_type) OVER (PARTITION BY person_id ORDER BY event_date, event_type ROWS UNBOUNDED PRECEDING) AS interval_status
      FROM
      (
        SELECT
          person_id
          , start_date AS event_date
          , -1 AS event_type
        FROM #cohort_rows

        UNION ALL


        SELECT
          person_id
          , DATEADD(day,0,end_date) as end_date
          , 1 AS event_type
        FROM #cohort_rows
      ) RAWDATA
    ) e
    WHERE interval_status = 0
  ) ed ON c.person_id = ed.person_id AND ed.end_date >= c.start_date
	GROUP BY c.person_id, c.start_date
) e
group by person_id, end_date
;

DELETE FROM @target_database_schema.@target_cohort_table where cohort_definition_id = @target_cohort_id;
INSERT INTO @target_database_schema.@target_cohort_table (cohort_definition_id, subject_id, cohort_start_date, cohort_end_date)
select @target_cohort_id as cohort_definition_id, person_id, start_date, end_date 
FROM #final_cohort CO
;


-- BEGIN: Censored Stats

delete from @results_database_schema.cohort_censor_stats where cohort_definition_id = @target_cohort_id;

-- END: Censored Stats



-- Create a temp table of inclusion rule rows for joining in the inclusion rule impact analysis

select cast(rule_sequence as int) as rule_sequence
into #inclusion_rules
from (
  SELECT CAST(0 as int) as rule_sequence
) IR;


-- Find the event that is the 'best match' per person.  
-- the 'best match' is defined as the event that satisfies the most inclusion rules.
-- ties are solved by choosing the event that matches the earliest inclusion rule, and then earliest.

select q.person_id, q.event_id
into #best_events
from #qualified_events Q
join (
	SELECT R.person_id, R.event_id, ROW_NUMBER() OVER (PARTITION BY R.person_id ORDER BY R.rule_count DESC,R.min_rule_id ASC, R.start_date ASC) AS rank_value
	FROM (
		SELECT Q.person_id, Q.event_id, COALESCE(COUNT(DISTINCT I.inclusion_rule_id), 0) AS rule_count, COALESCE(MIN(I.inclusion_rule_id), 0) AS min_rule_id, Q.start_date
		FROM #qualified_events Q
		LEFT JOIN #inclusion_events I ON q.person_id = i.person_id AND q.event_id = i.event_id
		GROUP BY Q.person_id, Q.event_id, Q.start_date
	) R
) ranked on Q.person_id = ranked.person_id and Q.event_id = ranked.event_id
WHERE ranked.rank_value = 1
;

-- modes of generation: (the same tables store the results for the different modes, identified by the mode_id column)
-- 0: all events
-- 1: best event


-- BEGIN: Inclusion Impact Analysis - event
-- calculte matching group counts
delete from @results_database_schema.cohort_inclusion_result where cohort_definition_id = @target_cohort_id and mode_id = 0;
insert into @results_database_schema.cohort_inclusion_result (cohort_definition_id, inclusion_rule_mask, person_count, mode_id)
select @target_cohort_id as cohort_definition_id, inclusion_rule_mask, count_big(*) as person_count, 0 as mode_id
from
(
  select Q.person_id, Q.event_id, CAST(SUM(coalesce(POWER(cast(2 as bigint), I.inclusion_rule_id), 0)) AS bigint) as inclusion_rule_mask
  from #qualified_events Q
  LEFT JOIN #inclusion_events I on q.person_id = i.person_id and q.event_id = i.event_id
  GROUP BY Q.person_id, Q.event_id
) MG -- matching groups
group by inclusion_rule_mask
;

-- calculate gain counts 
delete from @results_database_schema.cohort_inclusion_stats where cohort_definition_id = @target_cohort_id and mode_id = 0;
insert into @results_database_schema.cohort_inclusion_stats (cohort_definition_id, rule_sequence, person_count, gain_count, person_total, mode_id)
select @target_cohort_id as cohort_definition_id, ir.rule_sequence, coalesce(T.person_count, 0) as person_count, coalesce(SR.person_count, 0) gain_count, EventTotal.total, 0 as mode_id
from #inclusion_rules ir
left join
(
  select i.inclusion_rule_id, count_big(i.event_id) as person_count
  from #qualified_events Q
  JOIN #inclusion_events i on Q.person_id = I.person_id and Q.event_id = i.event_id
  group by i.inclusion_rule_id
) T on ir.rule_sequence = T.inclusion_rule_id
CROSS JOIN (select count(*) as total_rules from #inclusion_rules) RuleTotal
CROSS JOIN (select count_big(event_id) as total from #qualified_events) EventTotal
LEFT JOIN @results_database_schema.cohort_inclusion_result SR on SR.mode_id = 0 AND SR.cohort_definition_id = @target_cohort_id AND (POWER(cast(2 as bigint),RuleTotal.total_rules) - POWER(cast(2 as bigint),ir.rule_sequence) - 1) = SR.inclusion_rule_mask -- POWER(2,rule count) - POWER(2,rule sequence) - 1 is the mask for 'all except this rule'
;

-- calculate totals
delete from @results_database_schema.cohort_summary_stats where cohort_definition_id = @target_cohort_id and mode_id = 0;
insert into @results_database_schema.cohort_summary_stats (cohort_definition_id, base_count, final_count, mode_id)
select @target_cohort_id as cohort_definition_id, PC.total as person_count, coalesce(FC.total, 0) as final_count, 0 as mode_id
FROM
(select count_big(event_id) as total from #qualified_events) PC,
(select sum(sr.person_count) as total
  from @results_database_schema.cohort_inclusion_result sr
  CROSS JOIN (select count(*) as total_rules from #inclusion_rules) RuleTotal
  where sr.mode_id = 0 and sr.cohort_definition_id = @target_cohort_id and sr.inclusion_rule_mask = POWER(cast(2 as bigint),RuleTotal.total_rules)-1
) FC
;

-- END: Inclusion Impact Analysis - event

-- BEGIN: Inclusion Impact Analysis - person
-- calculte matching group counts
delete from @results_database_schema.cohort_inclusion_result where cohort_definition_id = @target_cohort_id and mode_id = 1;
insert into @results_database_schema.cohort_inclusion_result (cohort_definition_id, inclusion_rule_mask, person_count, mode_id)
select @target_cohort_id as cohort_definition_id, inclusion_rule_mask, count_big(*) as person_count, 1 as mode_id
from
(
  select Q.person_id, Q.event_id, CAST(SUM(coalesce(POWER(cast(2 as bigint), I.inclusion_rule_id), 0)) AS bigint) as inclusion_rule_mask
  from #best_events Q
  LEFT JOIN #inclusion_events I on q.person_id = i.person_id and q.event_id = i.event_id
  GROUP BY Q.person_id, Q.event_id
) MG -- matching groups
group by inclusion_rule_mask
;

-- calculate gain counts 
delete from @results_database_schema.cohort_inclusion_stats where cohort_definition_id = @target_cohort_id and mode_id = 1;
insert into @results_database_schema.cohort_inclusion_stats (cohort_definition_id, rule_sequence, person_count, gain_count, person_total, mode_id)
select @target_cohort_id as cohort_definition_id, ir.rule_sequence, coalesce(T.person_count, 0) as person_count, coalesce(SR.person_count, 0) gain_count, EventTotal.total, 1 as mode_id
from #inclusion_rules ir
left join
(
  select i.inclusion_rule_id, count_big(i.event_id) as person_count
  from #best_events Q
  JOIN #inclusion_events i on Q.person_id = I.person_id and Q.event_id = i.event_id
  group by i.inclusion_rule_id
) T on ir.rule_sequence = T.inclusion_rule_id
CROSS JOIN (select count(*) as total_rules from #inclusion_rules) RuleTotal
CROSS JOIN (select count_big(event_id) as total from #best_events) EventTotal
LEFT JOIN @results_database_schema.cohort_inclusion_result SR on SR.mode_id = 1 AND SR.cohort_definition_id = @target_cohort_id AND (POWER(cast(2 as bigint),RuleTotal.total_rules) - POWER(cast(2 as bigint),ir.rule_sequence) - 1) = SR.inclusion_rule_mask -- POWER(2,rule count) - POWER(2,rule sequence) - 1 is the mask for 'all except this rule'
;

-- calculate totals
delete from @results_database_schema.cohort_summary_stats where cohort_definition_id = @target_cohort_id and mode_id = 1;
insert into @results_database_schema.cohort_summary_stats (cohort_definition_id, base_count, final_count, mode_id)
select @target_cohort_id as cohort_definition_id, PC.total as person_count, coalesce(FC.total, 0) as final_count, 1 as mode_id
FROM
(select count_big(event_id) as total from #best_events) PC,
(select sum(sr.person_count) as total
  from @results_database_schema.cohort_inclusion_result sr
  CROSS JOIN (select count(*) as total_rules from #inclusion_rules) RuleTotal
  where sr.mode_id = 1 and sr.cohort_definition_id = @target_cohort_id and sr.inclusion_rule_mask = POWER(cast(2 as bigint),RuleTotal.total_rules)-1
) FC
;

-- END: Inclusion Impact Analysis - person

TRUNCATE TABLE #best_events;
DROP TABLE #best_events;

TRUNCATE TABLE #inclusion_rules;
DROP TABLE #inclusion_rules;




TRUNCATE TABLE #cohort_rows;
DROP TABLE #cohort_rows;

TRUNCATE TABLE #final_cohort;
DROP TABLE #final_cohort;

TRUNCATE TABLE #inclusion_events;
DROP TABLE #inclusion_events;

TRUNCATE TABLE #qualified_events;
DROP TABLE #qualified_events;

TRUNCATE TABLE #included_events;
DROP TABLE #included_events;

TRUNCATE TABLE #Codesets;
DROP TABLE #Codesets;
","{
	""cdmVersionRange"" : "">=5.0.0"",
	""PrimaryCriteria"" : {
		""CriteriaList"" : [
			{
				""ConditionOccurrence"" : {
					""CodesetId"" : 0
				}
			}
		],
		""ObservationWindow"" : {
			""PriorDays"" : 365,
			""PostDays"" : 365
		},
		""PrimaryCriteriaLimit"" : {
			""Type"" : ""First""
		}
	},
	""ConceptSets"" : [
		{
			""id"" : 0,
			""name"" : ""ICD_cholecystitis"",
			""expression"" : {
				""items"" : [
					{
						""concept"" : {
							""CONCEPT_ID"" : 443785,
							""CONCEPT_NAME"" : ""Calculus of gallbladder with cholecystitis"",
							""STANDARD_CONCEPT"" : ""S"",
							""STANDARD_CONCEPT_CAPTION"" : ""Standard"",
							""INVALID_REASON"" : ""V"",
							""INVALID_REASON_CAPTION"" : ""Valid"",
							""CONCEPT_CODE"" : ""25924004"",
							""DOMAIN_ID"" : ""Condition"",
							""VOCABULARY_ID"" : ""SNOMED"",
							""CONCEPT_CLASS_ID"" : ""Disorder""
						},
						""isExcluded"" : false,
						""includeDescendants"" : true,
						""includeMapped"" : false
					},
					{
						""concept"" : {
							""CONCEPT_ID"" : 192956,
							""CONCEPT_NAME"" : ""Cholecystitis"",
							""STANDARD_CONCEPT"" : ""S"",
							""STANDARD_CONCEPT_CAPTION"" : ""Standard"",
							""INVALID_REASON"" : ""V"",
							""INVALID_REASON_CAPTION"" : ""Valid"",
							""CONCEPT_CODE"" : ""76581006"",
							""DOMAIN_ID"" : ""Condition"",
							""VOCABULARY_ID"" : ""SNOMED"",
							""CONCEPT_CLASS_ID"" : ""Disorder""
						},
						""isExcluded"" : false,
						""includeDescendants"" : true,
						""includeMapped"" : false
					},
					{
						""concept"" : {
							""CONCEPT_ID"" : 201614,
							""CONCEPT_NAME"" : ""Calculus of bile duct with cholecystitis"",
							""STANDARD_CONCEPT"" : ""S"",
							""STANDARD_CONCEPT_CAPTION"" : ""Standard"",
							""INVALID_REASON"" : ""V"",
							""INVALID_REASON_CAPTION"" : ""Valid"",
							""CONCEPT_CODE"" : ""36483003"",
							""DOMAIN_ID"" : ""Condition"",
							""VOCABULARY_ID"" : ""SNOMED"",
							""CONCEPT_CLASS_ID"" : ""Disorder""
						},
						""isExcluded"" : false,
						""includeDescendants"" : true,
						""includeMapped"" : false
					},
					{
						""concept"" : {
							""CONCEPT_ID"" : 194991,
							""CONCEPT_NAME"" : ""Calculus of gallbladder with acute cholecystitis"",
							""STANDARD_CONCEPT"" : ""S"",
							""STANDARD_CONCEPT_CAPTION"" : ""Standard"",
							""INVALID_REASON"" : ""V"",
							""INVALID_REASON_CAPTION"" : ""Valid"",
							""CONCEPT_CODE"" : ""59771005"",
							""DOMAIN_ID"" : ""Condition"",
							""VOCABULARY_ID"" : ""SNOMED"",
							""CONCEPT_CLASS_ID"" : ""Disorder""
						},
						""isExcluded"" : false,
						""includeDescendants"" : true,
						""includeMapped"" : false
					}
				]
			}
		}
	],
	""QualifiedLimit"" : {
		""Type"" : ""First""
	},
	""ExpressionLimit"" : {
		""Type"" : ""First""
	},
	""InclusionRules"" : [
		{
			""name"" : ""Age > 18"",
			""expression"" : {
				""Type"" : ""ALL"",
				""CriteriaList"" : [],
				""DemographicCriteriaList"" : [
					{
						""Age"" : {
							""Value"" : 18,
							""Op"" : ""gt""
						}
					}
				],
				""Groups"" : []
			}
		}
	],
	""CensoringCriteria"" : [
		{
			""Death"" : {
				""DeathTypeExclude"" : false
			}
		}
	],
	""CollapseSettings"" : {
		""CollapseType"" : ""ERA"",
		""EraPad"" : 0
	},
	""CensorWindow"" : {}
}",NA,TRUE
1795527,1795527,GLP1_ALI_2ndOutcome_ChronicLiverDz,"CREATE TABLE #Codesets (
  codeset_id int NOT NULL,
  concept_id bigint NOT NULL
)
;

INSERT INTO #Codesets (codeset_id, concept_id)
SELECT 0 as codeset_id, c.concept_id FROM (select distinct I.concept_id FROM
( 
  select concept_id from @vocabulary_database_schema.CONCEPT where concept_id in (4212540,37017151,4048083,196463,37162862,4055212,192675,4059289,4058681,4252074,4141628,4049282,4026125,45769525,4173584,4283078,4009793,4232466,4146181,37017009,36687200,4340390,37162893,200763,3654685,37175349,198964,35625141,35625296,35625295,35625139,35625040,35625140,35624867,35624866,3654682,45766656,42872885,4212540,4238978,4322067,3655440,201613,200451,199867,4296554,4247138,4198610,194574,4012113,192240,439674,763021,42536529,44805713,194692,4064161,37111265,37117933,37111266,3656096,43531723,45772057,42539566,4153294,37110890,4292401,4163687,4232955,37396401,4055210,4342774,4143008,4159158,1340280,4058680,4294539,4203601,36676898,46273476,4340946,37396157,37164806,4268006,4340393,4144116,4340392,4049419,605193,3185452,4184779,4071022,4050640,4148254,44783142,4048057,4003673,37017654,4140536,4059285,4300060,4304584,4098583,4313567,3183806,4135822,607683,607718,37162165,4253211,37109889,4183882,4238508,37399445,4046123,4053079,4058682,4046016,4059287,4055209)
UNION  select c.concept_id
  from @vocabulary_database_schema.CONCEPT c
  join @vocabulary_database_schema.CONCEPT_ANCESTOR ca on c.concept_id = ca.descendant_concept_id
  and ca.ancestor_concept_id in (4212540,37017151,4048083,196463,37162862,4055212,192675,4059289,4058681,4252074,4141628,4049282,4026125,45769525,4173584,4283078,4009793,4232466,4146181,37017009,36687200,4340390,37162893,200763,3654685,37175349,198964,35625141,35625296,35625295,35625139,35625040,35625140,35624867,35624866,3654682,45766656,42872885,4212540,4238978,4322067,3655440,201613,200451,199867,4296554,4247138,4198610,194574,4012113,192240,439674,763021,42536529,44805713,194692,4064161,37111265,37117933,37111266,3656096,43531723,45772057,42539566,4153294,37110890,4292401,4163687,4232955,37396401,4055210,4342774,4143008,4159158,1340280,4058680,4294539,4203601,36676898,46273476,4340946,37396157,37164806,4268006,4340393,4144116,4340392,4049419,605193,3185452,4184779,4071022,4050640,4148254,44783142,4048057,4003673,37017654,4140536,4059285,4300060,4304584,4098583,4313567,3183806,4135822,607683,607718,37162165,4253211,37109889,4183882,4238508,37399445,4046123,4053079,4058682,4046016,4059287,4055209)
  and c.invalid_reason is null

) I
) C UNION ALL 
SELECT 1 as codeset_id, c.concept_id FROM (select distinct I.concept_id FROM
( 
  select concept_id from @vocabulary_database_schema.CONCEPT where concept_id in (4245975,4340391,4267417,4212540)
UNION  select c.concept_id
  from @vocabulary_database_schema.CONCEPT c
  join @vocabulary_database_schema.CONCEPT_ANCESTOR ca on c.concept_id = ca.descendant_concept_id
  and ca.ancestor_concept_id in (4245975,4340391,4267417,4212540)
  and c.invalid_reason is null

) I
) C UNION ALL 
SELECT 2 as codeset_id, c.concept_id FROM (select distinct I.concept_id FROM
( 
  select concept_id from @vocabulary_database_schema.CONCEPT where concept_id in (35208352,45543338,45567324,45538545,45605952,35208330,35208331,45552947,45586730,45552946,45562507,35208332,35208356,35208351,35208361,35208343,45576999,45543339,35208345,35208342,35208360,35208341,35205769,35205770,35205771,35205773,35208359,35208355,45572226,45557675,725369,725368,725367,35208348,35208347,35208364,45548170,35208366,35208362,35208358,35208368,35208369,45533616,35208354,35208344,35205772,45581912,45605957,45543341,35208363,35208353,35208365,35208349,35208350,35208340,35208334,35208333,45543335,45586731,35208336,35208335,35208338,45552948,45557672,35208337,35208339,45601187)

) I
) C;

UPDATE STATISTICS #Codesets;


SELECT event_id, person_id, start_date, end_date, op_start_date, op_end_date, visit_occurrence_id
INTO #qualified_events
FROM 
(
  select pe.event_id, pe.person_id, pe.start_date, pe.end_date, pe.op_start_date, pe.op_end_date, row_number() over (partition by pe.person_id order by pe.start_date ASC) as ordinal, cast(pe.visit_occurrence_id as bigint) as visit_occurrence_id
  FROM (-- Begin Primary Events
select P.ordinal as event_id, P.person_id, P.start_date, P.end_date, op_start_date, op_end_date, cast(P.visit_occurrence_id as bigint) as visit_occurrence_id
FROM
(
  select E.person_id, E.start_date, E.end_date,
         row_number() OVER (PARTITION BY E.person_id ORDER BY E.sort_date ASC, E.event_id) ordinal,
         OP.observation_period_start_date as op_start_date, OP.observation_period_end_date as op_end_date, cast(E.visit_occurrence_id as bigint) as visit_occurrence_id
  FROM 
  (
  -- Begin Condition Occurrence Criteria
SELECT C.person_id, C.condition_occurrence_id as event_id, C.start_date, C.end_date,
  C.visit_occurrence_id, C.start_date as sort_date
FROM 
(
  SELECT co.person_id,co.condition_occurrence_id,co.condition_concept_id,co.visit_occurrence_id,co.condition_start_date as start_date, COALESCE(co.condition_end_date, DATEADD(day,1,co.condition_start_date)) as end_date 
  FROM @cdm_database_schema.CONDITION_OCCURRENCE co
  JOIN #Codesets cs on (co.condition_concept_id = cs.concept_id and cs.codeset_id = 2)
) C


-- End Condition Occurrence Criteria

  ) E
	JOIN @cdm_database_schema.observation_period OP on E.person_id = OP.person_id and E.start_date >=  OP.observation_period_start_date and E.start_date <= op.observation_period_end_date
  WHERE DATEADD(day,365,OP.OBSERVATION_PERIOD_START_DATE) <= E.START_DATE AND DATEADD(day,0,E.START_DATE) <= OP.OBSERVATION_PERIOD_END_DATE
) P
WHERE P.ordinal = 1
-- End Primary Events
) pe
  
) QE

;

--- Inclusion Rule Inserts

select 0 as inclusion_rule_id, person_id, event_id
INTO #Inclusion_0
FROM 
(
  select pe.person_id, pe.event_id
  FROM #qualified_events pe
  
JOIN (
-- Begin Criteria Group
select 0 as index_id, person_id, event_id
FROM
(
  select E.person_id, E.event_id 
  FROM #qualified_events E
  INNER JOIN
  (
    -- Begin Correlated Criteria
select 0 as index_id, cc.person_id, cc.event_id
from (SELECT p.person_id, p.event_id 
FROM #qualified_events P
JOIN (
  -- Begin Condition Occurrence Criteria
SELECT C.person_id, C.condition_occurrence_id as event_id, C.start_date, C.end_date,
  C.visit_occurrence_id, C.start_date as sort_date
FROM 
(
  SELECT co.person_id,co.condition_occurrence_id,co.condition_concept_id,co.visit_occurrence_id,co.condition_start_date as start_date, COALESCE(co.condition_end_date, DATEADD(day,1,co.condition_start_date)) as end_date 
  FROM @cdm_database_schema.CONDITION_OCCURRENCE co
  
) C


-- End Condition Occurrence Criteria

) A on A.person_id = P.person_id  AND A.START_DATE >= P.OP_START_DATE AND A.START_DATE <= P.OP_END_DATE AND A.START_DATE >= P.OP_START_DATE AND A.START_DATE <= P.OP_END_DATE ) cc 
GROUP BY cc.person_id, cc.event_id
HAVING COUNT(cc.event_id) >= 1
-- End Correlated Criteria

UNION ALL
-- Begin Demographic Criteria
SELECT 1 as index_id, e.person_id, e.event_id
FROM #qualified_events E
JOIN @cdm_database_schema.PERSON P ON P.PERSON_ID = E.PERSON_ID
WHERE YEAR(E.start_date) - P.year_of_birth > 18
GROUP BY e.person_id, e.event_id
-- End Demographic Criteria

  ) CQ on E.person_id = CQ.person_id and E.event_id = CQ.event_id
  GROUP BY E.person_id, E.event_id
  HAVING COUNT(index_id) = 2
) G
-- End Criteria Group
) AC on AC.person_id = pe.person_id AND AC.event_id = pe.event_id
) Results
;

SELECT inclusion_rule_id, person_id, event_id
INTO #inclusion_events
FROM (select inclusion_rule_id, person_id, event_id from #Inclusion_0) I;
TRUNCATE TABLE #Inclusion_0;
DROP TABLE #Inclusion_0;


select event_id, person_id, start_date, end_date, op_start_date, op_end_date
into #included_events
FROM (
  SELECT event_id, person_id, start_date, end_date, op_start_date, op_end_date, row_number() over (partition by person_id order by start_date ASC) as ordinal
  from
  (
    select Q.event_id, Q.person_id, Q.start_date, Q.end_date, Q.op_start_date, Q.op_end_date, SUM(coalesce(POWER(cast(2 as bigint), I.inclusion_rule_id), 0)) as inclusion_rule_mask
    from #qualified_events Q
    LEFT JOIN #inclusion_events I on I.person_id = Q.person_id and I.event_id = Q.event_id
    GROUP BY Q.event_id, Q.person_id, Q.start_date, Q.end_date, Q.op_start_date, Q.op_end_date
  ) MG -- matching groups

  -- the matching group with all bits set ( POWER(2,# of inclusion rules) - 1 = inclusion_rule_mask
  WHERE (MG.inclusion_rule_mask = POWER(cast(2 as bigint),1)-1)

) Results
WHERE Results.ordinal = 1
;



-- generate cohort periods into #final_cohort
select person_id, start_date, end_date
INTO #cohort_rows
from ( -- first_ends
	select F.person_id, F.start_date, F.end_date
	FROM (
	  select I.event_id, I.person_id, I.start_date, CE.end_date, row_number() over (partition by I.person_id, I.event_id order by CE.end_date) as ordinal
	  from #included_events I
	  join ( -- cohort_ends
-- cohort exit dates
-- By default, cohort exit at the event's op end date
select event_id, person_id, op_end_date as end_date from #included_events
    ) CE on I.event_id = CE.event_id and I.person_id = CE.person_id and CE.end_date >= I.start_date
	) F
	WHERE F.ordinal = 1
) FE;

select person_id, min(start_date) as start_date, end_date
into #final_cohort
from ( --cteEnds
	SELECT
		 c.person_id
		, c.start_date
		, MIN(ed.end_date) AS end_date
	FROM #cohort_rows c
	JOIN ( -- cteEndDates
    SELECT
      person_id
      , DATEADD(day,-1 * 0, event_date)  as end_date
    FROM
    (
      SELECT
        person_id
        , event_date
        , event_type
        , SUM(event_type) OVER (PARTITION BY person_id ORDER BY event_date, event_type ROWS UNBOUNDED PRECEDING) AS interval_status
      FROM
      (
        SELECT
          person_id
          , start_date AS event_date
          , -1 AS event_type
        FROM #cohort_rows

        UNION ALL


        SELECT
          person_id
          , DATEADD(day,0,end_date) as end_date
          , 1 AS event_type
        FROM #cohort_rows
      ) RAWDATA
    ) e
    WHERE interval_status = 0
  ) ed ON c.person_id = ed.person_id AND ed.end_date >= c.start_date
	GROUP BY c.person_id, c.start_date
) e
group by person_id, end_date
;

DELETE FROM @target_database_schema.@target_cohort_table where cohort_definition_id = @target_cohort_id;
INSERT INTO @target_database_schema.@target_cohort_table (cohort_definition_id, subject_id, cohort_start_date, cohort_end_date)
select @target_cohort_id as cohort_definition_id, person_id, start_date, end_date 
FROM #final_cohort CO
;


-- BEGIN: Censored Stats

delete from @results_database_schema.cohort_censor_stats where cohort_definition_id = @target_cohort_id;

-- END: Censored Stats



-- Create a temp table of inclusion rule rows for joining in the inclusion rule impact analysis

select cast(rule_sequence as int) as rule_sequence
into #inclusion_rules
from (
  SELECT CAST(0 as int) as rule_sequence
) IR;


-- Find the event that is the 'best match' per person.  
-- the 'best match' is defined as the event that satisfies the most inclusion rules.
-- ties are solved by choosing the event that matches the earliest inclusion rule, and then earliest.

select q.person_id, q.event_id
into #best_events
from #qualified_events Q
join (
	SELECT R.person_id, R.event_id, ROW_NUMBER() OVER (PARTITION BY R.person_id ORDER BY R.rule_count DESC,R.min_rule_id ASC, R.start_date ASC) AS rank_value
	FROM (
		SELECT Q.person_id, Q.event_id, COALESCE(COUNT(DISTINCT I.inclusion_rule_id), 0) AS rule_count, COALESCE(MIN(I.inclusion_rule_id), 0) AS min_rule_id, Q.start_date
		FROM #qualified_events Q
		LEFT JOIN #inclusion_events I ON q.person_id = i.person_id AND q.event_id = i.event_id
		GROUP BY Q.person_id, Q.event_id, Q.start_date
	) R
) ranked on Q.person_id = ranked.person_id and Q.event_id = ranked.event_id
WHERE ranked.rank_value = 1
;

-- modes of generation: (the same tables store the results for the different modes, identified by the mode_id column)
-- 0: all events
-- 1: best event


-- BEGIN: Inclusion Impact Analysis - event
-- calculte matching group counts
delete from @results_database_schema.cohort_inclusion_result where cohort_definition_id = @target_cohort_id and mode_id = 0;
insert into @results_database_schema.cohort_inclusion_result (cohort_definition_id, inclusion_rule_mask, person_count, mode_id)
select @target_cohort_id as cohort_definition_id, inclusion_rule_mask, count_big(*) as person_count, 0 as mode_id
from
(
  select Q.person_id, Q.event_id, CAST(SUM(coalesce(POWER(cast(2 as bigint), I.inclusion_rule_id), 0)) AS bigint) as inclusion_rule_mask
  from #qualified_events Q
  LEFT JOIN #inclusion_events I on q.person_id = i.person_id and q.event_id = i.event_id
  GROUP BY Q.person_id, Q.event_id
) MG -- matching groups
group by inclusion_rule_mask
;

-- calculate gain counts 
delete from @results_database_schema.cohort_inclusion_stats where cohort_definition_id = @target_cohort_id and mode_id = 0;
insert into @results_database_schema.cohort_inclusion_stats (cohort_definition_id, rule_sequence, person_count, gain_count, person_total, mode_id)
select @target_cohort_id as cohort_definition_id, ir.rule_sequence, coalesce(T.person_count, 0) as person_count, coalesce(SR.person_count, 0) gain_count, EventTotal.total, 0 as mode_id
from #inclusion_rules ir
left join
(
  select i.inclusion_rule_id, count_big(i.event_id) as person_count
  from #qualified_events Q
  JOIN #inclusion_events i on Q.person_id = I.person_id and Q.event_id = i.event_id
  group by i.inclusion_rule_id
) T on ir.rule_sequence = T.inclusion_rule_id
CROSS JOIN (select count(*) as total_rules from #inclusion_rules) RuleTotal
CROSS JOIN (select count_big(event_id) as total from #qualified_events) EventTotal
LEFT JOIN @results_database_schema.cohort_inclusion_result SR on SR.mode_id = 0 AND SR.cohort_definition_id = @target_cohort_id AND (POWER(cast(2 as bigint),RuleTotal.total_rules) - POWER(cast(2 as bigint),ir.rule_sequence) - 1) = SR.inclusion_rule_mask -- POWER(2,rule count) - POWER(2,rule sequence) - 1 is the mask for 'all except this rule'
;

-- calculate totals
delete from @results_database_schema.cohort_summary_stats where cohort_definition_id = @target_cohort_id and mode_id = 0;
insert into @results_database_schema.cohort_summary_stats (cohort_definition_id, base_count, final_count, mode_id)
select @target_cohort_id as cohort_definition_id, PC.total as person_count, coalesce(FC.total, 0) as final_count, 0 as mode_id
FROM
(select count_big(event_id) as total from #qualified_events) PC,
(select sum(sr.person_count) as total
  from @results_database_schema.cohort_inclusion_result sr
  CROSS JOIN (select count(*) as total_rules from #inclusion_rules) RuleTotal
  where sr.mode_id = 0 and sr.cohort_definition_id = @target_cohort_id and sr.inclusion_rule_mask = POWER(cast(2 as bigint),RuleTotal.total_rules)-1
) FC
;

-- END: Inclusion Impact Analysis - event

-- BEGIN: Inclusion Impact Analysis - person
-- calculte matching group counts
delete from @results_database_schema.cohort_inclusion_result where cohort_definition_id = @target_cohort_id and mode_id = 1;
insert into @results_database_schema.cohort_inclusion_result (cohort_definition_id, inclusion_rule_mask, person_count, mode_id)
select @target_cohort_id as cohort_definition_id, inclusion_rule_mask, count_big(*) as person_count, 1 as mode_id
from
(
  select Q.person_id, Q.event_id, CAST(SUM(coalesce(POWER(cast(2 as bigint), I.inclusion_rule_id), 0)) AS bigint) as inclusion_rule_mask
  from #best_events Q
  LEFT JOIN #inclusion_events I on q.person_id = i.person_id and q.event_id = i.event_id
  GROUP BY Q.person_id, Q.event_id
) MG -- matching groups
group by inclusion_rule_mask
;

-- calculate gain counts 
delete from @results_database_schema.cohort_inclusion_stats where cohort_definition_id = @target_cohort_id and mode_id = 1;
insert into @results_database_schema.cohort_inclusion_stats (cohort_definition_id, rule_sequence, person_count, gain_count, person_total, mode_id)
select @target_cohort_id as cohort_definition_id, ir.rule_sequence, coalesce(T.person_count, 0) as person_count, coalesce(SR.person_count, 0) gain_count, EventTotal.total, 1 as mode_id
from #inclusion_rules ir
left join
(
  select i.inclusion_rule_id, count_big(i.event_id) as person_count
  from #best_events Q
  JOIN #inclusion_events i on Q.person_id = I.person_id and Q.event_id = i.event_id
  group by i.inclusion_rule_id
) T on ir.rule_sequence = T.inclusion_rule_id
CROSS JOIN (select count(*) as total_rules from #inclusion_rules) RuleTotal
CROSS JOIN (select count_big(event_id) as total from #best_events) EventTotal
LEFT JOIN @results_database_schema.cohort_inclusion_result SR on SR.mode_id = 1 AND SR.cohort_definition_id = @target_cohort_id AND (POWER(cast(2 as bigint),RuleTotal.total_rules) - POWER(cast(2 as bigint),ir.rule_sequence) - 1) = SR.inclusion_rule_mask -- POWER(2,rule count) - POWER(2,rule sequence) - 1 is the mask for 'all except this rule'
;

-- calculate totals
delete from @results_database_schema.cohort_summary_stats where cohort_definition_id = @target_cohort_id and mode_id = 1;
insert into @results_database_schema.cohort_summary_stats (cohort_definition_id, base_count, final_count, mode_id)
select @target_cohort_id as cohort_definition_id, PC.total as person_count, coalesce(FC.total, 0) as final_count, 1 as mode_id
FROM
(select count_big(event_id) as total from #best_events) PC,
(select sum(sr.person_count) as total
  from @results_database_schema.cohort_inclusion_result sr
  CROSS JOIN (select count(*) as total_rules from #inclusion_rules) RuleTotal
  where sr.mode_id = 1 and sr.cohort_definition_id = @target_cohort_id and sr.inclusion_rule_mask = POWER(cast(2 as bigint),RuleTotal.total_rules)-1
) FC
;

-- END: Inclusion Impact Analysis - person

TRUNCATE TABLE #best_events;
DROP TABLE #best_events;

TRUNCATE TABLE #inclusion_rules;
DROP TABLE #inclusion_rules;




TRUNCATE TABLE #cohort_rows;
DROP TABLE #cohort_rows;

TRUNCATE TABLE #final_cohort;
DROP TABLE #final_cohort;

TRUNCATE TABLE #inclusion_events;
DROP TABLE #inclusion_events;

TRUNCATE TABLE #qualified_events;
DROP TABLE #qualified_events;

TRUNCATE TABLE #included_events;
DROP TABLE #included_events;

TRUNCATE TABLE #Codesets;
DROP TABLE #Codesets;
","{
	""cdmVersionRange"" : "">=5.0.0"",
	""PrimaryCriteria"" : {
		""CriteriaList"" : [
			{
				""ConditionOccurrence"" : {
					""CodesetId"" : 2
				}
			}
		],
		""ObservationWindow"" : {
			""PriorDays"" : 365,
			""PostDays"" : 0
		},
		""PrimaryCriteriaLimit"" : {
			""Type"" : ""First""
		}
	},
	""ConceptSets"" : [
		{
			""id"" : 0,
			""name"" : ""Chronic liver disease conceptsets [LP]"",
			""expression"" : {
				""items"" : [
					{
						""concept"" : {
							""CONCEPT_ID"" : 4212540,
							""CONCEPT_NAME"" : ""Chronic liver disease"",
							""STANDARD_CONCEPT"" : ""S"",
							""STANDARD_CONCEPT_CAPTION"" : ""Standard"",
							""INVALID_REASON"" : ""V"",
							""INVALID_REASON_CAPTION"" : ""Valid"",
							""CONCEPT_CODE"" : ""328383001"",
							""DOMAIN_ID"" : ""Condition"",
							""VOCABULARY_ID"" : ""SNOMED"",
							""CONCEPT_CLASS_ID"" : ""Disorder""
						},
						""isExcluded"" : false,
						""includeDescendants"" : true,
						""includeMapped"" : false
					},
					{
						""concept"" : {
							""CONCEPT_ID"" : 37017151,
							""CONCEPT_NAME"" : ""Acute on chronic alcoholic liver disease"",
							""STANDARD_CONCEPT"" : ""S"",
							""STANDARD_CONCEPT_CAPTION"" : ""Standard"",
							""INVALID_REASON"" : ""V"",
							""INVALID_REASON_CAPTION"" : ""Valid"",
							""CONCEPT_CODE"" : ""713370005"",
							""DOMAIN_ID"" : ""Condition"",
							""VOCABULARY_ID"" : ""SNOMED"",
							""CONCEPT_CLASS_ID"" : ""Disorder""
						},
						""isExcluded"" : false,
						""includeDescendants"" : true,
						""includeMapped"" : false
					},
					{
						""concept"" : {
							""CONCEPT_ID"" : 4048083,
							""CONCEPT_NAME"" : ""Advanced cirrhosis"",
							""STANDARD_CONCEPT"" : ""S"",
							""STANDARD_CONCEPT_CAPTION"" : ""Standard"",
							""INVALID_REASON"" : ""V"",
							""INVALID_REASON_CAPTION"" : ""Valid"",
							""CONCEPT_CODE"" : ""123717006"",
							""DOMAIN_ID"" : ""Condition"",
							""VOCABULARY_ID"" : ""SNOMED"",
							""CONCEPT_CLASS_ID"" : ""Disorder""
						},
						""isExcluded"" : false,
						""includeDescendants"" : true,
						""includeMapped"" : false
					},
					{
						""concept"" : {
							""CONCEPT_ID"" : 196463,
							""CONCEPT_NAME"" : ""Alcoholic cirrhosis"",
							""STANDARD_CONCEPT"" : ""S"",
							""STANDARD_CONCEPT_CAPTION"" : ""Standard"",
							""INVALID_REASON"" : ""V"",
							""INVALID_REASON_CAPTION"" : ""Valid"",
							""CONCEPT_CODE"" : ""420054005"",
							""DOMAIN_ID"" : ""Condition"",
							""VOCABULARY_ID"" : ""SNOMED"",
							""CONCEPT_CLASS_ID"" : ""Disorder""
						},
						""isExcluded"" : false,
						""includeDescendants"" : true,
						""includeMapped"" : false
					},
					{
						""concept"" : {
							""CONCEPT_ID"" : 37162862,
							""CONCEPT_NAME"" : ""Autoantibody negative autoimmune hepatitis"",
							""STANDARD_CONCEPT"" : ""S"",
							""STANDARD_CONCEPT_CAPTION"" : ""Standard"",
							""INVALID_REASON"" : ""V"",
							""INVALID_REASON_CAPTION"" : ""Valid"",
							""CONCEPT_CODE"" : ""1197704005"",
							""DOMAIN_ID"" : ""Condition"",
							""VOCABULARY_ID"" : ""SNOMED"",
							""CONCEPT_CLASS_ID"" : ""Disorder""
						},
						""isExcluded"" : false,
						""includeDescendants"" : true,
						""includeMapped"" : false
					},
					{
						""concept"" : {
							""CONCEPT_ID"" : 4055212,
							""CONCEPT_NAME"" : ""Bacterial portal cirrhosis"",
							""STANDARD_CONCEPT"" : ""S"",
							""STANDARD_CONCEPT_CAPTION"" : ""Standard"",
							""INVALID_REASON"" : ""V"",
							""INVALID_REASON_CAPTION"" : ""Valid"",
							""CONCEPT_CODE"" : ""197303009"",
							""DOMAIN_ID"" : ""Condition"",
							""VOCABULARY_ID"" : ""SNOMED"",
							""CONCEPT_CLASS_ID"" : ""Disorder""
						},
						""isExcluded"" : false,
						""includeDescendants"" : true,
						""includeMapped"" : false
					},
					{
						""concept"" : {
							""CONCEPT_ID"" : 192675,
							""CONCEPT_NAME"" : ""Biliary cirrhosis"",
							""STANDARD_CONCEPT"" : ""S"",
							""STANDARD_CONCEPT_CAPTION"" : ""Standard"",
							""INVALID_REASON"" : ""V"",
							""INVALID_REASON_CAPTION"" : ""Valid"",
							""CONCEPT_CODE"" : ""1761006"",
							""DOMAIN_ID"" : ""Condition"",
							""VOCABULARY_ID"" : ""SNOMED"",
							""CONCEPT_CLASS_ID"" : ""Disorder""
						},
						""isExcluded"" : false,
						""includeDescendants"" : true,
						""includeMapped"" : false
					},
					{
						""concept"" : {
							""CONCEPT_ID"" : 4059289,
							""CONCEPT_NAME"" : ""Biliary cirrhosis of children"",
							""STANDARD_CONCEPT"" : ""S"",
							""STANDARD_CONCEPT_CAPTION"" : ""Standard"",
							""INVALID_REASON"" : ""V"",
							""INVALID_REASON_CAPTION"" : ""Valid"",
							""CONCEPT_CODE"" : ""197310003"",
							""DOMAIN_ID"" : ""Condition"",
							""VOCABULARY_ID"" : ""SNOMED"",
							""CONCEPT_CLASS_ID"" : ""Disorder""
						},
						""isExcluded"" : false,
						""includeDescendants"" : true,
						""includeMapped"" : false
					},
					{
						""concept"" : {
							""CONCEPT_ID"" : 4058681,
							""CONCEPT_NAME"" : ""Capsular portal cirrhosis"",
							""STANDARD_CONCEPT"" : ""S"",
							""STANDARD_CONCEPT_CAPTION"" : ""Standard"",
							""INVALID_REASON"" : ""V"",
							""INVALID_REASON_CAPTION"" : ""Valid"",
							""CONCEPT_CODE"" : ""197296006"",
							""DOMAIN_ID"" : ""Condition"",
							""VOCABULARY_ID"" : ""SNOMED"",
							""CONCEPT_CLASS_ID"" : ""Disorder""
						},
						""isExcluded"" : false,
						""includeDescendants"" : true,
						""includeMapped"" : false
					},
					{
						""concept"" : {
							""CONCEPT_ID"" : 4252074,
							""CONCEPT_NAME"" : ""Cardiac cirrhosis"",
							""STANDARD_CONCEPT"" : ""S"",
							""STANDARD_CONCEPT_CAPTION"" : ""Standard"",
							""INVALID_REASON"" : ""V"",
							""INVALID_REASON_CAPTION"" : ""Valid"",
							""CONCEPT_CODE"" : ""74669004"",
							""DOMAIN_ID"" : ""Condition"",
							""VOCABULARY_ID"" : ""SNOMED"",
							""CONCEPT_CLASS_ID"" : ""Disorder""
						},
						""isExcluded"" : false,
						""includeDescendants"" : true,
						""includeMapped"" : false
					},
					{
						""concept"" : {
							""CONCEPT_ID"" : 4141628,
							""CONCEPT_NAME"" : ""Cardiac portal cirrhosis"",
							""STANDARD_CONCEPT"" : ""S"",
							""STANDARD_CONCEPT_CAPTION"" : ""Standard"",
							""INVALID_REASON"" : ""V"",
							""INVALID_REASON_CAPTION"" : ""Valid"",
							""CONCEPT_CODE"" : ""266470007"",
							""DOMAIN_ID"" : ""Condition"",
							""VOCABULARY_ID"" : ""SNOMED"",
							""CONCEPT_CLASS_ID"" : ""Disorder""
						},
						""isExcluded"" : false,
						""includeDescendants"" : true,
						""includeMapped"" : false
					},
					{
						""concept"" : {
							""CONCEPT_ID"" : 4049282,
							""CONCEPT_NAME"" : ""Cholangiolitic cirrhosis"",
							""STANDARD_CONCEPT"" : ""S"",
							""STANDARD_CONCEPT_CAPTION"" : ""Standard"",
							""INVALID_REASON"" : ""V"",
							""INVALID_REASON_CAPTION"" : ""Valid"",
							""CONCEPT_CODE"" : ""123606000"",
							""DOMAIN_ID"" : ""Condition"",
							""VOCABULARY_ID"" : ""SNOMED"",
							""CONCEPT_CLASS_ID"" : ""Disorder""
						},
						""isExcluded"" : false,
						""includeDescendants"" : true,
						""includeMapped"" : false
					},
					{
						""concept"" : {
							""CONCEPT_ID"" : 4026125,
							""CONCEPT_NAME"" : ""Chronic active hepatitis"",
							""STANDARD_CONCEPT"" : ""S"",
							""STANDARD_CONCEPT_CAPTION"" : ""Standard"",
							""INVALID_REASON"" : ""V"",
							""INVALID_REASON_CAPTION"" : ""Valid"",
							""CONCEPT_CODE"" : ""197284004"",
							""DOMAIN_ID"" : ""Condition"",
							""VOCABULARY_ID"" : ""SNOMED"",
							""CONCEPT_CLASS_ID"" : ""Disorder""
						},
						""isExcluded"" : false,
						""includeDescendants"" : true,
						""includeMapped"" : false
					},
					{
						""concept"" : {
							""CONCEPT_ID"" : 45769525,
							""CONCEPT_NAME"" : ""Chronic active hepatitis C"",
							""STANDARD_CONCEPT"" : ""S"",
							""STANDARD_CONCEPT_CAPTION"" : ""Standard"",
							""INVALID_REASON"" : ""V"",
							""INVALID_REASON_CAPTION"" : ""Valid"",
							""CONCEPT_CODE"" : ""708198006"",
							""DOMAIN_ID"" : ""Condition"",
							""VOCABULARY_ID"" : ""SNOMED"",
							""CONCEPT_CLASS_ID"" : ""Disorder""
						},
						""isExcluded"" : false,
						""includeDescendants"" : true,
						""includeMapped"" : false
					},
					{
						""concept"" : {
							""CONCEPT_ID"" : 4173584,
							""CONCEPT_NAME"" : ""Chronic active type B viral hepatitis"",
							""STANDARD_CONCEPT"" : ""S"",
							""STANDARD_CONCEPT_CAPTION"" : ""Standard"",
							""INVALID_REASON"" : ""V"",
							""INVALID_REASON_CAPTION"" : ""Valid"",
							""CONCEPT_CODE"" : ""50167007"",
							""DOMAIN_ID"" : ""Condition"",
							""VOCABULARY_ID"" : ""SNOMED"",
							""CONCEPT_CLASS_ID"" : ""Disorder""
						},
						""isExcluded"" : false,
						""includeDescendants"" : true,
						""includeMapped"" : false
					},
					{
						""concept"" : {
							""CONCEPT_ID"" : 4283078,
							""CONCEPT_NAME"" : ""Chronic active viral hepatitis"",
							""STANDARD_CONCEPT"" : ""S"",
							""STANDARD_CONCEPT_CAPTION"" : ""Standard"",
							""INVALID_REASON"" : ""V"",
							""INVALID_REASON_CAPTION"" : ""Valid"",
							""CONCEPT_CODE"" : ""66870002"",
							""DOMAIN_ID"" : ""Condition"",
							""VOCABULARY_ID"" : ""SNOMED"",
							""CONCEPT_CLASS_ID"" : ""Disorder""
						},
						""isExcluded"" : false,
						""includeDescendants"" : true,
						""includeMapped"" : false
					},
					{
						""concept"" : {
							""CONCEPT_ID"" : 4009793,
							""CONCEPT_NAME"" : ""Chronic aggressive type B viral hepatitis"",
							""STANDARD_CONCEPT"" : ""S"",
							""STANDARD_CONCEPT_CAPTION"" : ""Standard"",
							""INVALID_REASON"" : ""V"",
							""INVALID_REASON_CAPTION"" : ""Valid"",
							""CONCEPT_CODE"" : ""1116000"",
							""DOMAIN_ID"" : ""Condition"",
							""VOCABULARY_ID"" : ""SNOMED"",
							""CONCEPT_CLASS_ID"" : ""Disorder""
						},
						""isExcluded"" : false,
						""includeDescendants"" : true,
						""includeMapped"" : false
					},
					{
						""concept"" : {
							""CONCEPT_ID"" : 4232466,
							""CONCEPT_NAME"" : ""Chronic aggressive viral hepatitis"",
							""STANDARD_CONCEPT"" : ""S"",
							""STANDARD_CONCEPT_CAPTION"" : ""Standard"",
							""INVALID_REASON"" : ""V"",
							""INVALID_REASON_CAPTION"" : ""Valid"",
							""CONCEPT_CODE"" : ""89789003"",
							""DOMAIN_ID"" : ""Condition"",
							""VOCABULARY_ID"" : ""SNOMED"",
							""CONCEPT_CLASS_ID"" : ""Disorder""
						},
						""isExcluded"" : false,
						""includeDescendants"" : true,
						""includeMapped"" : false
					},
					{
						""concept"" : {
							""CONCEPT_ID"" : 4146181,
							""CONCEPT_NAME"" : ""Chronic alcoholic hepatitis"",
							""STANDARD_CONCEPT"" : ""S"",
							""STANDARD_CONCEPT_CAPTION"" : ""Standard"",
							""INVALID_REASON"" : ""V"",
							""INVALID_REASON_CAPTION"" : ""Valid"",
							""CONCEPT_CODE"" : ""307757001"",
							""DOMAIN_ID"" : ""Condition"",
							""VOCABULARY_ID"" : ""SNOMED"",
							""CONCEPT_CLASS_ID"" : ""Disorder""
						},
						""isExcluded"" : false,
						""includeDescendants"" : true,
						""includeMapped"" : false
					},
					{
						""concept"" : {
							""CONCEPT_ID"" : 37017009,
							""CONCEPT_NAME"" : ""Chronic alcoholic liver disease"",
							""STANDARD_CONCEPT"" : ""S"",
							""STANDARD_CONCEPT_CAPTION"" : ""Standard"",
							""INVALID_REASON"" : ""V"",
							""INVALID_REASON_CAPTION"" : ""Valid"",
							""CONCEPT_CODE"" : ""713181003"",
							""DOMAIN_ID"" : ""Condition"",
							""VOCABULARY_ID"" : ""SNOMED"",
							""CONCEPT_CLASS_ID"" : ""Disorder""
						},
						""isExcluded"" : false,
						""includeDescendants"" : true,
						""includeMapped"" : false
					},
					{
						""concept"" : {
							""CONCEPT_ID"" : 36687200,
							""CONCEPT_NAME"" : ""Chronic autoimmune hepatitis"",
							""STANDARD_CONCEPT"" : ""S"",
							""STANDARD_CONCEPT_CAPTION"" : ""Standard"",
							""INVALID_REASON"" : ""V"",
							""INVALID_REASON_CAPTION"" : ""Valid"",
							""CONCEPT_CODE"" : ""16098491000119109"",
							""DOMAIN_ID"" : ""Condition"",
							""VOCABULARY_ID"" : ""SNOMED"",
							""CONCEPT_CLASS_ID"" : ""Disorder""
						},
						""isExcluded"" : false,
						""includeDescendants"" : true,
						""includeMapped"" : false
					},
					{
						""concept"" : {
							""CONCEPT_ID"" : 4340390,
							""CONCEPT_NAME"" : ""Chronic hepatic failure"",
							""STANDARD_CONCEPT"" : ""S"",
							""STANDARD_CONCEPT_CAPTION"" : ""Standard"",
							""INVALID_REASON"" : ""V"",
							""INVALID_REASON_CAPTION"" : ""Valid"",
							""CONCEPT_CODE"" : ""235886005"",
							""DOMAIN_ID"" : ""Condition"",
							""VOCABULARY_ID"" : ""SNOMED"",
							""CONCEPT_CLASS_ID"" : ""Disorder""
						},
						""isExcluded"" : false,
						""includeDescendants"" : true,
						""includeMapped"" : false
					},
					{
						""concept"" : {
							""CONCEPT_ID"" : 37162893,
							""CONCEPT_NAME"" : ""Chronic hepatic failure due to portosystemic shunt"",
							""STANDARD_CONCEPT"" : ""S"",
							""STANDARD_CONCEPT_CAPTION"" : ""Standard"",
							""INVALID_REASON"" : ""V"",
							""INVALID_REASON_CAPTION"" : ""Valid"",
							""CONCEPT_CODE"" : ""1197736003"",
							""DOMAIN_ID"" : ""Condition"",
							""VOCABULARY_ID"" : ""SNOMED"",
							""CONCEPT_CLASS_ID"" : ""Disorder""
						},
						""isExcluded"" : false,
						""includeDescendants"" : true,
						""includeMapped"" : false
					},
					{
						""concept"" : {
							""CONCEPT_ID"" : 200763,
							""CONCEPT_NAME"" : ""Chronic hepatitis"",
							""STANDARD_CONCEPT"" : ""S"",
							""STANDARD_CONCEPT_CAPTION"" : ""Standard"",
							""INVALID_REASON"" : ""V"",
							""INVALID_REASON_CAPTION"" : ""Valid"",
							""CONCEPT_CODE"" : ""76783007"",
							""DOMAIN_ID"" : ""Condition"",
							""VOCABULARY_ID"" : ""SNOMED"",
							""CONCEPT_CLASS_ID"" : ""Disorder""
						},
						""isExcluded"" : false,
						""includeDescendants"" : true,
						""includeMapped"" : false
					},
					{
						""concept"" : {
							""CONCEPT_ID"" : 3654685,
							""CONCEPT_NAME"" : ""Chronic hepatitis B co-occurrent with hepatitis C and hepatitis D"",
							""STANDARD_CONCEPT"" : ""S"",
							""STANDARD_CONCEPT_CAPTION"" : ""Standard"",
							""INVALID_REASON"" : ""V"",
							""INVALID_REASON_CAPTION"" : ""Valid"",
							""CONCEPT_CODE"" : ""838380002"",
							""DOMAIN_ID"" : ""Condition"",
							""VOCABULARY_ID"" : ""SNOMED"",
							""CONCEPT_CLASS_ID"" : ""Disorder""
						},
						""isExcluded"" : false,
						""includeDescendants"" : true,
						""includeMapped"" : false
					},
					{
						""concept"" : {
							""CONCEPT_ID"" : 37175349,
							""CONCEPT_NAME"" : ""Chronic hepatitis B during pregnancy"",
							""STANDARD_CONCEPT"" : ""S"",
							""STANDARD_CONCEPT_CAPTION"" : ""Standard"",
							""INVALID_REASON"" : ""V"",
							""INVALID_REASON_CAPTION"" : ""Valid"",
							""CONCEPT_CODE"" : ""16859701000119109"",
							""DOMAIN_ID"" : ""Condition"",
							""VOCABULARY_ID"" : ""SNOMED"",
							""CONCEPT_CLASS_ID"" : ""Disorder""
						},
						""isExcluded"" : false,
						""includeDescendants"" : true,
						""includeMapped"" : false
					},
					{
						""concept"" : {
							""CONCEPT_ID"" : 198964,
							""CONCEPT_NAME"" : ""Chronic hepatitis C"",
							""STANDARD_CONCEPT"" : ""S"",
							""STANDARD_CONCEPT_CAPTION"" : ""Standard"",
							""INVALID_REASON"" : ""V"",
							""INVALID_REASON_CAPTION"" : ""Valid"",
							""CONCEPT_CODE"" : ""128302006"",
							""DOMAIN_ID"" : ""Condition"",
							""VOCABULARY_ID"" : ""SNOMED"",
							""CONCEPT_CLASS_ID"" : ""Disorder""
						},
						""isExcluded"" : false,
						""includeDescendants"" : true,
						""includeMapped"" : false
					},
					{
						""concept"" : {
							""CONCEPT_ID"" : 35625141,
							""CONCEPT_NAME"" : ""Chronic hepatitis C caused by Hepatitis C virus genotype 1"",
							""STANDARD_CONCEPT"" : ""S"",
							""STANDARD_CONCEPT_CAPTION"" : ""Standard"",
							""INVALID_REASON"" : ""V"",
							""INVALID_REASON_CAPTION"" : ""Valid"",
							""CONCEPT_CODE"" : ""768127002"",
							""DOMAIN_ID"" : ""Condition"",
							""VOCABULARY_ID"" : ""SNOMED"",
							""CONCEPT_CLASS_ID"" : ""Disorder""
						},
						""isExcluded"" : false,
						""includeDescendants"" : true,
						""includeMapped"" : false
					},
					{
						""concept"" : {
							""CONCEPT_ID"" : 35625296,
							""CONCEPT_NAME"" : ""Chronic hepatitis C caused by Hepatitis C virus genotype 1a"",
							""STANDARD_CONCEPT"" : ""S"",
							""STANDARD_CONCEPT_CAPTION"" : ""Standard"",
							""INVALID_REASON"" : ""V"",
							""INVALID_REASON_CAPTION"" : ""Valid"",
							""CONCEPT_CODE"" : ""768289009"",
							""DOMAIN_ID"" : ""Condition"",
							""VOCABULARY_ID"" : ""SNOMED"",
							""CONCEPT_CLASS_ID"" : ""Disorder""
						},
						""isExcluded"" : false,
						""includeDescendants"" : true,
						""includeMapped"" : false
					},
					{
						""concept"" : {
							""CONCEPT_ID"" : 35625295,
							""CONCEPT_NAME"" : ""Chronic hepatitis C caused by Hepatitis C virus genotype 1b"",
							""STANDARD_CONCEPT"" : ""S"",
							""STANDARD_CONCEPT_CAPTION"" : ""Standard"",
							""INVALID_REASON"" : ""V"",
							""INVALID_REASON_CAPTION"" : ""Valid"",
							""CONCEPT_CODE"" : ""768288001"",
							""DOMAIN_ID"" : ""Condition"",
							""VOCABULARY_ID"" : ""SNOMED"",
							""CONCEPT_CLASS_ID"" : ""Disorder""
						},
						""isExcluded"" : false,
						""includeDescendants"" : true,
						""includeMapped"" : false
					},
					{
						""concept"" : {
							""CONCEPT_ID"" : 35625139,
							""CONCEPT_NAME"" : ""Chronic hepatitis C caused by Hepatitis C virus genotype 2"",
							""STANDARD_CONCEPT"" : ""S"",
							""STANDARD_CONCEPT_CAPTION"" : ""Standard"",
							""INVALID_REASON"" : ""V"",
							""INVALID_REASON_CAPTION"" : ""Valid"",
							""CONCEPT_CODE"" : ""768125005"",
							""DOMAIN_ID"" : ""Condition"",
							""VOCABULARY_ID"" : ""SNOMED"",
							""CONCEPT_CLASS_ID"" : ""Disorder""
						},
						""isExcluded"" : false,
						""includeDescendants"" : true,
						""includeMapped"" : false
					},
					{
						""concept"" : {
							""CONCEPT_ID"" : 35625040,
							""CONCEPT_NAME"" : ""Chronic hepatitis C caused by Hepatitis C virus genotype 3"",
							""STANDARD_CONCEPT"" : ""S"",
							""STANDARD_CONCEPT_CAPTION"" : ""Standard"",
							""INVALID_REASON"" : ""V"",
							""INVALID_REASON_CAPTION"" : ""Valid"",
							""CONCEPT_CODE"" : ""768006009"",
							""DOMAIN_ID"" : ""Condition"",
							""VOCABULARY_ID"" : ""SNOMED"",
							""CONCEPT_CLASS_ID"" : ""Disorder""
						},
						""isExcluded"" : false,
						""includeDescendants"" : true,
						""includeMapped"" : false
					},
					{
						""concept"" : {
							""CONCEPT_ID"" : 35625140,
							""CONCEPT_NAME"" : ""Chronic hepatitis C caused by Hepatitis C virus genotype 4"",
							""STANDARD_CONCEPT"" : ""S"",
							""STANDARD_CONCEPT_CAPTION"" : ""Standard"",
							""INVALID_REASON"" : ""V"",
							""INVALID_REASON_CAPTION"" : ""Valid"",
							""CONCEPT_CODE"" : ""768126006"",
							""DOMAIN_ID"" : ""Condition"",
							""VOCABULARY_ID"" : ""SNOMED"",
							""CONCEPT_CLASS_ID"" : ""Disorder""
						},
						""isExcluded"" : false,
						""includeDescendants"" : true,
						""includeMapped"" : false
					},
					{
						""concept"" : {
							""CONCEPT_ID"" : 35624867,
							""CONCEPT_NAME"" : ""Chronic hepatitis C caused by hepatitis C virus genotype 5"",
							""STANDARD_CONCEPT"" : ""S"",
							""STANDARD_CONCEPT_CAPTION"" : ""Standard"",
							""INVALID_REASON"" : ""V"",
							""INVALID_REASON_CAPTION"" : ""Valid"",
							""CONCEPT_CODE"" : ""767810006"",
							""DOMAIN_ID"" : ""Condition"",
							""VOCABULARY_ID"" : ""SNOMED"",
							""CONCEPT_CLASS_ID"" : ""Disorder""
						},
						""isExcluded"" : false,
						""includeDescendants"" : true,
						""includeMapped"" : false
					},
					{
						""concept"" : {
							""CONCEPT_ID"" : 35624866,
							""CONCEPT_NAME"" : ""Chronic hepatitis C caused by hepatitis C virus genotype 6"",
							""STANDARD_CONCEPT"" : ""S"",
							""STANDARD_CONCEPT_CAPTION"" : ""Standard"",
							""INVALID_REASON"" : ""V"",
							""INVALID_REASON_CAPTION"" : ""Valid"",
							""CONCEPT_CODE"" : ""767809001"",
							""DOMAIN_ID"" : ""Condition"",
							""VOCABULARY_ID"" : ""SNOMED"",
							""CONCEPT_CLASS_ID"" : ""Disorder""
						},
						""isExcluded"" : false,
						""includeDescendants"" : true,
						""includeMapped"" : false
					},
					{
						""concept"" : {
							""CONCEPT_ID"" : 3654682,
							""CONCEPT_NAME"" : ""Chronic hepatitis C co-occurrent with human immunodeficiency virus infection"",
							""STANDARD_CONCEPT"" : ""S"",
							""STANDARD_CONCEPT_CAPTION"" : ""Standard"",
							""INVALID_REASON"" : ""V"",
							""INVALID_REASON_CAPTION"" : ""Valid"",
							""CONCEPT_CODE"" : ""838377003"",
							""DOMAIN_ID"" : ""Condition"",
							""VOCABULARY_ID"" : ""SNOMED"",
							""CONCEPT_CLASS_ID"" : ""Disorder""
						},
						""isExcluded"" : false,
						""includeDescendants"" : true,
						""includeMapped"" : false
					},
					{
						""concept"" : {
							""CONCEPT_ID"" : 45766656,
							""CONCEPT_NAME"" : ""Chronic hepatitis C with stage 2 fibrosis"",
							""STANDARD_CONCEPT"" : ""S"",
							""STANDARD_CONCEPT_CAPTION"" : ""Standard"",
							""INVALID_REASON"" : ""V"",
							""INVALID_REASON_CAPTION"" : ""Valid"",
							""CONCEPT_CODE"" : ""703866000"",
							""DOMAIN_ID"" : ""Condition"",
							""VOCABULARY_ID"" : ""SNOMED"",
							""CONCEPT_CLASS_ID"" : ""Disorder""
						},
						""isExcluded"" : false,
						""includeDescendants"" : true,
						""includeMapped"" : false
					},
					{
						""concept"" : {
							""CONCEPT_ID"" : 42872885,
							""CONCEPT_NAME"" : ""Chronic hepatitis E"",
							""STANDARD_CONCEPT"" : ""S"",
							""STANDARD_CONCEPT_CAPTION"" : ""Standard"",
							""INVALID_REASON"" : ""V"",
							""INVALID_REASON_CAPTION"" : ""Valid"",
							""CONCEPT_CODE"" : ""450880008"",
							""DOMAIN_ID"" : ""Condition"",
							""VOCABULARY_ID"" : ""SNOMED"",
							""CONCEPT_CLASS_ID"" : ""Disorder""
						},
						""isExcluded"" : false,
						""includeDescendants"" : true,
						""includeMapped"" : false
					},
					{
						""concept"" : {
							""CONCEPT_ID"" : 4212540,
							""CONCEPT_NAME"" : ""Chronic liver disease"",
							""STANDARD_CONCEPT"" : ""S"",
							""STANDARD_CONCEPT_CAPTION"" : ""Standard"",
							""INVALID_REASON"" : ""V"",
							""INVALID_REASON_CAPTION"" : ""Valid"",
							""CONCEPT_CODE"" : ""328383001"",
							""DOMAIN_ID"" : ""Condition"",
							""VOCABULARY_ID"" : ""SNOMED"",
							""CONCEPT_CLASS_ID"" : ""Disorder""
						},
						""isExcluded"" : false,
						""includeDescendants"" : true,
						""includeMapped"" : false
					},
					{
						""concept"" : {
							""CONCEPT_ID"" : 4238978,
							""CONCEPT_NAME"" : ""Chronic lobular hepatitis"",
							""STANDARD_CONCEPT"" : ""S"",
							""STANDARD_CONCEPT_CAPTION"" : ""Standard"",
							""INVALID_REASON"" : ""V"",
							""INVALID_REASON_CAPTION"" : ""Valid"",
							""CONCEPT_CODE"" : ""57339008"",
							""DOMAIN_ID"" : ""Condition"",
							""VOCABULARY_ID"" : ""SNOMED"",
							""CONCEPT_CLASS_ID"" : ""Disorder""
						},
						""isExcluded"" : false,
						""includeDescendants"" : true,
						""includeMapped"" : false
					},
					{
						""concept"" : {
							""CONCEPT_ID"" : 4322067,
							""CONCEPT_NAME"" : ""Chronic lymphocytic cholangitis-cholangiohepatitis"",
							""STANDARD_CONCEPT"" : ""S"",
							""STANDARD_CONCEPT_CAPTION"" : ""Standard"",
							""INVALID_REASON"" : ""V"",
							""INVALID_REASON_CAPTION"" : ""Valid"",
							""CONCEPT_CODE"" : ""9843006"",
							""DOMAIN_ID"" : ""Condition"",
							""VOCABULARY_ID"" : ""SNOMED"",
							""CONCEPT_CLASS_ID"" : ""Disorder""
						},
						""isExcluded"" : false,
						""includeDescendants"" : true,
						""includeMapped"" : false
					},
					{
						""concept"" : {
							""CONCEPT_ID"" : 3655440,
							""CONCEPT_NAME"" : ""Chronic necrosis of liver"",
							""STANDARD_CONCEPT"" : ""S"",
							""STANDARD_CONCEPT_CAPTION"" : ""Standard"",
							""INVALID_REASON"" : ""V"",
							""INVALID_REASON_CAPTION"" : ""Valid"",
							""CONCEPT_CODE"" : ""863957008"",
							""DOMAIN_ID"" : ""Condition"",
							""VOCABULARY_ID"" : ""SNOMED"",
							""CONCEPT_CLASS_ID"" : ""Disorder""
						},
						""isExcluded"" : false,
						""includeDescendants"" : true,
						""includeMapped"" : false
					},
					{
						""concept"" : {
							""CONCEPT_ID"" : 201613,
							""CONCEPT_NAME"" : ""Chronic nonalcoholic liver disease"",
							""STANDARD_CONCEPT"" : ""S"",
							""STANDARD_CONCEPT_CAPTION"" : ""Standard"",
							""INVALID_REASON"" : ""V"",
							""INVALID_REASON_CAPTION"" : ""Valid"",
							""CONCEPT_CODE"" : ""79720007"",
							""DOMAIN_ID"" : ""Condition"",
							""VOCABULARY_ID"" : ""SNOMED"",
							""CONCEPT_CLASS_ID"" : ""Disorder""
						},
						""isExcluded"" : false,
						""includeDescendants"" : true,
						""includeMapped"" : false
					},
					{
						""concept"" : {
							""CONCEPT_ID"" : 200451,
							""CONCEPT_NAME"" : ""Chronic passive congestion of liver"",
							""STANDARD_CONCEPT"" : ""S"",
							""STANDARD_CONCEPT_CAPTION"" : ""Standard"",
							""INVALID_REASON"" : ""V"",
							""INVALID_REASON_CAPTION"" : ""Valid"",
							""CONCEPT_CODE"" : ""34736002"",
							""DOMAIN_ID"" : ""Condition"",
							""VOCABULARY_ID"" : ""SNOMED"",
							""CONCEPT_CLASS_ID"" : ""Disorder""
						},
						""isExcluded"" : false,
						""includeDescendants"" : true,
						""includeMapped"" : false
					},
					{
						""concept"" : {
							""CONCEPT_ID"" : 199867,
							""CONCEPT_NAME"" : ""Chronic persistent hepatitis"",
							""STANDARD_CONCEPT"" : ""S"",
							""STANDARD_CONCEPT_CAPTION"" : ""Standard"",
							""INVALID_REASON"" : ""V"",
							""INVALID_REASON_CAPTION"" : ""Valid"",
							""CONCEPT_CODE"" : ""41889008"",
							""DOMAIN_ID"" : ""Condition"",
							""VOCABULARY_ID"" : ""SNOMED"",
							""CONCEPT_CLASS_ID"" : ""Disorder""
						},
						""isExcluded"" : false,
						""includeDescendants"" : true,
						""includeMapped"" : false
					},
					{
						""concept"" : {
							""CONCEPT_ID"" : 4296554,
							""CONCEPT_NAME"" : ""Chronic persistent type B viral hepatitis"",
							""STANDARD_CONCEPT"" : ""S"",
							""STANDARD_CONCEPT_CAPTION"" : ""Standard"",
							""INVALID_REASON"" : ""V"",
							""INVALID_REASON_CAPTION"" : ""Valid"",
							""CONCEPT_CODE"" : ""38662009"",
							""DOMAIN_ID"" : ""Condition"",
							""VOCABULARY_ID"" : ""SNOMED"",
							""CONCEPT_CLASS_ID"" : ""Disorder""
						},
						""isExcluded"" : false,
						""includeDescendants"" : true,
						""includeMapped"" : false
					},
					{
						""concept"" : {
							""CONCEPT_ID"" : 4247138,
							""CONCEPT_NAME"" : ""Chronic persistent viral hepatitis"",
							""STANDARD_CONCEPT"" : ""S"",
							""STANDARD_CONCEPT_CAPTION"" : ""Standard"",
							""INVALID_REASON"" : ""V"",
							""INVALID_REASON_CAPTION"" : ""Valid"",
							""CONCEPT_CODE"" : ""60037002"",
							""DOMAIN_ID"" : ""Condition"",
							""VOCABULARY_ID"" : ""SNOMED"",
							""CONCEPT_CLASS_ID"" : ""Disorder""
						},
						""isExcluded"" : false,
						""includeDescendants"" : true,
						""includeMapped"" : false
					},
					{
						""concept"" : {
							""CONCEPT_ID"" : 4198610,
							""CONCEPT_NAME"" : ""Chronic rejection of liver transplant"",
							""STANDARD_CONCEPT"" : ""S"",
							""STANDARD_CONCEPT_CAPTION"" : ""Standard"",
							""INVALID_REASON"" : ""V"",
							""INVALID_REASON_CAPTION"" : ""Valid"",
							""CONCEPT_CODE"" : ""432908002"",
							""DOMAIN_ID"" : ""Condition"",
							""VOCABULARY_ID"" : ""SNOMED"",
							""CONCEPT_CLASS_ID"" : ""Disorder""
						},
						""isExcluded"" : false,
						""includeDescendants"" : true,
						""includeMapped"" : false
					},
					{
						""concept"" : {
							""CONCEPT_ID"" : 194574,
							""CONCEPT_NAME"" : ""Chronic type B viral hepatitis"",
							""STANDARD_CONCEPT"" : ""S"",
							""STANDARD_CONCEPT_CAPTION"" : ""Standard"",
							""INVALID_REASON"" : ""V"",
							""INVALID_REASON_CAPTION"" : ""Valid"",
							""CONCEPT_CODE"" : ""61977001"",
							""DOMAIN_ID"" : ""Condition"",
							""VOCABULARY_ID"" : ""SNOMED"",
							""CONCEPT_CLASS_ID"" : ""Disorder""
						},
						""isExcluded"" : false,
						""includeDescendants"" : true,
						""includeMapped"" : false
					},
					{
						""concept"" : {
							""CONCEPT_ID"" : 4012113,
							""CONCEPT_NAME"" : ""Chronic viral hepatitis"",
							""STANDARD_CONCEPT"" : ""S"",
							""STANDARD_CONCEPT_CAPTION"" : ""Standard"",
							""INVALID_REASON"" : ""V"",
							""INVALID_REASON_CAPTION"" : ""Valid"",
							""CONCEPT_CODE"" : ""10295004"",
							""DOMAIN_ID"" : ""Condition"",
							""VOCABULARY_ID"" : ""SNOMED"",
							""CONCEPT_CLASS_ID"" : ""Disorder""
						},
						""isExcluded"" : false,
						""includeDescendants"" : true,
						""includeMapped"" : false
					},
					{
						""concept"" : {
							""CONCEPT_ID"" : 192240,
							""CONCEPT_NAME"" : ""Chronic viral hepatitis B with hepatitis D"",
							""STANDARD_CONCEPT"" : ""S"",
							""STANDARD_CONCEPT_CAPTION"" : ""Standard"",
							""INVALID_REASON"" : ""V"",
							""INVALID_REASON_CAPTION"" : ""Valid"",
							""CONCEPT_CODE"" : ""235869004"",
							""DOMAIN_ID"" : ""Condition"",
							""VOCABULARY_ID"" : ""SNOMED"",
							""CONCEPT_CLASS_ID"" : ""Disorder""
						},
						""isExcluded"" : false,
						""includeDescendants"" : true,
						""includeMapped"" : false
					},
					{
						""concept"" : {
							""CONCEPT_ID"" : 439674,
							""CONCEPT_NAME"" : ""Chronic viral hepatitis B without delta-agent"",
							""STANDARD_CONCEPT"" : ""S"",
							""STANDARD_CONCEPT_CAPTION"" : ""Standard"",
							""INVALID_REASON"" : ""V"",
							""INVALID_REASON_CAPTION"" : ""Valid"",
							""CONCEPT_CODE"" : ""186639003"",
							""DOMAIN_ID"" : ""Condition"",
							""VOCABULARY_ID"" : ""SNOMED"",
							""CONCEPT_CLASS_ID"" : ""Disorder""
						},
						""isExcluded"" : false,
						""includeDescendants"" : true,
						""includeMapped"" : false
					},
					{
						""concept"" : {
							""CONCEPT_ID"" : 763021,
							""CONCEPT_NAME"" : ""Chronic viral hepatitis C with hepatic coma"",
							""STANDARD_CONCEPT"" : ""S"",
							""STANDARD_CONCEPT_CAPTION"" : ""Standard"",
							""INVALID_REASON"" : ""V"",
							""INVALID_REASON_CAPTION"" : ""Valid"",
							""CONCEPT_CODE"" : ""435101000124104"",
							""DOMAIN_ID"" : ""Condition"",
							""VOCABULARY_ID"" : ""SNOMED"",
							""CONCEPT_CLASS_ID"" : ""Disorder""
						},
						""isExcluded"" : false,
						""includeDescendants"" : true,
						""includeMapped"" : false
					},
					{
						""concept"" : {
							""CONCEPT_ID"" : 42536529,
							""CONCEPT_NAME"" : ""Chronic viral hepatitis D"",
							""STANDARD_CONCEPT"" : ""S"",
							""STANDARD_CONCEPT_CAPTION"" : ""Standard"",
							""INVALID_REASON"" : ""V"",
							""INVALID_REASON_CAPTION"" : ""Valid"",
							""CONCEPT_CODE"" : ""735451005"",
							""DOMAIN_ID"" : ""Condition"",
							""VOCABULARY_ID"" : ""SNOMED"",
							""CONCEPT_CLASS_ID"" : ""Disorder""
						},
						""isExcluded"" : false,
						""includeDescendants"" : true,
						""includeMapped"" : false
					},
					{
						""concept"" : {
							""CONCEPT_ID"" : 44805713,
							""CONCEPT_NAME"" : ""Cirrhosis associated with cystic fibrosis"",
							""STANDARD_CONCEPT"" : ""S"",
							""STANDARD_CONCEPT_CAPTION"" : ""Standard"",
							""INVALID_REASON"" : ""V"",
							""INVALID_REASON_CAPTION"" : ""Valid"",
							""CONCEPT_CODE"" : ""776981000000103"",
							""DOMAIN_ID"" : ""Condition"",
							""VOCABULARY_ID"" : ""SNOMED"",
							""CONCEPT_CLASS_ID"" : ""Disorder""
						},
						""isExcluded"" : false,
						""includeDescendants"" : true,
						""includeMapped"" : false
					},
					{
						""concept"" : {
							""CONCEPT_ID"" : 194692,
							""CONCEPT_NAME"" : ""Cirrhosis - non-alcoholic"",
							""STANDARD_CONCEPT"" : ""S"",
							""STANDARD_CONCEPT_CAPTION"" : ""Standard"",
							""INVALID_REASON"" : ""V"",
							""INVALID_REASON_CAPTION"" : ""Valid"",
							""CONCEPT_CODE"" : ""266468003"",
							""DOMAIN_ID"" : ""Condition"",
							""VOCABULARY_ID"" : ""SNOMED"",
							""CONCEPT_CLASS_ID"" : ""Disorder""
						},
						""isExcluded"" : false,
						""includeDescendants"" : true,
						""includeMapped"" : false
					},
					{
						""concept"" : {
							""CONCEPT_ID"" : 4064161,
							""CONCEPT_NAME"" : ""Cirrhosis of liver"",
							""STANDARD_CONCEPT"" : ""S"",
							""STANDARD_CONCEPT_CAPTION"" : ""Standard"",
							""INVALID_REASON"" : ""V"",
							""INVALID_REASON_CAPTION"" : ""Valid"",
							""CONCEPT_CODE"" : ""19943007"",
							""DOMAIN_ID"" : ""Condition"",
							""VOCABULARY_ID"" : ""SNOMED"",
							""CONCEPT_CLASS_ID"" : ""Disorder""
						},
						""isExcluded"" : false,
						""includeDescendants"" : true,
						""includeMapped"" : false
					},
					{
						""concept"" : {
							""CONCEPT_ID"" : 37111265,
							""CONCEPT_NAME"" : ""Cirrhosis of liver caused by amiodarone"",
							""STANDARD_CONCEPT"" : ""S"",
							""STANDARD_CONCEPT_CAPTION"" : ""Standard"",
							""INVALID_REASON"" : ""V"",
							""INVALID_REASON_CAPTION"" : ""Valid"",
							""CONCEPT_CODE"" : ""725939009"",
							""DOMAIN_ID"" : ""Condition"",
							""VOCABULARY_ID"" : ""SNOMED"",
							""CONCEPT_CLASS_ID"" : ""Disorder""
						},
						""isExcluded"" : false,
						""includeDescendants"" : true,
						""includeMapped"" : false
					},
					{
						""concept"" : {
							""CONCEPT_ID"" : 37117933,
							""CONCEPT_NAME"" : ""Cirrhosis of liver caused by methotrexate"",
							""STANDARD_CONCEPT"" : ""S"",
							""STANDARD_CONCEPT_CAPTION"" : ""Standard"",
							""INVALID_REASON"" : ""V"",
							""INVALID_REASON_CAPTION"" : ""Valid"",
							""CONCEPT_CODE"" : ""725938001"",
							""DOMAIN_ID"" : ""Condition"",
							""VOCABULARY_ID"" : ""SNOMED"",
							""CONCEPT_CLASS_ID"" : ""Disorder""
						},
						""isExcluded"" : false,
						""includeDescendants"" : true,
						""includeMapped"" : false
					},
					{
						""concept"" : {
							""CONCEPT_ID"" : 37111266,
							""CONCEPT_NAME"" : ""Cirrhosis of liver caused by methyldopa"",
							""STANDARD_CONCEPT"" : ""S"",
							""STANDARD_CONCEPT_CAPTION"" : ""Standard"",
							""INVALID_REASON"" : ""V"",
							""INVALID_REASON_CAPTION"" : ""Valid"",
							""CONCEPT_CODE"" : ""725940006"",
							""DOMAIN_ID"" : ""Condition"",
							""VOCABULARY_ID"" : ""SNOMED"",
							""CONCEPT_CLASS_ID"" : ""Disorder""
						},
						""isExcluded"" : false,
						""includeDescendants"" : true,
						""includeMapped"" : false
					},
					{
						""concept"" : {
							""CONCEPT_ID"" : 3656096,
							""CONCEPT_NAME"" : ""Cirrhosis of liver due to and following cardiac procedure"",
							""STANDARD_CONCEPT"" : ""S"",
							""STANDARD_CONCEPT_CAPTION"" : ""Standard"",
							""INVALID_REASON"" : ""V"",
							""INVALID_REASON_CAPTION"" : ""Valid"",
							""CONCEPT_CODE"" : ""871619002"",
							""DOMAIN_ID"" : ""Condition"",
							""VOCABULARY_ID"" : ""SNOMED"",
							""CONCEPT_CLASS_ID"" : ""Disorder""
						},
						""isExcluded"" : false,
						""includeDescendants"" : true,
						""includeMapped"" : false
					},
					{
						""concept"" : {
							""CONCEPT_ID"" : 43531723,
							""CONCEPT_NAME"" : ""Cirrhosis of liver due to chronic hepatitis C"",
							""STANDARD_CONCEPT"" : ""S"",
							""STANDARD_CONCEPT_CAPTION"" : ""Standard"",
							""INVALID_REASON"" : ""V"",
							""INVALID_REASON_CAPTION"" : ""Valid"",
							""CONCEPT_CODE"" : ""831000119103"",
							""DOMAIN_ID"" : ""Condition"",
							""VOCABULARY_ID"" : ""SNOMED"",
							""CONCEPT_CLASS_ID"" : ""Disorder""
						},
						""isExcluded"" : false,
						""includeDescendants"" : true,
						""includeMapped"" : false
					},
					{
						""concept"" : {
							""CONCEPT_ID"" : 45772057,
							""CONCEPT_NAME"" : ""Cirrhosis of liver due to hepatitis B"",
							""STANDARD_CONCEPT"" : ""S"",
							""STANDARD_CONCEPT_CAPTION"" : ""Standard"",
							""INVALID_REASON"" : ""V"",
							""INVALID_REASON_CAPTION"" : ""Valid"",
							""CONCEPT_CODE"" : ""103611000119102"",
							""DOMAIN_ID"" : ""Condition"",
							""VOCABULARY_ID"" : ""SNOMED"",
							""CONCEPT_CLASS_ID"" : ""Disorder""
						},
						""isExcluded"" : false,
						""includeDescendants"" : true,
						""includeMapped"" : false
					},
					{
						""concept"" : {
							""CONCEPT_ID"" : 42539566,
							""CONCEPT_NAME"" : ""Cirrhosis of liver with primary sclerosing cholangitis"",
							""STANDARD_CONCEPT"" : ""S"",
							""STANDARD_CONCEPT_CAPTION"" : ""Standard"",
							""INVALID_REASON"" : ""V"",
							""INVALID_REASON_CAPTION"" : ""Valid"",
							""CONCEPT_CODE"" : ""735733008"",
							""DOMAIN_ID"" : ""Condition"",
							""VOCABULARY_ID"" : ""SNOMED"",
							""CONCEPT_CLASS_ID"" : ""Disorder""
						},
						""isExcluded"" : false,
						""includeDescendants"" : true,
						""includeMapped"" : false
					},
					{
						""concept"" : {
							""CONCEPT_ID"" : 4153294,
							""CONCEPT_NAME"" : ""Cirrhosis secondary to cholestasis"",
							""STANDARD_CONCEPT"" : ""S"",
							""STANDARD_CONCEPT_CAPTION"" : ""Standard"",
							""INVALID_REASON"" : ""V"",
							""INVALID_REASON_CAPTION"" : ""Valid"",
							""CONCEPT_CODE"" : ""271440004"",
							""DOMAIN_ID"" : ""Condition"",
							""VOCABULARY_ID"" : ""SNOMED"",
							""CONCEPT_CLASS_ID"" : ""Disorder""
						},
						""isExcluded"" : false,
						""includeDescendants"" : true,
						""includeMapped"" : false
					},
					{
						""concept"" : {
							""CONCEPT_ID"" : 37110890,
							""CONCEPT_NAME"" : ""Cirrhotic cardiomyopathy"",
							""STANDARD_CONCEPT"" : ""S"",
							""STANDARD_CONCEPT_CAPTION"" : ""Standard"",
							""INVALID_REASON"" : ""V"",
							""INVALID_REASON_CAPTION"" : ""Valid"",
							""CONCEPT_CODE"" : ""725416005"",
							""DOMAIN_ID"" : ""Condition"",
							""VOCABULARY_ID"" : ""SNOMED"",
							""CONCEPT_CLASS_ID"" : ""Disorder""
						},
						""isExcluded"" : false,
						""includeDescendants"" : true,
						""includeMapped"" : false
					},
					{
						""concept"" : {
							""CONCEPT_ID"" : 4292401,
							""CONCEPT_NAME"" : ""Clonorchiasis with biliary cirrhosis"",
							""STANDARD_CONCEPT"" : ""S"",
							""STANDARD_CONCEPT_CAPTION"" : ""Standard"",
							""INVALID_REASON"" : ""V"",
							""INVALID_REASON_CAPTION"" : ""Valid"",
							""CONCEPT_CODE"" : ""37688005"",
							""DOMAIN_ID"" : ""Condition"",
							""VOCABULARY_ID"" : ""SNOMED"",
							""CONCEPT_CLASS_ID"" : ""Disorder""
						},
						""isExcluded"" : false,
						""includeDescendants"" : true,
						""includeMapped"" : false
					},
					{
						""concept"" : {
							""CONCEPT_ID"" : 4163687,
							""CONCEPT_NAME"" : ""Cruveilhier-Baumgarten syndrome"",
							""STANDARD_CONCEPT"" : ""S"",
							""STANDARD_CONCEPT_CAPTION"" : ""Standard"",
							""INVALID_REASON"" : ""V"",
							""INVALID_REASON_CAPTION"" : ""Valid"",
							""CONCEPT_CODE"" : ""45256007"",
							""DOMAIN_ID"" : ""Condition"",
							""VOCABULARY_ID"" : ""SNOMED"",
							""CONCEPT_CLASS_ID"" : ""Disorder""
						},
						""isExcluded"" : false,
						""includeDescendants"" : true,
						""includeMapped"" : false
					},
					{
						""concept"" : {
							""CONCEPT_ID"" : 4232955,
							""CONCEPT_NAME"" : ""Cryptogenic cirrhosis"",
							""STANDARD_CONCEPT"" : ""S"",
							""STANDARD_CONCEPT_CAPTION"" : ""Standard"",
							""INVALID_REASON"" : ""V"",
							""INVALID_REASON_CAPTION"" : ""Valid"",
							""CONCEPT_CODE"" : ""89580002"",
							""DOMAIN_ID"" : ""Condition"",
							""VOCABULARY_ID"" : ""SNOMED"",
							""CONCEPT_CLASS_ID"" : ""Disorder""
						},
						""isExcluded"" : false,
						""includeDescendants"" : true,
						""includeMapped"" : false
					},
					{
						""concept"" : {
							""CONCEPT_ID"" : 37396401,
							""CONCEPT_NAME"" : ""Decompensated cirrhosis of liver"",
							""STANDARD_CONCEPT"" : ""S"",
							""STANDARD_CONCEPT_CAPTION"" : ""Standard"",
							""INVALID_REASON"" : ""V"",
							""INVALID_REASON_CAPTION"" : ""Valid"",
							""CONCEPT_CODE"" : ""716203000"",
							""DOMAIN_ID"" : ""Condition"",
							""VOCABULARY_ID"" : ""SNOMED"",
							""CONCEPT_CLASS_ID"" : ""Disorder""
						},
						""isExcluded"" : false,
						""includeDescendants"" : true,
						""includeMapped"" : false
					},
					{
						""concept"" : {
							""CONCEPT_ID"" : 4055210,
							""CONCEPT_NAME"" : ""Diffuse nodular cirrhosis"",
							""STANDARD_CONCEPT"" : ""S"",
							""STANDARD_CONCEPT_CAPTION"" : ""Standard"",
							""INVALID_REASON"" : ""V"",
							""INVALID_REASON_CAPTION"" : ""Valid"",
							""CONCEPT_CODE"" : ""197293003"",
							""DOMAIN_ID"" : ""Condition"",
							""VOCABULARY_ID"" : ""SNOMED"",
							""CONCEPT_CLASS_ID"" : ""Disorder""
						},
						""isExcluded"" : false,
						""includeDescendants"" : true,
						""includeMapped"" : false
					},
					{
						""concept"" : {
							""CONCEPT_ID"" : 4342774,
							""CONCEPT_NAME"" : ""Drug-induced chronic hepatitis"",
							""STANDARD_CONCEPT"" : ""S"",
							""STANDARD_CONCEPT_CAPTION"" : ""Standard"",
							""INVALID_REASON"" : ""V"",
							""INVALID_REASON_CAPTION"" : ""Valid"",
							""CONCEPT_CODE"" : ""235889003"",
							""DOMAIN_ID"" : ""Condition"",
							""VOCABULARY_ID"" : ""SNOMED"",
							""CONCEPT_CLASS_ID"" : ""Disorder""
						},
						""isExcluded"" : false,
						""includeDescendants"" : true,
						""includeMapped"" : false
					},
					{
						""concept"" : {
							""CONCEPT_ID"" : 4143008,
							""CONCEPT_NAME"" : ""Drug-induced cirrhosis of liver"",
							""STANDARD_CONCEPT"" : ""S"",
							""STANDARD_CONCEPT_CAPTION"" : ""Standard"",
							""INVALID_REASON"" : ""V"",
							""INVALID_REASON_CAPTION"" : ""Valid"",
							""CONCEPT_CODE"" : ""425413006"",
							""DOMAIN_ID"" : ""Condition"",
							""VOCABULARY_ID"" : ""SNOMED"",
							""CONCEPT_CLASS_ID"" : ""Disorder""
						},
						""isExcluded"" : false,
						""includeDescendants"" : true,
						""includeMapped"" : false
					},
					{
						""concept"" : {
							""CONCEPT_ID"" : 4159158,
							""CONCEPT_NAME"" : ""Early cirrhosis"",
							""STANDARD_CONCEPT"" : ""S"",
							""STANDARD_CONCEPT_CAPTION"" : ""Standard"",
							""INVALID_REASON"" : ""V"",
							""INVALID_REASON_CAPTION"" : ""Valid"",
							""CONCEPT_CODE"" : ""371139006"",
							""DOMAIN_ID"" : ""Condition"",
							""VOCABULARY_ID"" : ""SNOMED"",
							""CONCEPT_CLASS_ID"" : ""Disorder""
						},
						""isExcluded"" : false,
						""includeDescendants"" : true,
						""includeMapped"" : false
					},
					{
						""concept"" : {
							""CONCEPT_ID"" : 1340280,
							""CONCEPT_NAME"" : ""Exacerbation of chronic active hepatitis"",
							""STANDARD_CONCEPT"" : ""S"",
							""STANDARD_CONCEPT_CAPTION"" : ""Standard"",
							""INVALID_REASON"" : ""V"",
							""INVALID_REASON_CAPTION"" : ""Valid"",
							""CONCEPT_CODE"" : ""OMOP5165935"",
							""DOMAIN_ID"" : ""Condition"",
							""VOCABULARY_ID"" : ""OMOP Extension"",
							""CONCEPT_CLASS_ID"" : ""Disorder""
						},
						""isExcluded"" : false,
						""includeDescendants"" : true,
						""includeMapped"" : false
					},
					{
						""concept"" : {
							""CONCEPT_ID"" : 4058680,
							""CONCEPT_NAME"" : ""Fatty portal cirrhosis"",
							""STANDARD_CONCEPT"" : ""S"",
							""STANDARD_CONCEPT_CAPTION"" : ""Standard"",
							""INVALID_REASON"" : ""V"",
							""INVALID_REASON_CAPTION"" : ""Valid"",
							""CONCEPT_CODE"" : ""197294009"",
							""DOMAIN_ID"" : ""Condition"",
							""VOCABULARY_ID"" : ""SNOMED"",
							""CONCEPT_CLASS_ID"" : ""Disorder""
						},
						""isExcluded"" : false,
						""includeDescendants"" : true,
						""includeMapped"" : false
					},
					{
						""concept"" : {
							""CONCEPT_ID"" : 4294539,
							""CONCEPT_NAME"" : ""Florid cirrhosis"",
							""STANDARD_CONCEPT"" : ""S"",
							""STANDARD_CONCEPT_CAPTION"" : ""Standard"",
							""INVALID_REASON"" : ""V"",
							""INVALID_REASON_CAPTION"" : ""Valid"",
							""CONCEPT_CODE"" : ""76301009"",
							""DOMAIN_ID"" : ""Condition"",
							""VOCABULARY_ID"" : ""SNOMED"",
							""CONCEPT_CLASS_ID"" : ""Disorder""
						},
						""isExcluded"" : false,
						""includeDescendants"" : true,
						""includeMapped"" : false
					},
					{
						""concept"" : {
							""CONCEPT_ID"" : 4203601,
							""CONCEPT_NAME"" : ""Glissonian cirrhosis"",
							""STANDARD_CONCEPT"" : ""S"",
							""STANDARD_CONCEPT_CAPTION"" : ""Standard"",
							""INVALID_REASON"" : ""V"",
							""INVALID_REASON_CAPTION"" : ""Valid"",
							""CONCEPT_CODE"" : ""536002"",
							""DOMAIN_ID"" : ""Condition"",
							""VOCABULARY_ID"" : ""SNOMED"",
							""CONCEPT_CLASS_ID"" : ""Disorder""
						},
						""isExcluded"" : false,
						""includeDescendants"" : true,
						""includeMapped"" : false
					},
					{
						""concept"" : {
							""CONCEPT_ID"" : 36676898,
							""CONCEPT_NAME"" : ""Growth retardation, mild developmental delay, chronic hepatitis syndrome"",
							""STANDARD_CONCEPT"" : ""S"",
							""STANDARD_CONCEPT_CAPTION"" : ""Standard"",
							""INVALID_REASON"" : ""V"",
							""INVALID_REASON_CAPTION"" : ""Valid"",
							""CONCEPT_CODE"" : ""774204006"",
							""DOMAIN_ID"" : ""Condition"",
							""VOCABULARY_ID"" : ""SNOMED"",
							""CONCEPT_CLASS_ID"" : ""Disorder""
						},
						""isExcluded"" : false,
						""includeDescendants"" : true,
						""includeMapped"" : false
					},
					{
						""concept"" : {
							""CONCEPT_ID"" : 46273476,
							""CONCEPT_NAME"" : ""Hepatic ascites co-occurrent with chronic active hepatitis due to toxic liver disease"",
							""STANDARD_CONCEPT"" : ""S"",
							""STANDARD_CONCEPT_CAPTION"" : ""Standard"",
							""INVALID_REASON"" : ""V"",
							""INVALID_REASON_CAPTION"" : ""Valid"",
							""CONCEPT_CODE"" : ""1092801000119102"",
							""DOMAIN_ID"" : ""Condition"",
							""VOCABULARY_ID"" : ""SNOMED"",
							""CONCEPT_CLASS_ID"" : ""Disorder""
						},
						""isExcluded"" : false,
						""includeDescendants"" : true,
						""includeMapped"" : false
					},
					{
						""concept"" : {
							""CONCEPT_ID"" : 4340946,
							""CONCEPT_NAME"" : ""Hypoxia-associated cirrhosis"",
							""STANDARD_CONCEPT"" : ""S"",
							""STANDARD_CONCEPT_CAPTION"" : ""Standard"",
							""INVALID_REASON"" : ""V"",
							""INVALID_REASON_CAPTION"" : ""Valid"",
							""CONCEPT_CODE"" : ""235897005"",
							""DOMAIN_ID"" : ""Condition"",
							""VOCABULARY_ID"" : ""SNOMED"",
							""CONCEPT_CLASS_ID"" : ""Disorder""
						},
						""isExcluded"" : false,
						""includeDescendants"" : true,
						""includeMapped"" : false
					},
					{
						""concept"" : {
							""CONCEPT_ID"" : 37396157,
							""CONCEPT_NAME"" : ""Idiopathic copper associated cirrhosis of liver"",
							""STANDARD_CONCEPT"" : ""S"",
							""STANDARD_CONCEPT_CAPTION"" : ""Standard"",
							""INVALID_REASON"" : ""V"",
							""INVALID_REASON_CAPTION"" : ""Valid"",
							""CONCEPT_CODE"" : ""715864007"",
							""DOMAIN_ID"" : ""Condition"",
							""VOCABULARY_ID"" : ""SNOMED"",
							""CONCEPT_CLASS_ID"" : ""Disorder""
						},
						""isExcluded"" : false,
						""includeDescendants"" : true,
						""includeMapped"" : false
					},
					{
						""concept"" : {
							""CONCEPT_ID"" : 37164806,
							""CONCEPT_NAME"" : ""Idiopathic ductopenia"",
							""STANDARD_CONCEPT"" : ""S"",
							""STANDARD_CONCEPT_CAPTION"" : ""Standard"",
							""INVALID_REASON"" : ""V"",
							""INVALID_REASON_CAPTION"" : ""Valid"",
							""CONCEPT_CODE"" : ""1234822009"",
							""DOMAIN_ID"" : ""Condition"",
							""VOCABULARY_ID"" : ""SNOMED"",
							""CONCEPT_CLASS_ID"" : ""Disorder""
						},
						""isExcluded"" : false,
						""includeDescendants"" : true,
						""includeMapped"" : false
					},
					{
						""concept"" : {
							""CONCEPT_ID"" : 4268006,
							""CONCEPT_NAME"" : ""Indian childhood cirrhosis"",
							""STANDARD_CONCEPT"" : ""S"",
							""STANDARD_CONCEPT_CAPTION"" : ""Standard"",
							""INVALID_REASON"" : ""V"",
							""INVALID_REASON_CAPTION"" : ""Valid"",
							""CONCEPT_CODE"" : ""6183001"",
							""DOMAIN_ID"" : ""Condition"",
							""VOCABULARY_ID"" : ""SNOMED"",
							""CONCEPT_CLASS_ID"" : ""Disorder""
						},
						""isExcluded"" : false,
						""includeDescendants"" : true,
						""includeMapped"" : false
					},
					{
						""concept"" : {
							""CONCEPT_ID"" : 4340393,
							""CONCEPT_NAME"" : ""Infectious cirrhosis"",
							""STANDARD_CONCEPT"" : ""S"",
							""STANDARD_CONCEPT_CAPTION"" : ""Standard"",
							""INVALID_REASON"" : ""V"",
							""INVALID_REASON_CAPTION"" : ""Valid"",
							""CONCEPT_CODE"" : ""235896001"",
							""DOMAIN_ID"" : ""Condition"",
							""VOCABULARY_ID"" : ""SNOMED"",
							""CONCEPT_CLASS_ID"" : ""Disorder""
						},
						""isExcluded"" : false,
						""includeDescendants"" : true,
						""includeMapped"" : false
					},
					{
						""concept"" : {
							""CONCEPT_ID"" : 4144116,
							""CONCEPT_NAME"" : ""Juvenile portal cirrhosis"",
							""STANDARD_CONCEPT"" : ""S"",
							""STANDARD_CONCEPT_CAPTION"" : ""Standard"",
							""INVALID_REASON"" : ""V"",
							""INVALID_REASON_CAPTION"" : ""Valid"",
							""CONCEPT_CODE"" : ""266471006"",
							""DOMAIN_ID"" : ""Condition"",
							""VOCABULARY_ID"" : ""SNOMED"",
							""CONCEPT_CLASS_ID"" : ""Disorder""
						},
						""isExcluded"" : false,
						""includeDescendants"" : true,
						""includeMapped"" : false
					},
					{
						""concept"" : {
							""CONCEPT_ID"" : 4340392,
							""CONCEPT_NAME"" : ""Laennec's cirrhosis, non-alcoholic"",
							""STANDARD_CONCEPT"" : ""S"",
							""STANDARD_CONCEPT_CAPTION"" : ""Standard"",
							""INVALID_REASON"" : ""V"",
							""INVALID_REASON_CAPTION"" : ""Valid"",
							""CONCEPT_CODE"" : ""235895002"",
							""DOMAIN_ID"" : ""Condition"",
							""VOCABULARY_ID"" : ""SNOMED"",
							""CONCEPT_CLASS_ID"" : ""Disorder""
						},
						""isExcluded"" : false,
						""includeDescendants"" : true,
						""includeMapped"" : false
					},
					{
						""concept"" : {
							""CONCEPT_ID"" : 4049419,
							""CONCEPT_NAME"" : ""Latent cirrhosis"",
							""STANDARD_CONCEPT"" : ""S"",
							""STANDARD_CONCEPT_CAPTION"" : ""Standard"",
							""INVALID_REASON"" : ""V"",
							""INVALID_REASON_CAPTION"" : ""Valid"",
							""CONCEPT_CODE"" : ""123716002"",
							""DOMAIN_ID"" : ""Condition"",
							""VOCABULARY_ID"" : ""SNOMED"",
							""CONCEPT_CLASS_ID"" : ""Disorder""
						},
						""isExcluded"" : false,
						""includeDescendants"" : true,
						""includeMapped"" : false
					},
					{
						""concept"" : {
							""CONCEPT_ID"" : 605193,
							""CONCEPT_NAME"" : ""Liver cirrhosis due to classical cystic fibrosis"",
							""STANDARD_CONCEPT"" : ""S"",
							""STANDARD_CONCEPT_CAPTION"" : ""Standard"",
							""INVALID_REASON"" : ""V"",
							""INVALID_REASON_CAPTION"" : ""Valid"",
							""CONCEPT_CODE"" : ""1010616001"",
							""DOMAIN_ID"" : ""Condition"",
							""VOCABULARY_ID"" : ""SNOMED"",
							""CONCEPT_CLASS_ID"" : ""Disorder""
						},
						""isExcluded"" : false,
						""includeDescendants"" : true,
						""includeMapped"" : false
					},
					{
						""concept"" : {
							""CONCEPT_ID"" : 3185452,
							""CONCEPT_NAME"" : ""Liver cirrhosis secondary to nonalcoholic steatohepatitis"",
							""STANDARD_CONCEPT"" : ""S"",
							""STANDARD_CONCEPT_CAPTION"" : ""Standard"",
							""INVALID_REASON"" : ""V"",
							""INVALID_REASON_CAPTION"" : ""Valid"",
							""CONCEPT_CODE"" : ""28500001000004103"",
							""DOMAIN_ID"" : ""Condition"",
							""VOCABULARY_ID"" : ""Nebraska Lexicon"",
							""CONCEPT_CLASS_ID"" : ""Clinical Finding""
						},
						""isExcluded"" : false,
						""includeDescendants"" : true,
						""includeMapped"" : false
					},
					{
						""concept"" : {
							""CONCEPT_ID"" : 4184779,
							""CONCEPT_NAME"" : ""Macronodular cirrhosis"",
							""STANDARD_CONCEPT"" : ""S"",
							""STANDARD_CONCEPT_CAPTION"" : ""Standard"",
							""INVALID_REASON"" : ""V"",
							""INVALID_REASON_CAPTION"" : ""Valid"",
							""CONCEPT_CODE"" : ""43904005"",
							""DOMAIN_ID"" : ""Condition"",
							""VOCABULARY_ID"" : ""SNOMED"",
							""CONCEPT_CLASS_ID"" : ""Disorder""
						},
						""isExcluded"" : false,
						""includeDescendants"" : true,
						""includeMapped"" : false
					},
					{
						""concept"" : {
							""CONCEPT_ID"" : 4071022,
							""CONCEPT_NAME"" : ""Micronodular cirrhosis"",
							""STANDARD_CONCEPT"" : ""S"",
							""STANDARD_CONCEPT_CAPTION"" : ""Standard"",
							""INVALID_REASON"" : ""V"",
							""INVALID_REASON_CAPTION"" : ""Valid"",
							""CONCEPT_CODE"" : ""21861000"",
							""DOMAIN_ID"" : ""Condition"",
							""VOCABULARY_ID"" : ""SNOMED"",
							""CONCEPT_CLASS_ID"" : ""Disorder""
						},
						""isExcluded"" : false,
						""includeDescendants"" : true,
						""includeMapped"" : false
					},
					{
						""concept"" : {
							""CONCEPT_ID"" : 4050640,
							""CONCEPT_NAME"" : ""Mixed micro and macronodular cirrhosis"",
							""STANDARD_CONCEPT"" : ""S"",
							""STANDARD_CONCEPT_CAPTION"" : ""Standard"",
							""INVALID_REASON"" : ""V"",
							""INVALID_REASON_CAPTION"" : ""Valid"",
							""CONCEPT_CODE"" : ""15999000"",
							""DOMAIN_ID"" : ""Condition"",
							""VOCABULARY_ID"" : ""SNOMED"",
							""CONCEPT_CLASS_ID"" : ""Disorder""
						},
						""isExcluded"" : false,
						""includeDescendants"" : true,
						""includeMapped"" : false
					},
					{
						""concept"" : {
							""CONCEPT_ID"" : 4148254,
							""CONCEPT_NAME"" : ""Multilobular portal cirrhosis"",
							""STANDARD_CONCEPT"" : ""S"",
							""STANDARD_CONCEPT_CAPTION"" : ""Standard"",
							""INVALID_REASON"" : ""V"",
							""INVALID_REASON_CAPTION"" : ""Valid"",
							""CONCEPT_CODE"" : ""266469006"",
							""DOMAIN_ID"" : ""Condition"",
							""VOCABULARY_ID"" : ""SNOMED"",
							""CONCEPT_CLASS_ID"" : ""Disorder""
						},
						""isExcluded"" : false,
						""includeDescendants"" : true,
						""includeMapped"" : false
					},
					{
						""concept"" : {
							""CONCEPT_ID"" : 44783142,
							""CONCEPT_NAME"" : ""North American Indian childhood cirrhosis"",
							""STANDARD_CONCEPT"" : ""S"",
							""STANDARD_CONCEPT_CAPTION"" : ""Standard"",
							""INVALID_REASON"" : ""V"",
							""INVALID_REASON_CAPTION"" : ""Valid"",
							""CONCEPT_CODE"" : ""699189004"",
							""DOMAIN_ID"" : ""Condition"",
							""VOCABULARY_ID"" : ""SNOMED"",
							""CONCEPT_CLASS_ID"" : ""Disorder""
						},
						""isExcluded"" : false,
						""includeDescendants"" : true,
						""includeMapped"" : false
					},
					{
						""concept"" : {
							""CONCEPT_ID"" : 4048057,
							""CONCEPT_NAME"" : ""Nutritional cirrhosis"",
							""STANDARD_CONCEPT"" : ""S"",
							""STANDARD_CONCEPT_CAPTION"" : ""Standard"",
							""INVALID_REASON"" : ""V"",
							""INVALID_REASON_CAPTION"" : ""Valid"",
							""CONCEPT_CODE"" : ""123605001"",
							""DOMAIN_ID"" : ""Condition"",
							""VOCABULARY_ID"" : ""SNOMED"",
							""CONCEPT_CLASS_ID"" : ""Disorder""
						},
						""isExcluded"" : false,
						""includeDescendants"" : true,
						""includeMapped"" : false
					},
					{
						""concept"" : {
							""CONCEPT_ID"" : 4003673,
							""CONCEPT_NAME"" : ""Obstructive biliary cirrhosis"",
							""STANDARD_CONCEPT"" : ""S"",
							""STANDARD_CONCEPT_CAPTION"" : ""Standard"",
							""INVALID_REASON"" : ""V"",
							""INVALID_REASON_CAPTION"" : ""Valid"",
							""CONCEPT_CODE"" : ""109819003"",
							""DOMAIN_ID"" : ""Condition"",
							""VOCABULARY_ID"" : ""SNOMED"",
							""CONCEPT_CLASS_ID"" : ""Disorder""
						},
						""isExcluded"" : false,
						""includeDescendants"" : true,
						""includeMapped"" : false
					},
					{
						""concept"" : {
							""CONCEPT_ID"" : 37017654,
							""CONCEPT_NAME"" : ""Occult chronic type B viral hepatitis"",
							""STANDARD_CONCEPT"" : ""S"",
							""STANDARD_CONCEPT_CAPTION"" : ""Standard"",
							""INVALID_REASON"" : ""V"",
							""INVALID_REASON_CAPTION"" : ""Valid"",
							""CONCEPT_CODE"" : ""713966008"",
							""DOMAIN_ID"" : ""Condition"",
							""VOCABULARY_ID"" : ""SNOMED"",
							""CONCEPT_CLASS_ID"" : ""Disorder""
						},
						""isExcluded"" : false,
						""includeDescendants"" : true,
						""includeMapped"" : false
					},
					{
						""concept"" : {
							""CONCEPT_ID"" : 4140536,
							""CONCEPT_NAME"" : ""Parasitic cirrhosis"",
							""STANDARD_CONCEPT"" : ""S"",
							""STANDARD_CONCEPT_CAPTION"" : ""Standard"",
							""INVALID_REASON"" : ""V"",
							""INVALID_REASON_CAPTION"" : ""Valid"",
							""CONCEPT_CODE"" : ""33144001"",
							""DOMAIN_ID"" : ""Condition"",
							""VOCABULARY_ID"" : ""SNOMED"",
							""CONCEPT_CLASS_ID"" : ""Disorder""
						},
						""isExcluded"" : false,
						""includeDescendants"" : true,
						""includeMapped"" : false
					},
					{
						""concept"" : {
							""CONCEPT_ID"" : 4059285,
							""CONCEPT_NAME"" : ""Pigmentary portal cirrhosis"",
							""STANDARD_CONCEPT"" : ""S"",
							""STANDARD_CONCEPT_CAPTION"" : ""Standard"",
							""INVALID_REASON"" : ""V"",
							""INVALID_REASON_CAPTION"" : ""Valid"",
							""CONCEPT_CODE"" : ""197299004"",
							""DOMAIN_ID"" : ""Condition"",
							""VOCABULARY_ID"" : ""SNOMED"",
							""CONCEPT_CLASS_ID"" : ""Disorder""
						},
						""isExcluded"" : false,
						""includeDescendants"" : true,
						""includeMapped"" : false
					},
					{
						""concept"" : {
							""CONCEPT_ID"" : 4300060,
							""CONCEPT_NAME"" : ""Pigment cirrhosis"",
							""STANDARD_CONCEPT"" : ""S"",
							""STANDARD_CONCEPT_CAPTION"" : ""Standard"",
							""INVALID_REASON"" : ""V"",
							""INVALID_REASON_CAPTION"" : ""Valid"",
							""CONCEPT_CODE"" : ""78208005"",
							""DOMAIN_ID"" : ""Condition"",
							""VOCABULARY_ID"" : ""SNOMED"",
							""CONCEPT_CLASS_ID"" : ""Disorder""
						},
						""isExcluded"" : false,
						""includeDescendants"" : true,
						""includeMapped"" : false
					},
					{
						""concept"" : {
							""CONCEPT_ID"" : 4304584,
							""CONCEPT_NAME"" : ""Portal cirrhosis"",
							""STANDARD_CONCEPT"" : ""S"",
							""STANDARD_CONCEPT_CAPTION"" : ""Standard"",
							""INVALID_REASON"" : ""V"",
							""INVALID_REASON_CAPTION"" : ""Valid"",
							""CONCEPT_CODE"" : ""419728003"",
							""DOMAIN_ID"" : ""Condition"",
							""VOCABULARY_ID"" : ""SNOMED"",
							""CONCEPT_CLASS_ID"" : ""Disorder""
						},
						""isExcluded"" : false,
						""includeDescendants"" : true,
						""includeMapped"" : false
					},
					{
						""concept"" : {
							""CONCEPT_ID"" : 4098583,
							""CONCEPT_NAME"" : ""Posthepatitic cirrhosis"",
							""STANDARD_CONCEPT"" : ""S"",
							""STANDARD_CONCEPT_CAPTION"" : ""Standard"",
							""INVALID_REASON"" : ""V"",
							""INVALID_REASON_CAPTION"" : ""Valid"",
							""CONCEPT_CODE"" : ""27156006"",
							""DOMAIN_ID"" : ""Condition"",
							""VOCABULARY_ID"" : ""SNOMED"",
							""CONCEPT_CLASS_ID"" : ""Disorder""
						},
						""isExcluded"" : false,
						""includeDescendants"" : true,
						""includeMapped"" : false
					},
					{
						""concept"" : {
							""CONCEPT_ID"" : 4313567,
							""CONCEPT_NAME"" : ""Postnecrotic cirrhosis"",
							""STANDARD_CONCEPT"" : ""S"",
							""STANDARD_CONCEPT_CAPTION"" : ""Standard"",
							""INVALID_REASON"" : ""V"",
							""INVALID_REASON_CAPTION"" : ""Valid"",
							""CONCEPT_CODE"" : ""86454000"",
							""DOMAIN_ID"" : ""Condition"",
							""VOCABULARY_ID"" : ""SNOMED"",
							""CONCEPT_CLASS_ID"" : ""Disorder""
						},
						""isExcluded"" : false,
						""includeDescendants"" : true,
						""includeMapped"" : false
					},
					{
						""concept"" : {
							""CONCEPT_ID"" : 3183806,
							""CONCEPT_NAME"" : ""Postviral gastroparesis"",
							""STANDARD_CONCEPT"" : ""S"",
							""STANDARD_CONCEPT_CAPTION"" : ""Standard"",
							""INVALID_REASON"" : ""V"",
							""INVALID_REASON_CAPTION"" : ""Valid"",
							""CONCEPT_CODE"" : ""22690001000004102"",
							""DOMAIN_ID"" : ""Condition"",
							""VOCABULARY_ID"" : ""Nebraska Lexicon"",
							""CONCEPT_CLASS_ID"" : ""Clinical Finding""
						},
						""isExcluded"" : false,
						""includeDescendants"" : true,
						""includeMapped"" : false
					},
					{
						""concept"" : {
							""CONCEPT_ID"" : 4135822,
							""CONCEPT_NAME"" : ""Primary biliary cholangitis"",
							""STANDARD_CONCEPT"" : ""S"",
							""STANDARD_CONCEPT_CAPTION"" : ""Standard"",
							""INVALID_REASON"" : ""V"",
							""INVALID_REASON_CAPTION"" : ""Valid"",
							""CONCEPT_CODE"" : ""31712002"",
							""DOMAIN_ID"" : ""Condition"",
							""VOCABULARY_ID"" : ""SNOMED"",
							""CONCEPT_CLASS_ID"" : ""Disorder""
						},
						""isExcluded"" : false,
						""includeDescendants"" : true,
						""includeMapped"" : false
					},
					{
						""concept"" : {
							""CONCEPT_ID"" : 607683,
							""CONCEPT_NAME"" : ""Progressive familial intrahepatic cholestasis type 1"",
							""STANDARD_CONCEPT"" : ""S"",
							""STANDARD_CONCEPT_CAPTION"" : ""Standard"",
							""INVALID_REASON"" : ""V"",
							""INVALID_REASON_CAPTION"" : ""Valid"",
							""CONCEPT_CODE"" : ""1155913007"",
							""DOMAIN_ID"" : ""Condition"",
							""VOCABULARY_ID"" : ""SNOMED"",
							""CONCEPT_CLASS_ID"" : ""Disorder""
						},
						""isExcluded"" : false,
						""includeDescendants"" : true,
						""includeMapped"" : false
					},
					{
						""concept"" : {
							""CONCEPT_ID"" : 607718,
							""CONCEPT_NAME"" : ""Progressive familial intrahepatic cholestasis type 2"",
							""STANDARD_CONCEPT"" : ""S"",
							""STANDARD_CONCEPT_CAPTION"" : ""Standard"",
							""INVALID_REASON"" : ""V"",
							""INVALID_REASON_CAPTION"" : ""Valid"",
							""CONCEPT_CODE"" : ""1155841005"",
							""DOMAIN_ID"" : ""Condition"",
							""VOCABULARY_ID"" : ""SNOMED"",
							""CONCEPT_CLASS_ID"" : ""Disorder""
						},
						""isExcluded"" : false,
						""includeDescendants"" : true,
						""includeMapped"" : false
					},
					{
						""concept"" : {
							""CONCEPT_ID"" : 37162165,
							""CONCEPT_NAME"" : ""Progressive familial intrahepatic cholestasis type 3"",
							""STANDARD_CONCEPT"" : ""S"",
							""STANDARD_CONCEPT_CAPTION"" : ""Standard"",
							""INVALID_REASON"" : ""V"",
							""INVALID_REASON_CAPTION"" : ""Valid"",
							""CONCEPT_CODE"" : ""1186865008"",
							""DOMAIN_ID"" : ""Condition"",
							""VOCABULARY_ID"" : ""SNOMED"",
							""CONCEPT_CLASS_ID"" : ""Disorder""
						},
						""isExcluded"" : false,
						""includeDescendants"" : true,
						""includeMapped"" : false
					},
					{
						""concept"" : {
							""CONCEPT_ID"" : 4253211,
							""CONCEPT_NAME"" : ""Progressive intrahepatic cholestasis"",
							""STANDARD_CONCEPT"" : ""S"",
							""STANDARD_CONCEPT_CAPTION"" : ""Standard"",
							""INVALID_REASON"" : ""V"",
							""INVALID_REASON_CAPTION"" : ""Valid"",
							""CONCEPT_CODE"" : ""74162007"",
							""DOMAIN_ID"" : ""Condition"",
							""VOCABULARY_ID"" : ""SNOMED"",
							""CONCEPT_CLASS_ID"" : ""Disorder""
						},
						""isExcluded"" : false,
						""includeDescendants"" : true,
						""includeMapped"" : false
					},
					{
						""concept"" : {
							""CONCEPT_ID"" : 37109889,
							""CONCEPT_NAME"" : ""Pulmonary fibrosis, hepatic hyperplasia, bone marrow hypoplasia syndrome"",
							""STANDARD_CONCEPT"" : ""S"",
							""STANDARD_CONCEPT_CAPTION"" : ""Standard"",
							""INVALID_REASON"" : ""V"",
							""INVALID_REASON_CAPTION"" : ""Valid"",
							""CONCEPT_CODE"" : ""723829000"",
							""DOMAIN_ID"" : ""Condition"",
							""VOCABULARY_ID"" : ""SNOMED"",
							""CONCEPT_CLASS_ID"" : ""Disorder""
						},
						""isExcluded"" : false,
						""includeDescendants"" : true,
						""includeMapped"" : false
					},
					{
						""concept"" : {
							""CONCEPT_ID"" : 4183882,
							""CONCEPT_NAME"" : ""Relapsing type A viral hepatitis"",
							""STANDARD_CONCEPT"" : ""S"",
							""STANDARD_CONCEPT_CAPTION"" : ""Standard"",
							""INVALID_REASON"" : ""V"",
							""INVALID_REASON_CAPTION"" : ""Valid"",
							""CONCEPT_CODE"" : ""43634002"",
							""DOMAIN_ID"" : ""Condition"",
							""VOCABULARY_ID"" : ""SNOMED"",
							""CONCEPT_CLASS_ID"" : ""Disorder""
						},
						""isExcluded"" : false,
						""includeDescendants"" : true,
						""includeMapped"" : false
					},
					{
						""concept"" : {
							""CONCEPT_ID"" : 4238508,
							""CONCEPT_NAME"" : ""Relapsing viral hepatitis"",
							""STANDARD_CONCEPT"" : ""S"",
							""STANDARD_CONCEPT_CAPTION"" : ""Standard"",
							""INVALID_REASON"" : ""V"",
							""INVALID_REASON_CAPTION"" : ""Valid"",
							""CONCEPT_CODE"" : ""58282009"",
							""DOMAIN_ID"" : ""Condition"",
							""VOCABULARY_ID"" : ""SNOMED"",
							""CONCEPT_CLASS_ID"" : ""Disorder""
						},
						""isExcluded"" : false,
						""includeDescendants"" : true,
						""includeMapped"" : false
					},
					{
						""concept"" : {
							""CONCEPT_ID"" : 37399445,
							""CONCEPT_NAME"" : ""Reynolds syndrome"",
							""STANDARD_CONCEPT"" : ""S"",
							""STANDARD_CONCEPT_CAPTION"" : ""Standard"",
							""INVALID_REASON"" : ""V"",
							""INVALID_REASON_CAPTION"" : ""Valid"",
							""CONCEPT_CODE"" : ""715401008"",
							""DOMAIN_ID"" : ""Condition"",
							""VOCABULARY_ID"" : ""SNOMED"",
							""CONCEPT_CLASS_ID"" : ""Disorder""
						},
						""isExcluded"" : false,
						""includeDescendants"" : true,
						""includeMapped"" : false
					},
					{
						""concept"" : {
							""CONCEPT_ID"" : 4046123,
							""CONCEPT_NAME"" : ""Secondary biliary cirrhosis"",
							""STANDARD_CONCEPT"" : ""S"",
							""STANDARD_CONCEPT_CAPTION"" : ""Standard"",
							""INVALID_REASON"" : ""V"",
							""INVALID_REASON_CAPTION"" : ""Valid"",
							""CONCEPT_CODE"" : ""12368000"",
							""DOMAIN_ID"" : ""Condition"",
							""VOCABULARY_ID"" : ""SNOMED"",
							""CONCEPT_CLASS_ID"" : ""Disorder""
						},
						""isExcluded"" : false,
						""includeDescendants"" : true,
						""includeMapped"" : false
					},
					{
						""concept"" : {
							""CONCEPT_ID"" : 4053079,
							""CONCEPT_NAME"" : ""Syphilitic cirrhosis"",
							""STANDARD_CONCEPT"" : ""S"",
							""STANDARD_CONCEPT_CAPTION"" : ""Standard"",
							""INVALID_REASON"" : ""V"",
							""INVALID_REASON_CAPTION"" : ""Valid"",
							""CONCEPT_CODE"" : ""16070004"",
							""DOMAIN_ID"" : ""Condition"",
							""VOCABULARY_ID"" : ""SNOMED"",
							""CONCEPT_CLASS_ID"" : ""Disorder""
						},
						""isExcluded"" : false,
						""includeDescendants"" : true,
						""includeMapped"" : false
					},
					{
						""concept"" : {
							""CONCEPT_ID"" : 4058682,
							""CONCEPT_NAME"" : ""Syphilitic portal cirrhosis"",
							""STANDARD_CONCEPT"" : ""S"",
							""STANDARD_CONCEPT_CAPTION"" : ""Standard"",
							""INVALID_REASON"" : ""V"",
							""INVALID_REASON_CAPTION"" : ""Valid"",
							""CONCEPT_CODE"" : ""197305002"",
							""DOMAIN_ID"" : ""Condition"",
							""VOCABULARY_ID"" : ""SNOMED"",
							""CONCEPT_CLASS_ID"" : ""Disorder""
						},
						""isExcluded"" : false,
						""includeDescendants"" : true,
						""includeMapped"" : false
					},
					{
						""concept"" : {
							""CONCEPT_ID"" : 4046016,
							""CONCEPT_NAME"" : ""Toxic cirrhosis"",
							""STANDARD_CONCEPT"" : ""S"",
							""STANDARD_CONCEPT_CAPTION"" : ""Standard"",
							""INVALID_REASON"" : ""V"",
							""INVALID_REASON_CAPTION"" : ""Valid"",
							""CONCEPT_CODE"" : ""123604002"",
							""DOMAIN_ID"" : ""Condition"",
							""VOCABULARY_ID"" : ""SNOMED"",
							""CONCEPT_CLASS_ID"" : ""Disorder""
						},
						""isExcluded"" : false,
						""includeDescendants"" : true,
						""includeMapped"" : false
					},
					{
						""concept"" : {
							""CONCEPT_ID"" : 4059287,
							""CONCEPT_NAME"" : ""Toxic portal cirrhosis"",
							""STANDARD_CONCEPT"" : ""S"",
							""STANDARD_CONCEPT_CAPTION"" : ""Standard"",
							""INVALID_REASON"" : ""V"",
							""INVALID_REASON_CAPTION"" : ""Valid"",
							""CONCEPT_CODE"" : ""197301006"",
							""DOMAIN_ID"" : ""Condition"",
							""VOCABULARY_ID"" : ""SNOMED"",
							""CONCEPT_CLASS_ID"" : ""Disorder""
						},
						""isExcluded"" : false,
						""includeDescendants"" : true,
						""includeMapped"" : false
					},
					{
						""concept"" : {
							""CONCEPT_ID"" : 4055209,
							""CONCEPT_NAME"" : ""Unilobular portal cirrhosis"",
							""STANDARD_CONCEPT"" : ""S"",
							""STANDARD_CONCEPT_CAPTION"" : ""Standard"",
							""INVALID_REASON"" : ""V"",
							""INVALID_REASON_CAPTION"" : ""Valid"",
							""CONCEPT_CODE"" : ""197291001"",
							""DOMAIN_ID"" : ""Condition"",
							""VOCABULARY_ID"" : ""SNOMED"",
							""CONCEPT_CLASS_ID"" : ""Disorder""
						},
						""isExcluded"" : false,
						""includeDescendants"" : true,
						""includeMapped"" : false
					}
				]
			}
		},
		{
			""id"" : 1,
			""name"" : ""[GDE2025 OP] Chronic liver disease"",
			""expression"" : {
				""items"" : [
					{
						""concept"" : {
							""CONCEPT_ID"" : 4245975,
							""CONCEPT_NAME"" : ""Hepatic failure"",
							""STANDARD_CONCEPT"" : ""S"",
							""STANDARD_CONCEPT_CAPTION"" : ""Standard"",
							""INVALID_REASON"" : ""V"",
							""INVALID_REASON_CAPTION"" : ""Valid"",
							""CONCEPT_CODE"" : ""59927004"",
							""DOMAIN_ID"" : ""Condition"",
							""VOCABULARY_ID"" : ""SNOMED"",
							""CONCEPT_CLASS_ID"" : ""Disorder""
						},
						""isExcluded"" : false,
						""includeDescendants"" : true,
						""includeMapped"" : false
					},
					{
						""concept"" : {
							""CONCEPT_ID"" : 4340391,
							""CONCEPT_NAME"" : ""Autoimmune liver disease"",
							""STANDARD_CONCEPT"" : ""S"",
							""STANDARD_CONCEPT_CAPTION"" : ""Standard"",
							""INVALID_REASON"" : ""V"",
							""INVALID_REASON_CAPTION"" : ""Valid"",
							""CONCEPT_CODE"" : ""235890007"",
							""DOMAIN_ID"" : ""Condition"",
							""VOCABULARY_ID"" : ""SNOMED"",
							""CONCEPT_CLASS_ID"" : ""Disorder""
						},
						""isExcluded"" : false,
						""includeDescendants"" : true,
						""includeMapped"" : false
					},
					{
						""concept"" : {
							""CONCEPT_ID"" : 4267417,
							""CONCEPT_NAME"" : ""Hepatic fibrosis"",
							""STANDARD_CONCEPT"" : ""S"",
							""STANDARD_CONCEPT_CAPTION"" : ""Standard"",
							""INVALID_REASON"" : ""V"",
							""INVALID_REASON_CAPTION"" : ""Valid"",
							""CONCEPT_CODE"" : ""62484002"",
							""DOMAIN_ID"" : ""Condition"",
							""VOCABULARY_ID"" : ""SNOMED"",
							""CONCEPT_CLASS_ID"" : ""Disorder""
						},
						""isExcluded"" : false,
						""includeDescendants"" : true,
						""includeMapped"" : false
					},
					{
						""concept"" : {
							""CONCEPT_ID"" : 4212540,
							""CONCEPT_NAME"" : ""Chronic liver disease"",
							""STANDARD_CONCEPT"" : ""S"",
							""STANDARD_CONCEPT_CAPTION"" : ""Standard"",
							""INVALID_REASON"" : ""V"",
							""INVALID_REASON_CAPTION"" : ""Valid"",
							""CONCEPT_CODE"" : ""328383001"",
							""DOMAIN_ID"" : ""Condition"",
							""VOCABULARY_ID"" : ""SNOMED"",
							""CONCEPT_CLASS_ID"" : ""Disorder""
						},
						""isExcluded"" : false,
						""includeDescendants"" : true,
						""includeMapped"" : false
					}
				]
			}
		},
		{
			""id"" : 2,
			""name"" : ""[EUA Criteria] Chronic Liver Disease"",
			""expression"" : {
				""items"" : [
					{
						""concept"" : {
							""CONCEPT_ID"" : 35208352,
							""CONCEPT_NAME"" : ""Abscess of liver"",
							""STANDARD_CONCEPT"" : ""N"",
							""STANDARD_CONCEPT_CAPTION"" : ""Non-Standard"",
							""INVALID_REASON"" : ""V"",
							""INVALID_REASON_CAPTION"" : ""Valid"",
							""CONCEPT_CODE"" : ""K75.0"",
							""DOMAIN_ID"" : ""Condition"",
							""VOCABULARY_ID"" : ""ICD10CM"",
							""CONCEPT_CLASS_ID"" : ""4-char billing code""
						},
						""isExcluded"" : false,
						""includeDescendants"" : false,
						""includeMapped"" : false
					},
					{
						""concept"" : {
							""CONCEPT_ID"" : 45543338,
							""CONCEPT_NAME"" : ""Acute and subacute hepatic failure with coma"",
							""STANDARD_CONCEPT"" : ""N"",
							""STANDARD_CONCEPT_CAPTION"" : ""Non-Standard"",
							""INVALID_REASON"" : ""V"",
							""INVALID_REASON_CAPTION"" : ""Valid"",
							""CONCEPT_CODE"" : ""K72.01"",
							""DOMAIN_ID"" : ""Condition"",
							""VOCABULARY_ID"" : ""ICD10CM"",
							""CONCEPT_CLASS_ID"" : ""5-char billing code""
						},
						""isExcluded"" : false,
						""includeDescendants"" : false,
						""includeMapped"" : false
					},
					{
						""concept"" : {
							""CONCEPT_ID"" : 45567324,
							""CONCEPT_NAME"" : ""Acute and subacute hepatic failure without coma"",
							""STANDARD_CONCEPT"" : ""N"",
							""STANDARD_CONCEPT_CAPTION"" : ""Non-Standard"",
							""INVALID_REASON"" : ""V"",
							""INVALID_REASON_CAPTION"" : ""Valid"",
							""CONCEPT_CODE"" : ""K72.00"",
							""DOMAIN_ID"" : ""Condition"",
							""VOCABULARY_ID"" : ""ICD10CM"",
							""CONCEPT_CLASS_ID"" : ""5-char billing code""
						},
						""isExcluded"" : false,
						""includeDescendants"" : false,
						""includeMapped"" : false
					},
					{
						""concept"" : {
							""CONCEPT_ID"" : 45538545,
							""CONCEPT_NAME"" : ""Alcoholic cirrhosis of liver with ascites"",
							""STANDARD_CONCEPT"" : ""N"",
							""STANDARD_CONCEPT_CAPTION"" : ""Non-Standard"",
							""INVALID_REASON"" : ""V"",
							""INVALID_REASON_CAPTION"" : ""Valid"",
							""CONCEPT_CODE"" : ""K70.31"",
							""DOMAIN_ID"" : ""Condition"",
							""VOCABULARY_ID"" : ""ICD10CM"",
							""CONCEPT_CLASS_ID"" : ""5-char billing code""
						},
						""isExcluded"" : false,
						""includeDescendants"" : false,
						""includeMapped"" : false
					},
					{
						""concept"" : {
							""CONCEPT_ID"" : 45605952,
							""CONCEPT_NAME"" : ""Alcoholic cirrhosis of liver without ascites"",
							""STANDARD_CONCEPT"" : ""N"",
							""STANDARD_CONCEPT_CAPTION"" : ""Non-Standard"",
							""INVALID_REASON"" : ""V"",
							""INVALID_REASON_CAPTION"" : ""Valid"",
							""CONCEPT_CODE"" : ""K70.30"",
							""DOMAIN_ID"" : ""Condition"",
							""VOCABULARY_ID"" : ""ICD10CM"",
							""CONCEPT_CLASS_ID"" : ""5-char billing code""
						},
						""isExcluded"" : false,
						""includeDescendants"" : false,
						""includeMapped"" : false
					},
					{
						""concept"" : {
							""CONCEPT_ID"" : 35208330,
							""CONCEPT_NAME"" : ""Alcoholic fatty liver"",
							""STANDARD_CONCEPT"" : ""N"",
							""STANDARD_CONCEPT_CAPTION"" : ""Non-Standard"",
							""INVALID_REASON"" : ""V"",
							""INVALID_REASON_CAPTION"" : ""Valid"",
							""CONCEPT_CODE"" : ""K70.0"",
							""DOMAIN_ID"" : ""Condition"",
							""VOCABULARY_ID"" : ""ICD10CM"",
							""CONCEPT_CLASS_ID"" : ""4-char billing code""
						},
						""isExcluded"" : false,
						""includeDescendants"" : false,
						""includeMapped"" : false
					},
					{
						""concept"" : {
							""CONCEPT_ID"" : 35208331,
							""CONCEPT_NAME"" : ""Alcoholic fibrosis and sclerosis of liver"",
							""STANDARD_CONCEPT"" : ""N"",
							""STANDARD_CONCEPT_CAPTION"" : ""Non-Standard"",
							""INVALID_REASON"" : ""V"",
							""INVALID_REASON_CAPTION"" : ""Valid"",
							""CONCEPT_CODE"" : ""K70.2"",
							""DOMAIN_ID"" : ""Condition"",
							""VOCABULARY_ID"" : ""ICD10CM"",
							""CONCEPT_CLASS_ID"" : ""4-char billing code""
						},
						""isExcluded"" : false,
						""includeDescendants"" : false,
						""includeMapped"" : false
					},
					{
						""concept"" : {
							""CONCEPT_ID"" : 45552947,
							""CONCEPT_NAME"" : ""Alcoholic hepatic failure with coma"",
							""STANDARD_CONCEPT"" : ""N"",
							""STANDARD_CONCEPT_CAPTION"" : ""Non-Standard"",
							""INVALID_REASON"" : ""V"",
							""INVALID_REASON_CAPTION"" : ""Valid"",
							""CONCEPT_CODE"" : ""K70.41"",
							""DOMAIN_ID"" : ""Condition"",
							""VOCABULARY_ID"" : ""ICD10CM"",
							""CONCEPT_CLASS_ID"" : ""5-char billing code""
						},
						""isExcluded"" : false,
						""includeDescendants"" : false,
						""includeMapped"" : false
					},
					{
						""concept"" : {
							""CONCEPT_ID"" : 45586730,
							""CONCEPT_NAME"" : ""Alcoholic hepatic failure without coma"",
							""STANDARD_CONCEPT"" : ""N"",
							""STANDARD_CONCEPT_CAPTION"" : ""Non-Standard"",
							""INVALID_REASON"" : ""V"",
							""INVALID_REASON_CAPTION"" : ""Valid"",
							""CONCEPT_CODE"" : ""K70.40"",
							""DOMAIN_ID"" : ""Condition"",
							""VOCABULARY_ID"" : ""ICD10CM"",
							""CONCEPT_CLASS_ID"" : ""5-char billing code""
						},
						""isExcluded"" : false,
						""includeDescendants"" : false,
						""includeMapped"" : false
					},
					{
						""concept"" : {
							""CONCEPT_ID"" : 45552946,
							""CONCEPT_NAME"" : ""Alcoholic hepatitis with ascites"",
							""STANDARD_CONCEPT"" : ""N"",
							""STANDARD_CONCEPT_CAPTION"" : ""Non-Standard"",
							""INVALID_REASON"" : ""V"",
							""INVALID_REASON_CAPTION"" : ""Valid"",
							""CONCEPT_CODE"" : ""K70.11"",
							""DOMAIN_ID"" : ""Condition"",
							""VOCABULARY_ID"" : ""ICD10CM"",
							""CONCEPT_CLASS_ID"" : ""5-char billing code""
						},
						""isExcluded"" : false,
						""includeDescendants"" : false,
						""includeMapped"" : false
					},
					{
						""concept"" : {
							""CONCEPT_ID"" : 45562507,
							""CONCEPT_NAME"" : ""Alcoholic hepatitis without ascites"",
							""STANDARD_CONCEPT"" : ""N"",
							""STANDARD_CONCEPT_CAPTION"" : ""Non-Standard"",
							""INVALID_REASON"" : ""V"",
							""INVALID_REASON_CAPTION"" : ""Valid"",
							""CONCEPT_CODE"" : ""K70.10"",
							""DOMAIN_ID"" : ""Condition"",
							""VOCABULARY_ID"" : ""ICD10CM"",
							""CONCEPT_CLASS_ID"" : ""5-char billing code""
						},
						""isExcluded"" : false,
						""includeDescendants"" : false,
						""includeMapped"" : false
					},
					{
						""concept"" : {
							""CONCEPT_ID"" : 35208332,
							""CONCEPT_NAME"" : ""Alcoholic liver disease, unspecified"",
							""STANDARD_CONCEPT"" : ""N"",
							""STANDARD_CONCEPT_CAPTION"" : ""Non-Standard"",
							""INVALID_REASON"" : ""V"",
							""INVALID_REASON_CAPTION"" : ""Valid"",
							""CONCEPT_CODE"" : ""K70.9"",
							""DOMAIN_ID"" : ""Condition"",
							""VOCABULARY_ID"" : ""ICD10CM"",
							""CONCEPT_CLASS_ID"" : ""4-char billing code""
						},
						""isExcluded"" : false,
						""includeDescendants"" : false,
						""includeMapped"" : false
					},
					{
						""concept"" : {
							""CONCEPT_ID"" : 35208356,
							""CONCEPT_NAME"" : ""Autoimmune hepatitis"",
							""STANDARD_CONCEPT"" : ""N"",
							""STANDARD_CONCEPT_CAPTION"" : ""Non-Standard"",
							""INVALID_REASON"" : ""V"",
							""INVALID_REASON_CAPTION"" : ""Valid"",
							""CONCEPT_CODE"" : ""K75.4"",
							""DOMAIN_ID"" : ""Condition"",
							""VOCABULARY_ID"" : ""ICD10CM"",
							""CONCEPT_CLASS_ID"" : ""4-char billing code""
						},
						""isExcluded"" : false,
						""includeDescendants"" : false,
						""includeMapped"" : false
					},
					{
						""concept"" : {
							""CONCEPT_ID"" : 35208351,
							""CONCEPT_NAME"" : ""Biliary cirrhosis, unspecified"",
							""STANDARD_CONCEPT"" : ""N"",
							""STANDARD_CONCEPT_CAPTION"" : ""Non-Standard"",
							""INVALID_REASON"" : ""V"",
							""INVALID_REASON_CAPTION"" : ""Valid"",
							""CONCEPT_CODE"" : ""K74.5"",
							""DOMAIN_ID"" : ""Condition"",
							""VOCABULARY_ID"" : ""ICD10CM"",
							""CONCEPT_CLASS_ID"" : ""4-char billing code""
						},
						""isExcluded"" : false,
						""includeDescendants"" : false,
						""includeMapped"" : false
					},
					{
						""concept"" : {
							""CONCEPT_ID"" : 35208361,
							""CONCEPT_NAME"" : ""Central hemorrhagic necrosis of liver"",
							""STANDARD_CONCEPT"" : ""N"",
							""STANDARD_CONCEPT_CAPTION"" : ""Non-Standard"",
							""INVALID_REASON"" : ""V"",
							""INVALID_REASON_CAPTION"" : ""Valid"",
							""CONCEPT_CODE"" : ""K76.2"",
							""DOMAIN_ID"" : ""Condition"",
							""VOCABULARY_ID"" : ""ICD10CM"",
							""CONCEPT_CLASS_ID"" : ""4-char billing code""
						},
						""isExcluded"" : false,
						""includeDescendants"" : false,
						""includeMapped"" : false
					},
					{
						""concept"" : {
							""CONCEPT_ID"" : 35208343,
							""CONCEPT_NAME"" : ""Chronic active hepatitis, not elsewhere classified"",
							""STANDARD_CONCEPT"" : ""N"",
							""STANDARD_CONCEPT_CAPTION"" : ""Non-Standard"",
							""INVALID_REASON"" : ""V"",
							""INVALID_REASON_CAPTION"" : ""Valid"",
							""CONCEPT_CODE"" : ""K73.2"",
							""DOMAIN_ID"" : ""Condition"",
							""VOCABULARY_ID"" : ""ICD10CM"",
							""CONCEPT_CLASS_ID"" : ""4-char billing code""
						},
						""isExcluded"" : false,
						""includeDescendants"" : false,
						""includeMapped"" : false
					},
					{
						""concept"" : {
							""CONCEPT_ID"" : 45576999,
							""CONCEPT_NAME"" : ""Chronic hepatic failure with coma"",
							""STANDARD_CONCEPT"" : ""N"",
							""STANDARD_CONCEPT_CAPTION"" : ""Non-Standard"",
							""INVALID_REASON"" : ""V"",
							""INVALID_REASON_CAPTION"" : ""Valid"",
							""CONCEPT_CODE"" : ""K72.11"",
							""DOMAIN_ID"" : ""Condition"",
							""VOCABULARY_ID"" : ""ICD10CM"",
							""CONCEPT_CLASS_ID"" : ""5-char billing code""
						},
						""isExcluded"" : false,
						""includeDescendants"" : false,
						""includeMapped"" : false
					},
					{
						""concept"" : {
							""CONCEPT_ID"" : 45543339,
							""CONCEPT_NAME"" : ""Chronic hepatic failure without coma"",
							""STANDARD_CONCEPT"" : ""N"",
							""STANDARD_CONCEPT_CAPTION"" : ""Non-Standard"",
							""INVALID_REASON"" : ""V"",
							""INVALID_REASON_CAPTION"" : ""Valid"",
							""CONCEPT_CODE"" : ""K72.10"",
							""DOMAIN_ID"" : ""Condition"",
							""VOCABULARY_ID"" : ""ICD10CM"",
							""CONCEPT_CLASS_ID"" : ""5-char billing code""
						},
						""isExcluded"" : false,
						""includeDescendants"" : false,
						""includeMapped"" : false
					},
					{
						""concept"" : {
							""CONCEPT_ID"" : 35208345,
							""CONCEPT_NAME"" : ""Chronic hepatitis, unspecified"",
							""STANDARD_CONCEPT"" : ""N"",
							""STANDARD_CONCEPT_CAPTION"" : ""Non-Standard"",
							""INVALID_REASON"" : ""V"",
							""INVALID_REASON_CAPTION"" : ""Valid"",
							""CONCEPT_CODE"" : ""K73.9"",
							""DOMAIN_ID"" : ""Condition"",
							""VOCABULARY_ID"" : ""ICD10CM"",
							""CONCEPT_CLASS_ID"" : ""4-char billing code""
						},
						""isExcluded"" : false,
						""includeDescendants"" : false,
						""includeMapped"" : false
					},
					{
						""concept"" : {
							""CONCEPT_ID"" : 35208342,
							""CONCEPT_NAME"" : ""Chronic lobular hepatitis, not elsewhere classified"",
							""STANDARD_CONCEPT"" : ""N"",
							""STANDARD_CONCEPT_CAPTION"" : ""Non-Standard"",
							""INVALID_REASON"" : ""V"",
							""INVALID_REASON_CAPTION"" : ""Valid"",
							""CONCEPT_CODE"" : ""K73.1"",
							""DOMAIN_ID"" : ""Condition"",
							""VOCABULARY_ID"" : ""ICD10CM"",
							""CONCEPT_CLASS_ID"" : ""4-char billing code""
						},
						""isExcluded"" : false,
						""includeDescendants"" : false,
						""includeMapped"" : false
					},
					{
						""concept"" : {
							""CONCEPT_ID"" : 35208360,
							""CONCEPT_NAME"" : ""Chronic passive congestion of liver"",
							""STANDARD_CONCEPT"" : ""N"",
							""STANDARD_CONCEPT_CAPTION"" : ""Non-Standard"",
							""INVALID_REASON"" : ""V"",
							""INVALID_REASON_CAPTION"" : ""Valid"",
							""CONCEPT_CODE"" : ""K76.1"",
							""DOMAIN_ID"" : ""Condition"",
							""VOCABULARY_ID"" : ""ICD10CM"",
							""CONCEPT_CLASS_ID"" : ""4-char billing code""
						},
						""isExcluded"" : false,
						""includeDescendants"" : false,
						""includeMapped"" : false
					},
					{
						""concept"" : {
							""CONCEPT_ID"" : 35208341,
							""CONCEPT_NAME"" : ""Chronic persistent hepatitis, not elsewhere classified"",
							""STANDARD_CONCEPT"" : ""N"",
							""STANDARD_CONCEPT_CAPTION"" : ""Non-Standard"",
							""INVALID_REASON"" : ""V"",
							""INVALID_REASON_CAPTION"" : ""Valid"",
							""CONCEPT_CODE"" : ""K73.0"",
							""DOMAIN_ID"" : ""Condition"",
							""VOCABULARY_ID"" : ""ICD10CM"",
							""CONCEPT_CLASS_ID"" : ""4-char billing code""
						},
						""isExcluded"" : false,
						""includeDescendants"" : false,
						""includeMapped"" : false
					},
					{
						""concept"" : {
							""CONCEPT_ID"" : 35205769,
							""CONCEPT_NAME"" : ""Chronic viral hepatitis B with delta-agent"",
							""STANDARD_CONCEPT"" : ""N"",
							""STANDARD_CONCEPT_CAPTION"" : ""Non-Standard"",
							""INVALID_REASON"" : ""V"",
							""INVALID_REASON_CAPTION"" : ""Valid"",
							""CONCEPT_CODE"" : ""B18.0"",
							""DOMAIN_ID"" : ""Condition"",
							""VOCABULARY_ID"" : ""ICD10CM"",
							""CONCEPT_CLASS_ID"" : ""4-char billing code""
						},
						""isExcluded"" : false,
						""includeDescendants"" : false,
						""includeMapped"" : false
					},
					{
						""concept"" : {
							""CONCEPT_ID"" : 35205770,
							""CONCEPT_NAME"" : ""Chronic viral hepatitis B without delta-agent"",
							""STANDARD_CONCEPT"" : ""N"",
							""STANDARD_CONCEPT_CAPTION"" : ""Non-Standard"",
							""INVALID_REASON"" : ""V"",
							""INVALID_REASON_CAPTION"" : ""Valid"",
							""CONCEPT_CODE"" : ""B18.1"",
							""DOMAIN_ID"" : ""Condition"",
							""VOCABULARY_ID"" : ""ICD10CM"",
							""CONCEPT_CLASS_ID"" : ""4-char billing code""
						},
						""isExcluded"" : false,
						""includeDescendants"" : false,
						""includeMapped"" : false
					},
					{
						""concept"" : {
							""CONCEPT_ID"" : 35205771,
							""CONCEPT_NAME"" : ""Chronic viral hepatitis C"",
							""STANDARD_CONCEPT"" : ""N"",
							""STANDARD_CONCEPT_CAPTION"" : ""Non-Standard"",
							""INVALID_REASON"" : ""V"",
							""INVALID_REASON_CAPTION"" : ""Valid"",
							""CONCEPT_CODE"" : ""B18.2"",
							""DOMAIN_ID"" : ""Condition"",
							""VOCABULARY_ID"" : ""ICD10CM"",
							""CONCEPT_CLASS_ID"" : ""4-char billing code""
						},
						""isExcluded"" : false,
						""includeDescendants"" : false,
						""includeMapped"" : false
					},
					{
						""concept"" : {
							""CONCEPT_ID"" : 35205773,
							""CONCEPT_NAME"" : ""Chronic viral hepatitis, unspecified"",
							""STANDARD_CONCEPT"" : ""N"",
							""STANDARD_CONCEPT_CAPTION"" : ""Non-Standard"",
							""INVALID_REASON"" : ""V"",
							""INVALID_REASON_CAPTION"" : ""Valid"",
							""CONCEPT_CODE"" : ""B18.9"",
							""DOMAIN_ID"" : ""Condition"",
							""VOCABULARY_ID"" : ""ICD10CM"",
							""CONCEPT_CLASS_ID"" : ""4-char billing code""
						},
						""isExcluded"" : false,
						""includeDescendants"" : false,
						""includeMapped"" : false
					},
					{
						""concept"" : {
							""CONCEPT_ID"" : 35208359,
							""CONCEPT_NAME"" : ""Fatty (change of) liver, not elsewhere classified"",
							""STANDARD_CONCEPT"" : ""N"",
							""STANDARD_CONCEPT_CAPTION"" : ""Non-Standard"",
							""INVALID_REASON"" : ""V"",
							""INVALID_REASON_CAPTION"" : ""Valid"",
							""CONCEPT_CODE"" : ""K76.0"",
							""DOMAIN_ID"" : ""Condition"",
							""VOCABULARY_ID"" : ""ICD10CM"",
							""CONCEPT_CLASS_ID"" : ""4-char billing code""
						},
						""isExcluded"" : false,
						""includeDescendants"" : false,
						""includeMapped"" : false
					},
					{
						""concept"" : {
							""CONCEPT_ID"" : 35208355,
							""CONCEPT_NAME"" : ""Granulomatous hepatitis, not elsewhere classified"",
							""STANDARD_CONCEPT"" : ""N"",
							""STANDARD_CONCEPT_CAPTION"" : ""Non-Standard"",
							""INVALID_REASON"" : ""V"",
							""INVALID_REASON_CAPTION"" : ""Valid"",
							""CONCEPT_CODE"" : ""K75.3"",
							""DOMAIN_ID"" : ""Condition"",
							""VOCABULARY_ID"" : ""ICD10CM"",
							""CONCEPT_CLASS_ID"" : ""4-char billing code""
						},
						""isExcluded"" : false,
						""includeDescendants"" : false,
						""includeMapped"" : false
					},
					{
						""concept"" : {
							""CONCEPT_ID"" : 45572226,
							""CONCEPT_NAME"" : ""Hepatic failure, unspecified with coma"",
							""STANDARD_CONCEPT"" : ""N"",
							""STANDARD_CONCEPT_CAPTION"" : ""Non-Standard"",
							""INVALID_REASON"" : ""V"",
							""INVALID_REASON_CAPTION"" : ""Valid"",
							""CONCEPT_CODE"" : ""K72.91"",
							""DOMAIN_ID"" : ""Condition"",
							""VOCABULARY_ID"" : ""ICD10CM"",
							""CONCEPT_CLASS_ID"" : ""5-char billing code""
						},
						""isExcluded"" : false,
						""includeDescendants"" : false,
						""includeMapped"" : false
					},
					{
						""concept"" : {
							""CONCEPT_ID"" : 45557675,
							""CONCEPT_NAME"" : ""Hepatic failure, unspecified without coma"",
							""STANDARD_CONCEPT"" : ""N"",
							""STANDARD_CONCEPT_CAPTION"" : ""Non-Standard"",
							""INVALID_REASON"" : ""V"",
							""INVALID_REASON_CAPTION"" : ""Valid"",
							""CONCEPT_CODE"" : ""K72.90"",
							""DOMAIN_ID"" : ""Condition"",
							""VOCABULARY_ID"" : ""ICD10CM"",
							""CONCEPT_CLASS_ID"" : ""5-char billing code""
						},
						""isExcluded"" : false,
						""includeDescendants"" : false,
						""includeMapped"" : false
					},
					{
						""concept"" : {
							""CONCEPT_ID"" : 725369,
							""CONCEPT_NAME"" : ""Hepatic fibrosis, advanced fibrosis"",
							""STANDARD_CONCEPT"" : ""N"",
							""STANDARD_CONCEPT_CAPTION"" : ""Non-Standard"",
							""INVALID_REASON"" : ""V"",
							""INVALID_REASON_CAPTION"" : ""Valid"",
							""CONCEPT_CODE"" : ""K74.02"",
							""DOMAIN_ID"" : ""Condition"",
							""VOCABULARY_ID"" : ""ICD10CM"",
							""CONCEPT_CLASS_ID"" : ""5-char billing code""
						},
						""isExcluded"" : false,
						""includeDescendants"" : false,
						""includeMapped"" : false
					},
					{
						""concept"" : {
							""CONCEPT_ID"" : 725368,
							""CONCEPT_NAME"" : ""Hepatic fibrosis, early fibrosis"",
							""STANDARD_CONCEPT"" : ""N"",
							""STANDARD_CONCEPT_CAPTION"" : ""Non-Standard"",
							""INVALID_REASON"" : ""V"",
							""INVALID_REASON_CAPTION"" : ""Valid"",
							""CONCEPT_CODE"" : ""K74.01"",
							""DOMAIN_ID"" : ""Condition"",
							""VOCABULARY_ID"" : ""ICD10CM"",
							""CONCEPT_CLASS_ID"" : ""5-char billing code""
						},
						""isExcluded"" : false,
						""includeDescendants"" : false,
						""includeMapped"" : false
					},
					{
						""concept"" : {
							""CONCEPT_ID"" : 725367,
							""CONCEPT_NAME"" : ""Hepatic fibrosis, unspecified"",
							""STANDARD_CONCEPT"" : ""N"",
							""STANDARD_CONCEPT_CAPTION"" : ""Non-Standard"",
							""INVALID_REASON"" : ""V"",
							""INVALID_REASON_CAPTION"" : ""Valid"",
							""CONCEPT_CODE"" : ""K74.00"",
							""DOMAIN_ID"" : ""Condition"",
							""VOCABULARY_ID"" : ""ICD10CM"",
							""CONCEPT_CLASS_ID"" : ""5-char billing code""
						},
						""isExcluded"" : false,
						""includeDescendants"" : false,
						""includeMapped"" : false
					},
					{
						""concept"" : {
							""CONCEPT_ID"" : 35208348,
							""CONCEPT_NAME"" : ""Hepatic fibrosis with hepatic sclerosis"",
							""STANDARD_CONCEPT"" : ""N"",
							""STANDARD_CONCEPT_CAPTION"" : ""Non-Standard"",
							""INVALID_REASON"" : ""V"",
							""INVALID_REASON_CAPTION"" : ""Valid"",
							""CONCEPT_CODE"" : ""K74.2"",
							""DOMAIN_ID"" : ""Condition"",
							""VOCABULARY_ID"" : ""ICD10CM"",
							""CONCEPT_CLASS_ID"" : ""4-char billing code""
						},
						""isExcluded"" : false,
						""includeDescendants"" : false,
						""includeMapped"" : false
					},
					{
						""concept"" : {
							""CONCEPT_ID"" : 35208347,
							""CONCEPT_NAME"" : ""Hepatic sclerosis"",
							""STANDARD_CONCEPT"" : ""N"",
							""STANDARD_CONCEPT_CAPTION"" : ""Non-Standard"",
							""INVALID_REASON"" : ""V"",
							""INVALID_REASON_CAPTION"" : ""Valid"",
							""CONCEPT_CODE"" : ""K74.1"",
							""DOMAIN_ID"" : ""Condition"",
							""VOCABULARY_ID"" : ""ICD10CM"",
							""CONCEPT_CLASS_ID"" : ""4-char billing code""
						},
						""isExcluded"" : false,
						""includeDescendants"" : false,
						""includeMapped"" : false
					},
					{
						""concept"" : {
							""CONCEPT_ID"" : 35208364,
							""CONCEPT_NAME"" : ""Hepatic veno-occlusive disease"",
							""STANDARD_CONCEPT"" : ""N"",
							""STANDARD_CONCEPT_CAPTION"" : ""Non-Standard"",
							""INVALID_REASON"" : ""V"",
							""INVALID_REASON_CAPTION"" : ""Valid"",
							""CONCEPT_CODE"" : ""K76.5"",
							""DOMAIN_ID"" : ""Condition"",
							""VOCABULARY_ID"" : ""ICD10CM"",
							""CONCEPT_CLASS_ID"" : ""4-char billing code""
						},
						""isExcluded"" : false,
						""includeDescendants"" : false,
						""includeMapped"" : false
					},
					{
						""concept"" : {
							""CONCEPT_ID"" : 45548170,
							""CONCEPT_NAME"" : ""Hepatopulmonary syndrome"",
							""STANDARD_CONCEPT"" : ""N"",
							""STANDARD_CONCEPT_CAPTION"" : ""Non-Standard"",
							""INVALID_REASON"" : ""V"",
							""INVALID_REASON_CAPTION"" : ""Valid"",
							""CONCEPT_CODE"" : ""K76.81"",
							""DOMAIN_ID"" : ""Condition"",
							""VOCABULARY_ID"" : ""ICD10CM"",
							""CONCEPT_CLASS_ID"" : ""5-char billing code""
						},
						""isExcluded"" : false,
						""includeDescendants"" : false,
						""includeMapped"" : false
					},
					{
						""concept"" : {
							""CONCEPT_ID"" : 35208366,
							""CONCEPT_NAME"" : ""Hepatorenal syndrome"",
							""STANDARD_CONCEPT"" : ""N"",
							""STANDARD_CONCEPT_CAPTION"" : ""Non-Standard"",
							""INVALID_REASON"" : ""V"",
							""INVALID_REASON_CAPTION"" : ""Valid"",
							""CONCEPT_CODE"" : ""K76.7"",
							""DOMAIN_ID"" : ""Condition"",
							""VOCABULARY_ID"" : ""ICD10CM"",
							""CONCEPT_CLASS_ID"" : ""4-char billing code""
						},
						""isExcluded"" : false,
						""includeDescendants"" : false,
						""includeMapped"" : false
					},
					{
						""concept"" : {
							""CONCEPT_ID"" : 35208362,
							""CONCEPT_NAME"" : ""Infarction of liver"",
							""STANDARD_CONCEPT"" : ""N"",
							""STANDARD_CONCEPT_CAPTION"" : ""Non-Standard"",
							""INVALID_REASON"" : ""V"",
							""INVALID_REASON_CAPTION"" : ""Valid"",
							""CONCEPT_CODE"" : ""K76.3"",
							""DOMAIN_ID"" : ""Condition"",
							""VOCABULARY_ID"" : ""ICD10CM"",
							""CONCEPT_CLASS_ID"" : ""4-char billing code""
						},
						""isExcluded"" : false,
						""includeDescendants"" : false,
						""includeMapped"" : false
					},
					{
						""concept"" : {
							""CONCEPT_ID"" : 35208358,
							""CONCEPT_NAME"" : ""Inflammatory liver disease, unspecified"",
							""STANDARD_CONCEPT"" : ""N"",
							""STANDARD_CONCEPT_CAPTION"" : ""Non-Standard"",
							""INVALID_REASON"" : ""V"",
							""INVALID_REASON_CAPTION"" : ""Valid"",
							""CONCEPT_CODE"" : ""K75.9"",
							""DOMAIN_ID"" : ""Condition"",
							""VOCABULARY_ID"" : ""ICD10CM"",
							""CONCEPT_CLASS_ID"" : ""4-char billing code""
						},
						""isExcluded"" : false,
						""includeDescendants"" : false,
						""includeMapped"" : false
					},
					{
						""concept"" : {
							""CONCEPT_ID"" : 35208368,
							""CONCEPT_NAME"" : ""Liver disease, unspecified"",
							""STANDARD_CONCEPT"" : ""N"",
							""STANDARD_CONCEPT_CAPTION"" : ""Non-Standard"",
							""INVALID_REASON"" : ""V"",
							""INVALID_REASON_CAPTION"" : ""Valid"",
							""CONCEPT_CODE"" : ""K76.9"",
							""DOMAIN_ID"" : ""Condition"",
							""VOCABULARY_ID"" : ""ICD10CM"",
							""CONCEPT_CLASS_ID"" : ""4-char billing code""
						},
						""isExcluded"" : false,
						""includeDescendants"" : false,
						""includeMapped"" : false
					},
					{
						""concept"" : {
							""CONCEPT_ID"" : 35208369,
							""CONCEPT_NAME"" : ""Liver disorders in diseases classified elsewhere"",
							""STANDARD_CONCEPT"" : ""N"",
							""STANDARD_CONCEPT_CAPTION"" : ""Non-Standard"",
							""INVALID_REASON"" : ""V"",
							""INVALID_REASON_CAPTION"" : ""Valid"",
							""CONCEPT_CODE"" : ""K77"",
							""DOMAIN_ID"" : ""Condition"",
							""VOCABULARY_ID"" : ""ICD10CM"",
							""CONCEPT_CLASS_ID"" : ""3-char billing code""
						},
						""isExcluded"" : false,
						""includeDescendants"" : false,
						""includeMapped"" : false
					},
					{
						""concept"" : {
							""CONCEPT_ID"" : 45533616,
							""CONCEPT_NAME"" : ""Nonalcoholic steatohepatitis (NASH)"",
							""STANDARD_CONCEPT"" : ""N"",
							""STANDARD_CONCEPT_CAPTION"" : ""Non-Standard"",
							""INVALID_REASON"" : ""V"",
							""INVALID_REASON_CAPTION"" : ""Valid"",
							""CONCEPT_CODE"" : ""K75.81"",
							""DOMAIN_ID"" : ""Condition"",
							""VOCABULARY_ID"" : ""ICD10CM"",
							""CONCEPT_CLASS_ID"" : ""5-char billing code""
						},
						""isExcluded"" : false,
						""includeDescendants"" : false,
						""includeMapped"" : false
					},
					{
						""concept"" : {
							""CONCEPT_ID"" : 35208354,
							""CONCEPT_NAME"" : ""Nonspecific reactive hepatitis"",
							""STANDARD_CONCEPT"" : ""N"",
							""STANDARD_CONCEPT_CAPTION"" : ""Non-Standard"",
							""INVALID_REASON"" : ""V"",
							""INVALID_REASON_CAPTION"" : ""Valid"",
							""CONCEPT_CODE"" : ""K75.2"",
							""DOMAIN_ID"" : ""Condition"",
							""VOCABULARY_ID"" : ""ICD10CM"",
							""CONCEPT_CLASS_ID"" : ""4-char billing code""
						},
						""isExcluded"" : false,
						""includeDescendants"" : false,
						""includeMapped"" : false
					},
					{
						""concept"" : {
							""CONCEPT_ID"" : 35208344,
							""CONCEPT_NAME"" : ""Other chronic hepatitis, not elsewhere classified"",
							""STANDARD_CONCEPT"" : ""N"",
							""STANDARD_CONCEPT_CAPTION"" : ""Non-Standard"",
							""INVALID_REASON"" : ""V"",
							""INVALID_REASON_CAPTION"" : ""Valid"",
							""CONCEPT_CODE"" : ""K73.8"",
							""DOMAIN_ID"" : ""Condition"",
							""VOCABULARY_ID"" : ""ICD10CM"",
							""CONCEPT_CLASS_ID"" : ""4-char billing code""
						},
						""isExcluded"" : false,
						""includeDescendants"" : false,
						""includeMapped"" : false
					},
					{
						""concept"" : {
							""CONCEPT_ID"" : 35205772,
							""CONCEPT_NAME"" : ""Other chronic viral hepatitis"",
							""STANDARD_CONCEPT"" : ""N"",
							""STANDARD_CONCEPT_CAPTION"" : ""Non-Standard"",
							""INVALID_REASON"" : ""V"",
							""INVALID_REASON_CAPTION"" : ""Valid"",
							""CONCEPT_CODE"" : ""B18.8"",
							""DOMAIN_ID"" : ""Condition"",
							""VOCABULARY_ID"" : ""ICD10CM"",
							""CONCEPT_CLASS_ID"" : ""4-char billing code""
						},
						""isExcluded"" : false,
						""includeDescendants"" : false,
						""includeMapped"" : false
					},
					{
						""concept"" : {
							""CONCEPT_ID"" : 45581912,
							""CONCEPT_NAME"" : ""Other cirrhosis of liver"",
							""STANDARD_CONCEPT"" : ""N"",
							""STANDARD_CONCEPT_CAPTION"" : ""Non-Standard"",
							""INVALID_REASON"" : ""V"",
							""INVALID_REASON_CAPTION"" : ""Valid"",
							""CONCEPT_CODE"" : ""K74.69"",
							""DOMAIN_ID"" : ""Condition"",
							""VOCABULARY_ID"" : ""ICD10CM"",
							""CONCEPT_CLASS_ID"" : ""5-char billing code""
						},
						""isExcluded"" : false,
						""includeDescendants"" : false,
						""includeMapped"" : false
					},
					{
						""concept"" : {
							""CONCEPT_ID"" : 45605957,
							""CONCEPT_NAME"" : ""Other specified diseases of liver"",
							""STANDARD_CONCEPT"" : ""N"",
							""STANDARD_CONCEPT_CAPTION"" : ""Non-Standard"",
							""INVALID_REASON"" : ""V"",
							""INVALID_REASON_CAPTION"" : ""Valid"",
							""CONCEPT_CODE"" : ""K76.89"",
							""DOMAIN_ID"" : ""Condition"",
							""VOCABULARY_ID"" : ""ICD10CM"",
							""CONCEPT_CLASS_ID"" : ""5-char billing code""
						},
						""isExcluded"" : false,
						""includeDescendants"" : false,
						""includeMapped"" : false
					},
					{
						""concept"" : {
							""CONCEPT_ID"" : 45543341,
							""CONCEPT_NAME"" : ""Other specified inflammatory liver diseases"",
							""STANDARD_CONCEPT"" : ""N"",
							""STANDARD_CONCEPT_CAPTION"" : ""Non-Standard"",
							""INVALID_REASON"" : ""V"",
							""INVALID_REASON_CAPTION"" : ""Valid"",
							""CONCEPT_CODE"" : ""K75.89"",
							""DOMAIN_ID"" : ""Condition"",
							""VOCABULARY_ID"" : ""ICD10CM"",
							""CONCEPT_CLASS_ID"" : ""5-char billing code""
						},
						""isExcluded"" : false,
						""includeDescendants"" : false,
						""includeMapped"" : false
					},
					{
						""concept"" : {
							""CONCEPT_ID"" : 35208363,
							""CONCEPT_NAME"" : ""Peliosis hepatis"",
							""STANDARD_CONCEPT"" : ""N"",
							""STANDARD_CONCEPT_CAPTION"" : ""Non-Standard"",
							""INVALID_REASON"" : ""V"",
							""INVALID_REASON_CAPTION"" : ""Valid"",
							""CONCEPT_CODE"" : ""K76.4"",
							""DOMAIN_ID"" : ""Condition"",
							""VOCABULARY_ID"" : ""ICD10CM"",
							""CONCEPT_CLASS_ID"" : ""4-char billing code""
						},
						""isExcluded"" : false,
						""includeDescendants"" : false,
						""includeMapped"" : false
					},
					{
						""concept"" : {
							""CONCEPT_ID"" : 35208353,
							""CONCEPT_NAME"" : ""Phlebitis of portal vein"",
							""STANDARD_CONCEPT"" : ""N"",
							""STANDARD_CONCEPT_CAPTION"" : ""Non-Standard"",
							""INVALID_REASON"" : ""V"",
							""INVALID_REASON_CAPTION"" : ""Valid"",
							""CONCEPT_CODE"" : ""K75.1"",
							""DOMAIN_ID"" : ""Condition"",
							""VOCABULARY_ID"" : ""ICD10CM"",
							""CONCEPT_CLASS_ID"" : ""4-char billing code""
						},
						""isExcluded"" : false,
						""includeDescendants"" : false,
						""includeMapped"" : false
					},
					{
						""concept"" : {
							""CONCEPT_ID"" : 35208365,
							""CONCEPT_NAME"" : ""Portal hypertension"",
							""STANDARD_CONCEPT"" : ""N"",
							""STANDARD_CONCEPT_CAPTION"" : ""Non-Standard"",
							""INVALID_REASON"" : ""V"",
							""INVALID_REASON_CAPTION"" : ""Valid"",
							""CONCEPT_CODE"" : ""K76.6"",
							""DOMAIN_ID"" : ""Condition"",
							""VOCABULARY_ID"" : ""ICD10CM"",
							""CONCEPT_CLASS_ID"" : ""4-char billing code""
						},
						""isExcluded"" : false,
						""includeDescendants"" : false,
						""includeMapped"" : false
					},
					{
						""concept"" : {
							""CONCEPT_ID"" : 35208349,
							""CONCEPT_NAME"" : ""Primary biliary cirrhosis"",
							""STANDARD_CONCEPT"" : ""N"",
							""STANDARD_CONCEPT_CAPTION"" : ""Non-Standard"",
							""INVALID_REASON"" : ""V"",
							""INVALID_REASON_CAPTION"" : ""Valid"",
							""CONCEPT_CODE"" : ""K74.3"",
							""DOMAIN_ID"" : ""Condition"",
							""VOCABULARY_ID"" : ""ICD10CM"",
							""CONCEPT_CLASS_ID"" : ""4-char billing code""
						},
						""isExcluded"" : false,
						""includeDescendants"" : false,
						""includeMapped"" : false
					},
					{
						""concept"" : {
							""CONCEPT_ID"" : 35208350,
							""CONCEPT_NAME"" : ""Secondary biliary cirrhosis"",
							""STANDARD_CONCEPT"" : ""N"",
							""STANDARD_CONCEPT_CAPTION"" : ""Non-Standard"",
							""INVALID_REASON"" : ""V"",
							""INVALID_REASON_CAPTION"" : ""Valid"",
							""CONCEPT_CODE"" : ""K74.4"",
							""DOMAIN_ID"" : ""Condition"",
							""VOCABULARY_ID"" : ""ICD10CM"",
							""CONCEPT_CLASS_ID"" : ""4-char billing code""
						},
						""isExcluded"" : false,
						""includeDescendants"" : false,
						""includeMapped"" : false
					},
					{
						""concept"" : {
							""CONCEPT_ID"" : 35208340,
							""CONCEPT_NAME"" : ""Toxic liver disease, unspecified"",
							""STANDARD_CONCEPT"" : ""N"",
							""STANDARD_CONCEPT_CAPTION"" : ""Non-Standard"",
							""INVALID_REASON"" : ""V"",
							""INVALID_REASON_CAPTION"" : ""Valid"",
							""CONCEPT_CODE"" : ""K71.9"",
							""DOMAIN_ID"" : ""Condition"",
							""VOCABULARY_ID"" : ""ICD10CM"",
							""CONCEPT_CLASS_ID"" : ""4-char billing code""
						},
						""isExcluded"" : false,
						""includeDescendants"" : false,
						""includeMapped"" : false
					},
					{
						""concept"" : {
							""CONCEPT_ID"" : 35208334,
							""CONCEPT_NAME"" : ""Toxic liver disease with acute hepatitis"",
							""STANDARD_CONCEPT"" : ""N"",
							""STANDARD_CONCEPT_CAPTION"" : ""Non-Standard"",
							""INVALID_REASON"" : ""V"",
							""INVALID_REASON_CAPTION"" : ""Valid"",
							""CONCEPT_CODE"" : ""K71.2"",
							""DOMAIN_ID"" : ""Condition"",
							""VOCABULARY_ID"" : ""ICD10CM"",
							""CONCEPT_CLASS_ID"" : ""4-char billing code""
						},
						""isExcluded"" : false,
						""includeDescendants"" : false,
						""includeMapped"" : false
					},
					{
						""concept"" : {
							""CONCEPT_ID"" : 35208333,
							""CONCEPT_NAME"" : ""Toxic liver disease with cholestasis"",
							""STANDARD_CONCEPT"" : ""N"",
							""STANDARD_CONCEPT_CAPTION"" : ""Non-Standard"",
							""INVALID_REASON"" : ""V"",
							""INVALID_REASON_CAPTION"" : ""Valid"",
							""CONCEPT_CODE"" : ""K71.0"",
							""DOMAIN_ID"" : ""Condition"",
							""VOCABULARY_ID"" : ""ICD10CM"",
							""CONCEPT_CLASS_ID"" : ""4-char billing code""
						},
						""isExcluded"" : false,
						""includeDescendants"" : false,
						""includeMapped"" : false
					},
					{
						""concept"" : {
							""CONCEPT_ID"" : 45543335,
							""CONCEPT_NAME"" : ""Toxic liver disease with chronic active hepatitis with ascites"",
							""STANDARD_CONCEPT"" : ""N"",
							""STANDARD_CONCEPT_CAPTION"" : ""Non-Standard"",
							""INVALID_REASON"" : ""V"",
							""INVALID_REASON_CAPTION"" : ""Valid"",
							""CONCEPT_CODE"" : ""K71.51"",
							""DOMAIN_ID"" : ""Condition"",
							""VOCABULARY_ID"" : ""ICD10CM"",
							""CONCEPT_CLASS_ID"" : ""5-char billing code""
						},
						""isExcluded"" : false,
						""includeDescendants"" : false,
						""includeMapped"" : false
					},
					{
						""concept"" : {
							""CONCEPT_ID"" : 45586731,
							""CONCEPT_NAME"" : ""Toxic liver disease with chronic active hepatitis without ascites"",
							""STANDARD_CONCEPT"" : ""N"",
							""STANDARD_CONCEPT_CAPTION"" : ""Non-Standard"",
							""INVALID_REASON"" : ""V"",
							""INVALID_REASON_CAPTION"" : ""Valid"",
							""CONCEPT_CODE"" : ""K71.50"",
							""DOMAIN_ID"" : ""Condition"",
							""VOCABULARY_ID"" : ""ICD10CM"",
							""CONCEPT_CLASS_ID"" : ""5-char billing code""
						},
						""isExcluded"" : false,
						""includeDescendants"" : false,
						""includeMapped"" : false
					},
					{
						""concept"" : {
							""CONCEPT_ID"" : 35208336,
							""CONCEPT_NAME"" : ""Toxic liver disease with chronic lobular hepatitis"",
							""STANDARD_CONCEPT"" : ""N"",
							""STANDARD_CONCEPT_CAPTION"" : ""Non-Standard"",
							""INVALID_REASON"" : ""V"",
							""INVALID_REASON_CAPTION"" : ""Valid"",
							""CONCEPT_CODE"" : ""K71.4"",
							""DOMAIN_ID"" : ""Condition"",
							""VOCABULARY_ID"" : ""ICD10CM"",
							""CONCEPT_CLASS_ID"" : ""4-char billing code""
						},
						""isExcluded"" : false,
						""includeDescendants"" : false,
						""includeMapped"" : false
					},
					{
						""concept"" : {
							""CONCEPT_ID"" : 35208335,
							""CONCEPT_NAME"" : ""Toxic liver disease with chronic persistent hepatitis"",
							""STANDARD_CONCEPT"" : ""N"",
							""STANDARD_CONCEPT_CAPTION"" : ""Non-Standard"",
							""INVALID_REASON"" : ""V"",
							""INVALID_REASON_CAPTION"" : ""Valid"",
							""CONCEPT_CODE"" : ""K71.3"",
							""DOMAIN_ID"" : ""Condition"",
							""VOCABULARY_ID"" : ""ICD10CM"",
							""CONCEPT_CLASS_ID"" : ""4-char billing code""
						},
						""isExcluded"" : false,
						""includeDescendants"" : false,
						""includeMapped"" : false
					},
					{
						""concept"" : {
							""CONCEPT_ID"" : 35208338,
							""CONCEPT_NAME"" : ""Toxic liver disease with fibrosis and cirrhosis of liver"",
							""STANDARD_CONCEPT"" : ""N"",
							""STANDARD_CONCEPT_CAPTION"" : ""Non-Standard"",
							""INVALID_REASON"" : ""V"",
							""INVALID_REASON_CAPTION"" : ""Valid"",
							""CONCEPT_CODE"" : ""K71.7"",
							""DOMAIN_ID"" : ""Condition"",
							""VOCABULARY_ID"" : ""ICD10CM"",
							""CONCEPT_CLASS_ID"" : ""4-char billing code""
						},
						""isExcluded"" : false,
						""includeDescendants"" : false,
						""includeMapped"" : false
					},
					{
						""concept"" : {
							""CONCEPT_ID"" : 45552948,
							""CONCEPT_NAME"" : ""Toxic liver disease with hepatic necrosis, with coma"",
							""STANDARD_CONCEPT"" : ""N"",
							""STANDARD_CONCEPT_CAPTION"" : ""Non-Standard"",
							""INVALID_REASON"" : ""V"",
							""INVALID_REASON_CAPTION"" : ""Valid"",
							""CONCEPT_CODE"" : ""K71.11"",
							""DOMAIN_ID"" : ""Condition"",
							""VOCABULARY_ID"" : ""ICD10CM"",
							""CONCEPT_CLASS_ID"" : ""5-char billing code""
						},
						""isExcluded"" : false,
						""includeDescendants"" : false,
						""includeMapped"" : false
					},
					{
						""concept"" : {
							""CONCEPT_ID"" : 45557672,
							""CONCEPT_NAME"" : ""Toxic liver disease with hepatic necrosis, without coma"",
							""STANDARD_CONCEPT"" : ""N"",
							""STANDARD_CONCEPT_CAPTION"" : ""Non-Standard"",
							""INVALID_REASON"" : ""V"",
							""INVALID_REASON_CAPTION"" : ""Valid"",
							""CONCEPT_CODE"" : ""K71.10"",
							""DOMAIN_ID"" : ""Condition"",
							""VOCABULARY_ID"" : ""ICD10CM"",
							""CONCEPT_CLASS_ID"" : ""5-char billing code""
						},
						""isExcluded"" : false,
						""includeDescendants"" : false,
						""includeMapped"" : false
					},
					{
						""concept"" : {
							""CONCEPT_ID"" : 35208337,
							""CONCEPT_NAME"" : ""Toxic liver disease with hepatitis, not elsewhere classified"",
							""STANDARD_CONCEPT"" : ""N"",
							""STANDARD_CONCEPT_CAPTION"" : ""Non-Standard"",
							""INVALID_REASON"" : ""V"",
							""INVALID_REASON_CAPTION"" : ""Valid"",
							""CONCEPT_CODE"" : ""K71.6"",
							""DOMAIN_ID"" : ""Condition"",
							""VOCABULARY_ID"" : ""ICD10CM"",
							""CONCEPT_CLASS_ID"" : ""4-char billing code""
						},
						""isExcluded"" : false,
						""includeDescendants"" : false,
						""includeMapped"" : false
					},
					{
						""concept"" : {
							""CONCEPT_ID"" : 35208339,
							""CONCEPT_NAME"" : ""Toxic liver disease with other disorders of liver"",
							""STANDARD_CONCEPT"" : ""N"",
							""STANDARD_CONCEPT_CAPTION"" : ""Non-Standard"",
							""INVALID_REASON"" : ""V"",
							""INVALID_REASON_CAPTION"" : ""Valid"",
							""CONCEPT_CODE"" : ""K71.8"",
							""DOMAIN_ID"" : ""Condition"",
							""VOCABULARY_ID"" : ""ICD10CM"",
							""CONCEPT_CLASS_ID"" : ""4-char billing code""
						},
						""isExcluded"" : false,
						""includeDescendants"" : false,
						""includeMapped"" : false
					},
					{
						""concept"" : {
							""CONCEPT_ID"" : 45601187,
							""CONCEPT_NAME"" : ""Unspecified cirrhosis of liver"",
							""STANDARD_CONCEPT"" : ""N"",
							""STANDARD_CONCEPT_CAPTION"" : ""Non-Standard"",
							""INVALID_REASON"" : ""V"",
							""INVALID_REASON_CAPTION"" : ""Valid"",
							""CONCEPT_CODE"" : ""K74.60"",
							""DOMAIN_ID"" : ""Condition"",
							""VOCABULARY_ID"" : ""ICD10CM"",
							""CONCEPT_CLASS_ID"" : ""5-char billing code""
						},
						""isExcluded"" : false,
						""includeDescendants"" : false,
						""includeMapped"" : false
					}
				]
			}
		}
	],
	""QualifiedLimit"" : {
		""Type"" : ""First""
	},
	""ExpressionLimit"" : {
		""Type"" : ""First""
	},
	""InclusionRules"" : [
		{
			""name"" : ""inclusion"",
			""expression"" : {
				""Type"" : ""ALL"",
				""CriteriaList"" : [
					{
						""Criteria"" : {
							""ConditionOccurrence"" : {}
						},
						""StartWindow"" : {
							""Start"" : {
								""Coeff"" : -1
							},
							""End"" : {
								""Coeff"" : 1
							},
							""UseIndexEnd"" : false,
							""UseEventEnd"" : false
						},
						""RestrictVisit"" : false,
						""IgnoreObservationPeriod"" : false,
						""Occurrence"" : {
							""Type"" : 2,
							""Count"" : 1,
							""IsDistinct"" : false
						}
					}
				],
				""DemographicCriteriaList"" : [
					{
						""Age"" : {
							""Value"" : 18,
							""Op"" : ""gt""
						}
					}
				],
				""Groups"" : []
			}
		}
	],
	""CensoringCriteria"" : [],
	""CollapseSettings"" : {
		""CollapseType"" : ""ERA"",
		""EraPad"" : 0
	},
	""CensorWindow"" : {}
}",NA,TRUE
1795521,1795521,GLP1_ALI_2ndOutcome_LabValues1,"CREATE TABLE #Codesets (
  codeset_id int NOT NULL,
  concept_id bigint NOT NULL
)
;

INSERT INTO #Codesets (codeset_id, concept_id)
SELECT 0 as codeset_id, c.concept_id FROM (select distinct I.concept_id FROM
( 
  select concept_id from @vocabulary_database_schema.CONCEPT where concept_id in (44788835)
UNION  select c.concept_id
  from @vocabulary_database_schema.CONCEPT c
  join @vocabulary_database_schema.CONCEPT_ANCESTOR ca on c.concept_id = ca.descendant_concept_id
  and ca.ancestor_concept_id in (44788835)
  and c.invalid_reason is null

) I
) C UNION ALL 
SELECT 1 as codeset_id, c.concept_id FROM (select distinct I.concept_id FROM
( 
  select concept_id from @vocabulary_database_schema.CONCEPT where concept_id in (4118986,3028833,3024128,4230543,1175183,40757494,1616780,3006140,46235782,1175191,3024733,37398233,4210860,37398424,4041529,37399653,4195338,37394117,37208619,37208618)

) I
) C;

UPDATE STATISTICS #Codesets;


SELECT event_id, person_id, start_date, end_date, op_start_date, op_end_date, visit_occurrence_id
INTO #qualified_events
FROM 
(
  select pe.event_id, pe.person_id, pe.start_date, pe.end_date, pe.op_start_date, pe.op_end_date, row_number() over (partition by pe.person_id order by pe.start_date ASC) as ordinal, cast(pe.visit_occurrence_id as bigint) as visit_occurrence_id
  FROM (-- Begin Primary Events
select P.ordinal as event_id, P.person_id, P.start_date, P.end_date, op_start_date, op_end_date, cast(P.visit_occurrence_id as bigint) as visit_occurrence_id
FROM
(
  select E.person_id, E.start_date, E.end_date,
         row_number() OVER (PARTITION BY E.person_id ORDER BY E.sort_date ASC, E.event_id) ordinal,
         OP.observation_period_start_date as op_start_date, OP.observation_period_end_date as op_end_date, cast(E.visit_occurrence_id as bigint) as visit_occurrence_id
  FROM 
  (
  -- Begin Measurement Criteria
select C.person_id, C.measurement_id as event_id, C.start_date, C.end_date,
       C.visit_occurrence_id, C.start_date as sort_date
from 
(
  select m.person_id,m.measurement_id,m.measurement_concept_id,m.visit_occurrence_id,m.value_as_number,m.range_high,m.range_low,m.measurement_date as start_date, DATEADD(day,1,m.measurement_date) as end_date 
  FROM @cdm_database_schema.MEASUREMENT m
JOIN #Codesets cs on (m.measurement_concept_id = cs.concept_id and cs.codeset_id = 0)
) C

WHERE C.value_as_number > 120.0000
-- End Measurement Criteria

UNION ALL
-- Begin Measurement Criteria
select C.person_id, C.measurement_id as event_id, C.start_date, C.end_date,
       C.visit_occurrence_id, C.start_date as sort_date
from 
(
  select m.person_id,m.measurement_id,m.measurement_concept_id,m.visit_occurrence_id,m.value_as_number,m.range_high,m.range_low,m.measurement_date as start_date, DATEADD(day,1,m.measurement_date) as end_date 
  FROM @cdm_database_schema.MEASUREMENT m
JOIN #Codesets cs on (m.measurement_concept_id = cs.concept_id and cs.codeset_id = 1)
) C

WHERE C.value_as_number > 2.0000
-- End Measurement Criteria

  ) E
	JOIN @cdm_database_schema.observation_period OP on E.person_id = OP.person_id and E.start_date >=  OP.observation_period_start_date and E.start_date <= op.observation_period_end_date
  WHERE DATEADD(day,365,OP.OBSERVATION_PERIOD_START_DATE) <= E.START_DATE AND DATEADD(day,365,E.START_DATE) <= OP.OBSERVATION_PERIOD_END_DATE
) P
WHERE P.ordinal = 1
-- End Primary Events
) pe
  
) QE

;

--- Inclusion Rule Inserts

select 0 as inclusion_rule_id, person_id, event_id
INTO #Inclusion_0
FROM 
(
  select pe.person_id, pe.event_id
  FROM #qualified_events pe
  
JOIN (
-- Begin Criteria Group
 select 0 as index_id, person_id, event_id FROM #qualified_events
-- End Criteria Group
) AC on AC.person_id = pe.person_id AND AC.event_id = pe.event_id
) Results
;

SELECT inclusion_rule_id, person_id, event_id
INTO #inclusion_events
FROM (select inclusion_rule_id, person_id, event_id from #Inclusion_0) I;
TRUNCATE TABLE #Inclusion_0;
DROP TABLE #Inclusion_0;


select event_id, person_id, start_date, end_date, op_start_date, op_end_date
into #included_events
FROM (
  SELECT event_id, person_id, start_date, end_date, op_start_date, op_end_date, row_number() over (partition by person_id order by start_date ASC) as ordinal
  from
  (
    select Q.event_id, Q.person_id, Q.start_date, Q.end_date, Q.op_start_date, Q.op_end_date, SUM(coalesce(POWER(cast(2 as bigint), I.inclusion_rule_id), 0)) as inclusion_rule_mask
    from #qualified_events Q
    LEFT JOIN #inclusion_events I on I.person_id = Q.person_id and I.event_id = Q.event_id
    GROUP BY Q.event_id, Q.person_id, Q.start_date, Q.end_date, Q.op_start_date, Q.op_end_date
  ) MG -- matching groups

  -- the matching group with all bits set ( POWER(2,# of inclusion rules) - 1 = inclusion_rule_mask
  WHERE (MG.inclusion_rule_mask = POWER(cast(2 as bigint),1)-1)

) Results
WHERE Results.ordinal = 1
;



-- generate cohort periods into #final_cohort
select person_id, start_date, end_date
INTO #cohort_rows
from ( -- first_ends
	select F.person_id, F.start_date, F.end_date
	FROM (
	  select I.event_id, I.person_id, I.start_date, CE.end_date, row_number() over (partition by I.person_id, I.event_id order by CE.end_date) as ordinal
	  from #included_events I
	  join ( -- cohort_ends
-- cohort exit dates
-- By default, cohort exit at the event's op end date
select event_id, person_id, op_end_date as end_date from #included_events
    ) CE on I.event_id = CE.event_id and I.person_id = CE.person_id and CE.end_date >= I.start_date
	) F
	WHERE F.ordinal = 1
) FE;

select person_id, min(start_date) as start_date, end_date
into #final_cohort
from ( --cteEnds
	SELECT
		 c.person_id
		, c.start_date
		, MIN(ed.end_date) AS end_date
	FROM #cohort_rows c
	JOIN ( -- cteEndDates
    SELECT
      person_id
      , DATEADD(day,-1 * 0, event_date)  as end_date
    FROM
    (
      SELECT
        person_id
        , event_date
        , event_type
        , SUM(event_type) OVER (PARTITION BY person_id ORDER BY event_date, event_type ROWS UNBOUNDED PRECEDING) AS interval_status
      FROM
      (
        SELECT
          person_id
          , start_date AS event_date
          , -1 AS event_type
        FROM #cohort_rows

        UNION ALL


        SELECT
          person_id
          , DATEADD(day,0,end_date) as end_date
          , 1 AS event_type
        FROM #cohort_rows
      ) RAWDATA
    ) e
    WHERE interval_status = 0
  ) ed ON c.person_id = ed.person_id AND ed.end_date >= c.start_date
	GROUP BY c.person_id, c.start_date
) e
group by person_id, end_date
;

DELETE FROM @target_database_schema.@target_cohort_table where cohort_definition_id = @target_cohort_id;
INSERT INTO @target_database_schema.@target_cohort_table (cohort_definition_id, subject_id, cohort_start_date, cohort_end_date)
select @target_cohort_id as cohort_definition_id, person_id, start_date, end_date 
FROM #final_cohort CO
;


-- BEGIN: Censored Stats

delete from @results_database_schema.cohort_censor_stats where cohort_definition_id = @target_cohort_id;

-- END: Censored Stats



-- Create a temp table of inclusion rule rows for joining in the inclusion rule impact analysis

select cast(rule_sequence as int) as rule_sequence
into #inclusion_rules
from (
  SELECT CAST(0 as int) as rule_sequence
) IR;


-- Find the event that is the 'best match' per person.  
-- the 'best match' is defined as the event that satisfies the most inclusion rules.
-- ties are solved by choosing the event that matches the earliest inclusion rule, and then earliest.

select q.person_id, q.event_id
into #best_events
from #qualified_events Q
join (
	SELECT R.person_id, R.event_id, ROW_NUMBER() OVER (PARTITION BY R.person_id ORDER BY R.rule_count DESC,R.min_rule_id ASC, R.start_date ASC) AS rank_value
	FROM (
		SELECT Q.person_id, Q.event_id, COALESCE(COUNT(DISTINCT I.inclusion_rule_id), 0) AS rule_count, COALESCE(MIN(I.inclusion_rule_id), 0) AS min_rule_id, Q.start_date
		FROM #qualified_events Q
		LEFT JOIN #inclusion_events I ON q.person_id = i.person_id AND q.event_id = i.event_id
		GROUP BY Q.person_id, Q.event_id, Q.start_date
	) R
) ranked on Q.person_id = ranked.person_id and Q.event_id = ranked.event_id
WHERE ranked.rank_value = 1
;

-- modes of generation: (the same tables store the results for the different modes, identified by the mode_id column)
-- 0: all events
-- 1: best event


-- BEGIN: Inclusion Impact Analysis - event
-- calculte matching group counts
delete from @results_database_schema.cohort_inclusion_result where cohort_definition_id = @target_cohort_id and mode_id = 0;
insert into @results_database_schema.cohort_inclusion_result (cohort_definition_id, inclusion_rule_mask, person_count, mode_id)
select @target_cohort_id as cohort_definition_id, inclusion_rule_mask, count_big(*) as person_count, 0 as mode_id
from
(
  select Q.person_id, Q.event_id, CAST(SUM(coalesce(POWER(cast(2 as bigint), I.inclusion_rule_id), 0)) AS bigint) as inclusion_rule_mask
  from #qualified_events Q
  LEFT JOIN #inclusion_events I on q.person_id = i.person_id and q.event_id = i.event_id
  GROUP BY Q.person_id, Q.event_id
) MG -- matching groups
group by inclusion_rule_mask
;

-- calculate gain counts 
delete from @results_database_schema.cohort_inclusion_stats where cohort_definition_id = @target_cohort_id and mode_id = 0;
insert into @results_database_schema.cohort_inclusion_stats (cohort_definition_id, rule_sequence, person_count, gain_count, person_total, mode_id)
select @target_cohort_id as cohort_definition_id, ir.rule_sequence, coalesce(T.person_count, 0) as person_count, coalesce(SR.person_count, 0) gain_count, EventTotal.total, 0 as mode_id
from #inclusion_rules ir
left join
(
  select i.inclusion_rule_id, count_big(i.event_id) as person_count
  from #qualified_events Q
  JOIN #inclusion_events i on Q.person_id = I.person_id and Q.event_id = i.event_id
  group by i.inclusion_rule_id
) T on ir.rule_sequence = T.inclusion_rule_id
CROSS JOIN (select count(*) as total_rules from #inclusion_rules) RuleTotal
CROSS JOIN (select count_big(event_id) as total from #qualified_events) EventTotal
LEFT JOIN @results_database_schema.cohort_inclusion_result SR on SR.mode_id = 0 AND SR.cohort_definition_id = @target_cohort_id AND (POWER(cast(2 as bigint),RuleTotal.total_rules) - POWER(cast(2 as bigint),ir.rule_sequence) - 1) = SR.inclusion_rule_mask -- POWER(2,rule count) - POWER(2,rule sequence) - 1 is the mask for 'all except this rule'
;

-- calculate totals
delete from @results_database_schema.cohort_summary_stats where cohort_definition_id = @target_cohort_id and mode_id = 0;
insert into @results_database_schema.cohort_summary_stats (cohort_definition_id, base_count, final_count, mode_id)
select @target_cohort_id as cohort_definition_id, PC.total as person_count, coalesce(FC.total, 0) as final_count, 0 as mode_id
FROM
(select count_big(event_id) as total from #qualified_events) PC,
(select sum(sr.person_count) as total
  from @results_database_schema.cohort_inclusion_result sr
  CROSS JOIN (select count(*) as total_rules from #inclusion_rules) RuleTotal
  where sr.mode_id = 0 and sr.cohort_definition_id = @target_cohort_id and sr.inclusion_rule_mask = POWER(cast(2 as bigint),RuleTotal.total_rules)-1
) FC
;

-- END: Inclusion Impact Analysis - event

-- BEGIN: Inclusion Impact Analysis - person
-- calculte matching group counts
delete from @results_database_schema.cohort_inclusion_result where cohort_definition_id = @target_cohort_id and mode_id = 1;
insert into @results_database_schema.cohort_inclusion_result (cohort_definition_id, inclusion_rule_mask, person_count, mode_id)
select @target_cohort_id as cohort_definition_id, inclusion_rule_mask, count_big(*) as person_count, 1 as mode_id
from
(
  select Q.person_id, Q.event_id, CAST(SUM(coalesce(POWER(cast(2 as bigint), I.inclusion_rule_id), 0)) AS bigint) as inclusion_rule_mask
  from #best_events Q
  LEFT JOIN #inclusion_events I on q.person_id = i.person_id and q.event_id = i.event_id
  GROUP BY Q.person_id, Q.event_id
) MG -- matching groups
group by inclusion_rule_mask
;

-- calculate gain counts 
delete from @results_database_schema.cohort_inclusion_stats where cohort_definition_id = @target_cohort_id and mode_id = 1;
insert into @results_database_schema.cohort_inclusion_stats (cohort_definition_id, rule_sequence, person_count, gain_count, person_total, mode_id)
select @target_cohort_id as cohort_definition_id, ir.rule_sequence, coalesce(T.person_count, 0) as person_count, coalesce(SR.person_count, 0) gain_count, EventTotal.total, 1 as mode_id
from #inclusion_rules ir
left join
(
  select i.inclusion_rule_id, count_big(i.event_id) as person_count
  from #best_events Q
  JOIN #inclusion_events i on Q.person_id = I.person_id and Q.event_id = i.event_id
  group by i.inclusion_rule_id
) T on ir.rule_sequence = T.inclusion_rule_id
CROSS JOIN (select count(*) as total_rules from #inclusion_rules) RuleTotal
CROSS JOIN (select count_big(event_id) as total from #best_events) EventTotal
LEFT JOIN @results_database_schema.cohort_inclusion_result SR on SR.mode_id = 1 AND SR.cohort_definition_id = @target_cohort_id AND (POWER(cast(2 as bigint),RuleTotal.total_rules) - POWER(cast(2 as bigint),ir.rule_sequence) - 1) = SR.inclusion_rule_mask -- POWER(2,rule count) - POWER(2,rule sequence) - 1 is the mask for 'all except this rule'
;

-- calculate totals
delete from @results_database_schema.cohort_summary_stats where cohort_definition_id = @target_cohort_id and mode_id = 1;
insert into @results_database_schema.cohort_summary_stats (cohort_definition_id, base_count, final_count, mode_id)
select @target_cohort_id as cohort_definition_id, PC.total as person_count, coalesce(FC.total, 0) as final_count, 1 as mode_id
FROM
(select count_big(event_id) as total from #best_events) PC,
(select sum(sr.person_count) as total
  from @results_database_schema.cohort_inclusion_result sr
  CROSS JOIN (select count(*) as total_rules from #inclusion_rules) RuleTotal
  where sr.mode_id = 1 and sr.cohort_definition_id = @target_cohort_id and sr.inclusion_rule_mask = POWER(cast(2 as bigint),RuleTotal.total_rules)-1
) FC
;

-- END: Inclusion Impact Analysis - person

TRUNCATE TABLE #best_events;
DROP TABLE #best_events;

TRUNCATE TABLE #inclusion_rules;
DROP TABLE #inclusion_rules;




TRUNCATE TABLE #cohort_rows;
DROP TABLE #cohort_rows;

TRUNCATE TABLE #final_cohort;
DROP TABLE #final_cohort;

TRUNCATE TABLE #inclusion_events;
DROP TABLE #inclusion_events;

TRUNCATE TABLE #qualified_events;
DROP TABLE #qualified_events;

TRUNCATE TABLE #included_events;
DROP TABLE #included_events;

TRUNCATE TABLE #Codesets;
DROP TABLE #Codesets;
","{
	""cdmVersionRange"" : "">=5.0.0"",
	""PrimaryCriteria"" : {
		""CriteriaList"" : [
			{
				""Measurement"" : {
					""CodesetId"" : 0,
					""MeasurementTypeExclude"" : false,
					""ValueAsNumber"" : {
						""Value"" : 120,
						""Op"" : ""gt""
					}
				}
			},
			{
				""Measurement"" : {
					""CodesetId"" : 1,
					""MeasurementTypeExclude"" : false,
					""ValueAsNumber"" : {
						""Value"" : 2,
						""Op"" : ""gt""
					}
				}
			}
		],
		""ObservationWindow"" : {
			""PriorDays"" : 365,
			""PostDays"" : 365
		},
		""PrimaryCriteriaLimit"" : {
			""Type"" : ""First""
		}
	},
	""ConceptSets"" : [
		{
			""id"" : 0,
			""name"" : ""[C2Q]elevated alanine aminotransferase"",
			""expression"" : {
				""items"" : [
					{
						""concept"" : {
							""CONCEPT_ID"" : 44788835,
							""CONCEPT_NAME"" : ""Serum alanine aminotransferase level"",
							""STANDARD_CONCEPT"" : ""S"",
							""STANDARD_CONCEPT_CAPTION"" : ""Standard"",
							""INVALID_REASON"" : ""V"",
							""INVALID_REASON_CAPTION"" : ""Valid"",
							""CONCEPT_CODE"" : ""201321000000108"",
							""DOMAIN_ID"" : ""Measurement"",
							""VOCABULARY_ID"" : ""SNOMED"",
							""CONCEPT_CLASS_ID"" : ""Procedure""
						},
						""isExcluded"" : false,
						""includeDescendants"" : true,
						""includeMapped"" : false
					}
				]
			}
		},
		{
			""id"" : 1,
			""name"" : ""Bilirubin (total)"",
			""expression"" : {
				""items"" : [
					{
						""concept"" : {
							""CONCEPT_ID"" : 4118986,
							""CONCEPT_NAME"" : ""Bilirubin measurement"",
							""STANDARD_CONCEPT"" : ""S"",
							""STANDARD_CONCEPT_CAPTION"" : ""Standard"",
							""INVALID_REASON"" : ""V"",
							""INVALID_REASON_CAPTION"" : ""Valid"",
							""CONCEPT_CODE"" : ""302787001"",
							""DOMAIN_ID"" : ""Measurement"",
							""VOCABULARY_ID"" : ""SNOMED"",
							""CONCEPT_CLASS_ID"" : ""Procedure""
						},
						""isExcluded"" : false,
						""includeDescendants"" : false,
						""includeMapped"" : false
					},
					{
						""concept"" : {
							""CONCEPT_ID"" : 3028833,
							""CONCEPT_NAME"" : ""Bilirubin.total [Mass/volume] in Blood"",
							""STANDARD_CONCEPT"" : ""S"",
							""STANDARD_CONCEPT_CAPTION"" : ""Standard"",
							""INVALID_REASON"" : ""V"",
							""INVALID_REASON_CAPTION"" : ""Valid"",
							""CONCEPT_CODE"" : ""42719-5"",
							""DOMAIN_ID"" : ""Measurement"",
							""VOCABULARY_ID"" : ""LOINC"",
							""CONCEPT_CLASS_ID"" : ""Lab Test""
						},
						""isExcluded"" : false,
						""includeDescendants"" : false,
						""includeMapped"" : false
					},
					{
						""concept"" : {
							""CONCEPT_ID"" : 3024128,
							""CONCEPT_NAME"" : ""Bilirubin.total [Mass/volume] in Serum or Plasma"",
							""STANDARD_CONCEPT"" : ""S"",
							""STANDARD_CONCEPT_CAPTION"" : ""Standard"",
							""INVALID_REASON"" : ""V"",
							""INVALID_REASON_CAPTION"" : ""Valid"",
							""CONCEPT_CODE"" : ""1975-2"",
							""DOMAIN_ID"" : ""Measurement"",
							""VOCABULARY_ID"" : ""LOINC"",
							""CONCEPT_CLASS_ID"" : ""Lab Test""
						},
						""isExcluded"" : false,
						""includeDescendants"" : false,
						""includeMapped"" : false
					},
					{
						""concept"" : {
							""CONCEPT_ID"" : 4230543,
							""CONCEPT_NAME"" : ""Bilirubin, total measurement"",
							""STANDARD_CONCEPT"" : ""S"",
							""STANDARD_CONCEPT_CAPTION"" : ""Standard"",
							""INVALID_REASON"" : ""V"",
							""INVALID_REASON_CAPTION"" : ""Valid"",
							""CONCEPT_CODE"" : ""359986008"",
							""DOMAIN_ID"" : ""Measurement"",
							""VOCABULARY_ID"" : ""SNOMED"",
							""CONCEPT_CLASS_ID"" : ""Procedure""
						},
						""isExcluded"" : false,
						""includeDescendants"" : false,
						""includeMapped"" : false
					},
					{
						""concept"" : {
							""CONCEPT_ID"" : 1175183,
							""CONCEPT_NAME"" : ""Bilirubin.total [Moles/volume] in Arterial blood"",
							""STANDARD_CONCEPT"" : ""S"",
							""STANDARD_CONCEPT_CAPTION"" : ""Standard"",
							""INVALID_REASON"" : ""V"",
							""INVALID_REASON_CAPTION"" : ""Valid"",
							""CONCEPT_CODE"" : ""89872-6"",
							""DOMAIN_ID"" : ""Measurement"",
							""VOCABULARY_ID"" : ""LOINC"",
							""CONCEPT_CLASS_ID"" : ""Lab Test""
						},
						""isExcluded"" : false,
						""includeDescendants"" : false,
						""includeMapped"" : false
					},
					{
						""concept"" : {
							""CONCEPT_ID"" : 40757494,
							""CONCEPT_NAME"" : ""Bilirubin.total [Moles/volume] in Blood"",
							""STANDARD_CONCEPT"" : ""S"",
							""STANDARD_CONCEPT_CAPTION"" : ""Standard"",
							""INVALID_REASON"" : ""V"",
							""INVALID_REASON_CAPTION"" : ""Valid"",
							""CONCEPT_CODE"" : ""54363-7"",
							""DOMAIN_ID"" : ""Measurement"",
							""VOCABULARY_ID"" : ""LOINC"",
							""CONCEPT_CLASS_ID"" : ""Lab Test""
						},
						""isExcluded"" : false,
						""includeDescendants"" : false,
						""includeMapped"" : false
					},
					{
						""concept"" : {
							""CONCEPT_ID"" : 1616780,
							""CONCEPT_NAME"" : ""Bilirubin.total [Moles/volume] in Capillary blood"",
							""STANDARD_CONCEPT"" : ""S"",
							""STANDARD_CONCEPT_CAPTION"" : ""Standard"",
							""INVALID_REASON"" : ""V"",
							""INVALID_REASON_CAPTION"" : ""Valid"",
							""CONCEPT_CODE"" : ""97770-2"",
							""DOMAIN_ID"" : ""Measurement"",
							""VOCABULARY_ID"" : ""LOINC"",
							""CONCEPT_CLASS_ID"" : ""Lab Test""
						},
						""isExcluded"" : false,
						""includeDescendants"" : false,
						""includeMapped"" : false
					},
					{
						""concept"" : {
							""CONCEPT_ID"" : 3006140,
							""CONCEPT_NAME"" : ""Bilirubin.total [Moles/volume] in Serum or Plasma"",
							""STANDARD_CONCEPT"" : ""S"",
							""STANDARD_CONCEPT_CAPTION"" : ""Standard"",
							""INVALID_REASON"" : ""V"",
							""INVALID_REASON_CAPTION"" : ""Valid"",
							""CONCEPT_CODE"" : ""14631-6"",
							""DOMAIN_ID"" : ""Measurement"",
							""VOCABULARY_ID"" : ""LOINC"",
							""CONCEPT_CLASS_ID"" : ""Lab Test""
						},
						""isExcluded"" : false,
						""includeDescendants"" : false,
						""includeMapped"" : false
					},
					{
						""concept"" : {
							""CONCEPT_ID"" : 46235782,
							""CONCEPT_NAME"" : ""Bilirubin.total [Moles/volume] in Serum, Plasma or Blood"",
							""STANDARD_CONCEPT"" : ""S"",
							""STANDARD_CONCEPT_CAPTION"" : ""Standard"",
							""INVALID_REASON"" : ""V"",
							""INVALID_REASON_CAPTION"" : ""Valid"",
							""CONCEPT_CODE"" : ""77137-8"",
							""DOMAIN_ID"" : ""Measurement"",
							""VOCABULARY_ID"" : ""LOINC"",
							""CONCEPT_CLASS_ID"" : ""Lab Test""
						},
						""isExcluded"" : false,
						""includeDescendants"" : false,
						""includeMapped"" : false
					},
					{
						""concept"" : {
							""CONCEPT_ID"" : 1175191,
							""CONCEPT_NAME"" : ""Bilirubin.total [Moles/volume] in Venous blood"",
							""STANDARD_CONCEPT"" : ""S"",
							""STANDARD_CONCEPT_CAPTION"" : ""Standard"",
							""INVALID_REASON"" : ""V"",
							""INVALID_REASON_CAPTION"" : ""Valid"",
							""CONCEPT_CODE"" : ""89871-8"",
							""DOMAIN_ID"" : ""Measurement"",
							""VOCABULARY_ID"" : ""LOINC"",
							""CONCEPT_CLASS_ID"" : ""Lab Test""
						},
						""isExcluded"" : false,
						""includeDescendants"" : false,
						""includeMapped"" : false
					},
					{
						""concept"" : {
							""CONCEPT_ID"" : 3024733,
							""CONCEPT_NAME"" : ""Bilirubin.total [Presence] in Stool"",
							""STANDARD_CONCEPT"" : ""S"",
							""STANDARD_CONCEPT_CAPTION"" : ""Standard"",
							""INVALID_REASON"" : ""V"",
							""INVALID_REASON_CAPTION"" : ""Valid"",
							""CONCEPT_CODE"" : ""1976-0"",
							""DOMAIN_ID"" : ""Measurement"",
							""VOCABULARY_ID"" : ""LOINC"",
							""CONCEPT_CLASS_ID"" : ""Lab Test""
						},
						""isExcluded"" : false,
						""includeDescendants"" : false,
						""includeMapped"" : false
					},
					{
						""concept"" : {
							""CONCEPT_ID"" : 37398233,
							""CONCEPT_NAME"" : ""Plasma total bilirubin level"",
							""STANDARD_CONCEPT"" : ""N"",
							""STANDARD_CONCEPT_CAPTION"" : ""Non-Standard"",
							""INVALID_REASON"" : ""V"",
							""INVALID_REASON_CAPTION"" : ""Valid"",
							""CONCEPT_CODE"" : ""997561000000103"",
							""DOMAIN_ID"" : ""Measurement"",
							""VOCABULARY_ID"" : ""SNOMED"",
							""CONCEPT_CLASS_ID"" : ""Observable Entity""
						},
						""isExcluded"" : false,
						""includeDescendants"" : false,
						""includeMapped"" : false
					},
					{
						""concept"" : {
							""CONCEPT_ID"" : 4210860,
							""CONCEPT_NAME"" : ""Plasma total bilirubin measurement"",
							""STANDARD_CONCEPT"" : ""S"",
							""STANDARD_CONCEPT_CAPTION"" : ""Standard"",
							""INVALID_REASON"" : ""V"",
							""INVALID_REASON_CAPTION"" : ""Valid"",
							""CONCEPT_CODE"" : ""313951004"",
							""DOMAIN_ID"" : ""Measurement"",
							""VOCABULARY_ID"" : ""SNOMED"",
							""CONCEPT_CLASS_ID"" : ""Procedure""
						},
						""isExcluded"" : false,
						""includeDescendants"" : false,
						""includeMapped"" : false
					},
					{
						""concept"" : {
							""CONCEPT_ID"" : 37398424,
							""CONCEPT_NAME"" : ""Serum bilirubin level"",
							""STANDARD_CONCEPT"" : ""N"",
							""STANDARD_CONCEPT_CAPTION"" : ""Non-Standard"",
							""INVALID_REASON"" : ""V"",
							""INVALID_REASON_CAPTION"" : ""Valid"",
							""CONCEPT_CODE"" : ""999691000000104"",
							""DOMAIN_ID"" : ""Measurement"",
							""VOCABULARY_ID"" : ""SNOMED"",
							""CONCEPT_CLASS_ID"" : ""Observable Entity""
						},
						""isExcluded"" : false,
						""includeDescendants"" : false,
						""includeMapped"" : false
					},
					{
						""concept"" : {
							""CONCEPT_ID"" : 4041529,
							""CONCEPT_NAME"" : ""Serum bilirubin measurement"",
							""STANDARD_CONCEPT"" : ""S"",
							""STANDARD_CONCEPT_CAPTION"" : ""Standard"",
							""INVALID_REASON"" : ""V"",
							""INVALID_REASON_CAPTION"" : ""Valid"",
							""CONCEPT_CODE"" : ""166610007"",
							""DOMAIN_ID"" : ""Measurement"",
							""VOCABULARY_ID"" : ""SNOMED"",
							""CONCEPT_CLASS_ID"" : ""Procedure""
						},
						""isExcluded"" : false,
						""includeDescendants"" : false,
						""includeMapped"" : false
					},
					{
						""concept"" : {
							""CONCEPT_ID"" : 37399653,
							""CONCEPT_NAME"" : ""Serum total bilirubin level"",
							""STANDARD_CONCEPT"" : ""N"",
							""STANDARD_CONCEPT_CAPTION"" : ""Non-Standard"",
							""INVALID_REASON"" : ""V"",
							""INVALID_REASON_CAPTION"" : ""Valid"",
							""CONCEPT_CODE"" : ""997591000000109"",
							""DOMAIN_ID"" : ""Measurement"",
							""VOCABULARY_ID"" : ""SNOMED"",
							""CONCEPT_CLASS_ID"" : ""Observable Entity""
						},
						""isExcluded"" : false,
						""includeDescendants"" : false,
						""includeMapped"" : false
					},
					{
						""concept"" : {
							""CONCEPT_ID"" : 4195338,
							""CONCEPT_NAME"" : ""Serum total bilirubin measurement"",
							""STANDARD_CONCEPT"" : ""S"",
							""STANDARD_CONCEPT_CAPTION"" : ""Standard"",
							""INVALID_REASON"" : ""V"",
							""INVALID_REASON_CAPTION"" : ""Valid"",
							""CONCEPT_CODE"" : ""313840000"",
							""DOMAIN_ID"" : ""Measurement"",
							""VOCABULARY_ID"" : ""SNOMED"",
							""CONCEPT_CLASS_ID"" : ""Procedure""
						},
						""isExcluded"" : false,
						""includeDescendants"" : false,
						""includeMapped"" : false
					},
					{
						""concept"" : {
							""CONCEPT_ID"" : 37394117,
							""CONCEPT_NAME"" : ""Total bilirubin level"",
							""STANDARD_CONCEPT"" : ""N"",
							""STANDARD_CONCEPT_CAPTION"" : ""Non-Standard"",
							""INVALID_REASON"" : ""V"",
							""INVALID_REASON_CAPTION"" : ""Valid"",
							""CONCEPT_CODE"" : ""1026761000000106"",
							""DOMAIN_ID"" : ""Measurement"",
							""VOCABULARY_ID"" : ""SNOMED"",
							""CONCEPT_CLASS_ID"" : ""Observable Entity""
						},
						""isExcluded"" : false,
						""includeDescendants"" : false,
						""includeMapped"" : false
					},
					{
						""concept"" : {
							""CONCEPT_ID"" : 37208619,
							""CONCEPT_NAME"" : ""Total bilirubin substance concentration in plasma"",
							""STANDARD_CONCEPT"" : ""S"",
							""STANDARD_CONCEPT_CAPTION"" : ""Standard"",
							""INVALID_REASON"" : ""V"",
							""INVALID_REASON_CAPTION"" : ""Valid"",
							""CONCEPT_CODE"" : ""1107231000000106"",
							""DOMAIN_ID"" : ""Measurement"",
							""VOCABULARY_ID"" : ""SNOMED"",
							""CONCEPT_CLASS_ID"" : ""Observable Entity""
						},
						""isExcluded"" : false,
						""includeDescendants"" : false,
						""includeMapped"" : false
					},
					{
						""concept"" : {
							""CONCEPT_ID"" : 37208618,
							""CONCEPT_NAME"" : ""Total bilirubin substance concentration in serum"",
							""STANDARD_CONCEPT"" : ""S"",
							""STANDARD_CONCEPT_CAPTION"" : ""Standard"",
							""INVALID_REASON"" : ""V"",
							""INVALID_REASON_CAPTION"" : ""Valid"",
							""CONCEPT_CODE"" : ""1107221000000109"",
							""DOMAIN_ID"" : ""Measurement"",
							""VOCABULARY_ID"" : ""SNOMED"",
							""CONCEPT_CLASS_ID"" : ""Observable Entity""
						},
						""isExcluded"" : false,
						""includeDescendants"" : false,
						""includeMapped"" : false
					}
				]
			}
		}
	],
	""QualifiedLimit"" : {
		""Type"" : ""First""
	},
	""ExpressionLimit"" : {
		""Type"" : ""First""
	},
	""InclusionRules"" : [
		{
			""name"" : ""Age > 18"",
			""expression"" : {
				""Type"" : ""ALL"",
				""CriteriaList"" : [],
				""DemographicCriteriaList"" : [],
				""Groups"" : []
			}
		}
	],
	""CensoringCriteria"" : [],
	""CollapseSettings"" : {
		""CollapseType"" : ""ERA"",
		""EraPad"" : 0
	},
	""CensorWindow"" : {}
}",NA,TRUE
1795524,1795524,GLP1_ALI_2ndOutcome_LabValues2,"CREATE TABLE #Codesets (
  codeset_id int NOT NULL,
  concept_id bigint NOT NULL
)
;

INSERT INTO #Codesets (codeset_id, concept_id)
SELECT 0 as codeset_id, c.concept_id FROM (select distinct I.concept_id FROM
( 
  select concept_id from @vocabulary_database_schema.CONCEPT where concept_id in (44788835)
UNION  select c.concept_id
  from @vocabulary_database_schema.CONCEPT c
  join @vocabulary_database_schema.CONCEPT_ANCESTOR ca on c.concept_id = ca.descendant_concept_id
  and ca.ancestor_concept_id in (44788835)
  and c.invalid_reason is null

) I
) C UNION ALL 
SELECT 1 as codeset_id, c.concept_id FROM (select distinct I.concept_id FROM
( 
  select concept_id from @vocabulary_database_schema.CONCEPT where concept_id in (4118986,3028833,3024128,4230543,1175183,40757494,1616780,3006140,46235782,1175191,3024733,37398233,4210860,37398424,4041529,37399653,4195338,37394117,37208619,37208618)

) I
) C UNION ALL 
SELECT 2 as codeset_id, c.concept_id FROM (select distinct I.concept_id FROM
( 
  select concept_id from @vocabulary_database_schema.CONCEPT where concept_id in (3022621)
UNION  select c.concept_id
  from @vocabulary_database_schema.CONCEPT c
  join @vocabulary_database_schema.CONCEPT_ANCESTOR ca on c.concept_id = ca.descendant_concept_id
  and ca.ancestor_concept_id in (3022621)
  and c.invalid_reason is null

) I
) C;

UPDATE STATISTICS #Codesets;


SELECT event_id, person_id, start_date, end_date, op_start_date, op_end_date, visit_occurrence_id
INTO #qualified_events
FROM 
(
  select pe.event_id, pe.person_id, pe.start_date, pe.end_date, pe.op_start_date, pe.op_end_date, row_number() over (partition by pe.person_id order by pe.start_date ASC) as ordinal, cast(pe.visit_occurrence_id as bigint) as visit_occurrence_id
  FROM (-- Begin Primary Events
select P.ordinal as event_id, P.person_id, P.start_date, P.end_date, op_start_date, op_end_date, cast(P.visit_occurrence_id as bigint) as visit_occurrence_id
FROM
(
  select E.person_id, E.start_date, E.end_date,
         row_number() OVER (PARTITION BY E.person_id ORDER BY E.sort_date ASC, E.event_id) ordinal,
         OP.observation_period_start_date as op_start_date, OP.observation_period_end_date as op_end_date, cast(E.visit_occurrence_id as bigint) as visit_occurrence_id
  FROM 
  (
  -- Begin Measurement Criteria
select C.person_id, C.measurement_id as event_id, C.start_date, C.end_date,
       C.visit_occurrence_id, C.start_date as sort_date
from 
(
  select m.person_id,m.measurement_id,m.measurement_concept_id,m.visit_occurrence_id,m.value_as_number,m.range_high,m.range_low,m.measurement_date as start_date, DATEADD(day,1,m.measurement_date) as end_date 
  FROM @cdm_database_schema.MEASUREMENT m
JOIN #Codesets cs on (m.measurement_concept_id = cs.concept_id and cs.codeset_id = 2)
) C

WHERE C.value_as_number > 1.5000
-- End Measurement Criteria

UNION ALL
-- Begin Measurement Criteria
select C.person_id, C.measurement_id as event_id, C.start_date, C.end_date,
       C.visit_occurrence_id, C.start_date as sort_date
from 
(
  select m.person_id,m.measurement_id,m.measurement_concept_id,m.visit_occurrence_id,m.value_as_number,m.range_high,m.range_low,m.measurement_date as start_date, DATEADD(day,1,m.measurement_date) as end_date 
  FROM @cdm_database_schema.MEASUREMENT m
JOIN #Codesets cs on (m.measurement_concept_id = cs.concept_id and cs.codeset_id = 1)
) C

WHERE C.value_as_number > 2.0000
-- End Measurement Criteria

  ) E
	JOIN @cdm_database_schema.observation_period OP on E.person_id = OP.person_id and E.start_date >=  OP.observation_period_start_date and E.start_date <= op.observation_period_end_date
  WHERE DATEADD(day,365,OP.OBSERVATION_PERIOD_START_DATE) <= E.START_DATE AND DATEADD(day,365,E.START_DATE) <= OP.OBSERVATION_PERIOD_END_DATE
) P
WHERE P.ordinal = 1
-- End Primary Events
) pe
  
) QE

;

--- Inclusion Rule Inserts

select 0 as inclusion_rule_id, person_id, event_id
INTO #Inclusion_0
FROM 
(
  select pe.person_id, pe.event_id
  FROM #qualified_events pe
  
JOIN (
-- Begin Criteria Group
 select 0 as index_id, person_id, event_id FROM #qualified_events
-- End Criteria Group
) AC on AC.person_id = pe.person_id AND AC.event_id = pe.event_id
) Results
;

SELECT inclusion_rule_id, person_id, event_id
INTO #inclusion_events
FROM (select inclusion_rule_id, person_id, event_id from #Inclusion_0) I;
TRUNCATE TABLE #Inclusion_0;
DROP TABLE #Inclusion_0;


select event_id, person_id, start_date, end_date, op_start_date, op_end_date
into #included_events
FROM (
  SELECT event_id, person_id, start_date, end_date, op_start_date, op_end_date, row_number() over (partition by person_id order by start_date ASC) as ordinal
  from
  (
    select Q.event_id, Q.person_id, Q.start_date, Q.end_date, Q.op_start_date, Q.op_end_date, SUM(coalesce(POWER(cast(2 as bigint), I.inclusion_rule_id), 0)) as inclusion_rule_mask
    from #qualified_events Q
    LEFT JOIN #inclusion_events I on I.person_id = Q.person_id and I.event_id = Q.event_id
    GROUP BY Q.event_id, Q.person_id, Q.start_date, Q.end_date, Q.op_start_date, Q.op_end_date
  ) MG -- matching groups

  -- the matching group with all bits set ( POWER(2,# of inclusion rules) - 1 = inclusion_rule_mask
  WHERE (MG.inclusion_rule_mask = POWER(cast(2 as bigint),1)-1)

) Results
WHERE Results.ordinal = 1
;



-- generate cohort periods into #final_cohort
select person_id, start_date, end_date
INTO #cohort_rows
from ( -- first_ends
	select F.person_id, F.start_date, F.end_date
	FROM (
	  select I.event_id, I.person_id, I.start_date, CE.end_date, row_number() over (partition by I.person_id, I.event_id order by CE.end_date) as ordinal
	  from #included_events I
	  join ( -- cohort_ends
-- cohort exit dates
-- By default, cohort exit at the event's op end date
select event_id, person_id, op_end_date as end_date from #included_events
    ) CE on I.event_id = CE.event_id and I.person_id = CE.person_id and CE.end_date >= I.start_date
	) F
	WHERE F.ordinal = 1
) FE;

select person_id, min(start_date) as start_date, end_date
into #final_cohort
from ( --cteEnds
	SELECT
		 c.person_id
		, c.start_date
		, MIN(ed.end_date) AS end_date
	FROM #cohort_rows c
	JOIN ( -- cteEndDates
    SELECT
      person_id
      , DATEADD(day,-1 * 0, event_date)  as end_date
    FROM
    (
      SELECT
        person_id
        , event_date
        , event_type
        , SUM(event_type) OVER (PARTITION BY person_id ORDER BY event_date, event_type ROWS UNBOUNDED PRECEDING) AS interval_status
      FROM
      (
        SELECT
          person_id
          , start_date AS event_date
          , -1 AS event_type
        FROM #cohort_rows

        UNION ALL


        SELECT
          person_id
          , DATEADD(day,0,end_date) as end_date
          , 1 AS event_type
        FROM #cohort_rows
      ) RAWDATA
    ) e
    WHERE interval_status = 0
  ) ed ON c.person_id = ed.person_id AND ed.end_date >= c.start_date
	GROUP BY c.person_id, c.start_date
) e
group by person_id, end_date
;

DELETE FROM @target_database_schema.@target_cohort_table where cohort_definition_id = @target_cohort_id;
INSERT INTO @target_database_schema.@target_cohort_table (cohort_definition_id, subject_id, cohort_start_date, cohort_end_date)
select @target_cohort_id as cohort_definition_id, person_id, start_date, end_date 
FROM #final_cohort CO
;


-- BEGIN: Censored Stats

delete from @results_database_schema.cohort_censor_stats where cohort_definition_id = @target_cohort_id;

-- END: Censored Stats



-- Create a temp table of inclusion rule rows for joining in the inclusion rule impact analysis

select cast(rule_sequence as int) as rule_sequence
into #inclusion_rules
from (
  SELECT CAST(0 as int) as rule_sequence
) IR;


-- Find the event that is the 'best match' per person.  
-- the 'best match' is defined as the event that satisfies the most inclusion rules.
-- ties are solved by choosing the event that matches the earliest inclusion rule, and then earliest.

select q.person_id, q.event_id
into #best_events
from #qualified_events Q
join (
	SELECT R.person_id, R.event_id, ROW_NUMBER() OVER (PARTITION BY R.person_id ORDER BY R.rule_count DESC,R.min_rule_id ASC, R.start_date ASC) AS rank_value
	FROM (
		SELECT Q.person_id, Q.event_id, COALESCE(COUNT(DISTINCT I.inclusion_rule_id), 0) AS rule_count, COALESCE(MIN(I.inclusion_rule_id), 0) AS min_rule_id, Q.start_date
		FROM #qualified_events Q
		LEFT JOIN #inclusion_events I ON q.person_id = i.person_id AND q.event_id = i.event_id
		GROUP BY Q.person_id, Q.event_id, Q.start_date
	) R
) ranked on Q.person_id = ranked.person_id and Q.event_id = ranked.event_id
WHERE ranked.rank_value = 1
;

-- modes of generation: (the same tables store the results for the different modes, identified by the mode_id column)
-- 0: all events
-- 1: best event


-- BEGIN: Inclusion Impact Analysis - event
-- calculte matching group counts
delete from @results_database_schema.cohort_inclusion_result where cohort_definition_id = @target_cohort_id and mode_id = 0;
insert into @results_database_schema.cohort_inclusion_result (cohort_definition_id, inclusion_rule_mask, person_count, mode_id)
select @target_cohort_id as cohort_definition_id, inclusion_rule_mask, count_big(*) as person_count, 0 as mode_id
from
(
  select Q.person_id, Q.event_id, CAST(SUM(coalesce(POWER(cast(2 as bigint), I.inclusion_rule_id), 0)) AS bigint) as inclusion_rule_mask
  from #qualified_events Q
  LEFT JOIN #inclusion_events I on q.person_id = i.person_id and q.event_id = i.event_id
  GROUP BY Q.person_id, Q.event_id
) MG -- matching groups
group by inclusion_rule_mask
;

-- calculate gain counts 
delete from @results_database_schema.cohort_inclusion_stats where cohort_definition_id = @target_cohort_id and mode_id = 0;
insert into @results_database_schema.cohort_inclusion_stats (cohort_definition_id, rule_sequence, person_count, gain_count, person_total, mode_id)
select @target_cohort_id as cohort_definition_id, ir.rule_sequence, coalesce(T.person_count, 0) as person_count, coalesce(SR.person_count, 0) gain_count, EventTotal.total, 0 as mode_id
from #inclusion_rules ir
left join
(
  select i.inclusion_rule_id, count_big(i.event_id) as person_count
  from #qualified_events Q
  JOIN #inclusion_events i on Q.person_id = I.person_id and Q.event_id = i.event_id
  group by i.inclusion_rule_id
) T on ir.rule_sequence = T.inclusion_rule_id
CROSS JOIN (select count(*) as total_rules from #inclusion_rules) RuleTotal
CROSS JOIN (select count_big(event_id) as total from #qualified_events) EventTotal
LEFT JOIN @results_database_schema.cohort_inclusion_result SR on SR.mode_id = 0 AND SR.cohort_definition_id = @target_cohort_id AND (POWER(cast(2 as bigint),RuleTotal.total_rules) - POWER(cast(2 as bigint),ir.rule_sequence) - 1) = SR.inclusion_rule_mask -- POWER(2,rule count) - POWER(2,rule sequence) - 1 is the mask for 'all except this rule'
;

-- calculate totals
delete from @results_database_schema.cohort_summary_stats where cohort_definition_id = @target_cohort_id and mode_id = 0;
insert into @results_database_schema.cohort_summary_stats (cohort_definition_id, base_count, final_count, mode_id)
select @target_cohort_id as cohort_definition_id, PC.total as person_count, coalesce(FC.total, 0) as final_count, 0 as mode_id
FROM
(select count_big(event_id) as total from #qualified_events) PC,
(select sum(sr.person_count) as total
  from @results_database_schema.cohort_inclusion_result sr
  CROSS JOIN (select count(*) as total_rules from #inclusion_rules) RuleTotal
  where sr.mode_id = 0 and sr.cohort_definition_id = @target_cohort_id and sr.inclusion_rule_mask = POWER(cast(2 as bigint),RuleTotal.total_rules)-1
) FC
;

-- END: Inclusion Impact Analysis - event

-- BEGIN: Inclusion Impact Analysis - person
-- calculte matching group counts
delete from @results_database_schema.cohort_inclusion_result where cohort_definition_id = @target_cohort_id and mode_id = 1;
insert into @results_database_schema.cohort_inclusion_result (cohort_definition_id, inclusion_rule_mask, person_count, mode_id)
select @target_cohort_id as cohort_definition_id, inclusion_rule_mask, count_big(*) as person_count, 1 as mode_id
from
(
  select Q.person_id, Q.event_id, CAST(SUM(coalesce(POWER(cast(2 as bigint), I.inclusion_rule_id), 0)) AS bigint) as inclusion_rule_mask
  from #best_events Q
  LEFT JOIN #inclusion_events I on q.person_id = i.person_id and q.event_id = i.event_id
  GROUP BY Q.person_id, Q.event_id
) MG -- matching groups
group by inclusion_rule_mask
;

-- calculate gain counts 
delete from @results_database_schema.cohort_inclusion_stats where cohort_definition_id = @target_cohort_id and mode_id = 1;
insert into @results_database_schema.cohort_inclusion_stats (cohort_definition_id, rule_sequence, person_count, gain_count, person_total, mode_id)
select @target_cohort_id as cohort_definition_id, ir.rule_sequence, coalesce(T.person_count, 0) as person_count, coalesce(SR.person_count, 0) gain_count, EventTotal.total, 1 as mode_id
from #inclusion_rules ir
left join
(
  select i.inclusion_rule_id, count_big(i.event_id) as person_count
  from #best_events Q
  JOIN #inclusion_events i on Q.person_id = I.person_id and Q.event_id = i.event_id
  group by i.inclusion_rule_id
) T on ir.rule_sequence = T.inclusion_rule_id
CROSS JOIN (select count(*) as total_rules from #inclusion_rules) RuleTotal
CROSS JOIN (select count_big(event_id) as total from #best_events) EventTotal
LEFT JOIN @results_database_schema.cohort_inclusion_result SR on SR.mode_id = 1 AND SR.cohort_definition_id = @target_cohort_id AND (POWER(cast(2 as bigint),RuleTotal.total_rules) - POWER(cast(2 as bigint),ir.rule_sequence) - 1) = SR.inclusion_rule_mask -- POWER(2,rule count) - POWER(2,rule sequence) - 1 is the mask for 'all except this rule'
;

-- calculate totals
delete from @results_database_schema.cohort_summary_stats where cohort_definition_id = @target_cohort_id and mode_id = 1;
insert into @results_database_schema.cohort_summary_stats (cohort_definition_id, base_count, final_count, mode_id)
select @target_cohort_id as cohort_definition_id, PC.total as person_count, coalesce(FC.total, 0) as final_count, 1 as mode_id
FROM
(select count_big(event_id) as total from #best_events) PC,
(select sum(sr.person_count) as total
  from @results_database_schema.cohort_inclusion_result sr
  CROSS JOIN (select count(*) as total_rules from #inclusion_rules) RuleTotal
  where sr.mode_id = 1 and sr.cohort_definition_id = @target_cohort_id and sr.inclusion_rule_mask = POWER(cast(2 as bigint),RuleTotal.total_rules)-1
) FC
;

-- END: Inclusion Impact Analysis - person

TRUNCATE TABLE #best_events;
DROP TABLE #best_events;

TRUNCATE TABLE #inclusion_rules;
DROP TABLE #inclusion_rules;




TRUNCATE TABLE #cohort_rows;
DROP TABLE #cohort_rows;

TRUNCATE TABLE #final_cohort;
DROP TABLE #final_cohort;

TRUNCATE TABLE #inclusion_events;
DROP TABLE #inclusion_events;

TRUNCATE TABLE #qualified_events;
DROP TABLE #qualified_events;

TRUNCATE TABLE #included_events;
DROP TABLE #included_events;

TRUNCATE TABLE #Codesets;
DROP TABLE #Codesets;
","{
	""cdmVersionRange"" : "">=5.0.0"",
	""PrimaryCriteria"" : {
		""CriteriaList"" : [
			{
				""Measurement"" : {
					""CodesetId"" : 2,
					""MeasurementTypeExclude"" : false,
					""ValueAsNumber"" : {
						""Value"" : 1.5,
						""Op"" : ""gt""
					}
				}
			},
			{
				""Measurement"" : {
					""CodesetId"" : 1,
					""MeasurementTypeExclude"" : false,
					""ValueAsNumber"" : {
						""Value"" : 2,
						""Op"" : ""gt""
					}
				}
			}
		],
		""ObservationWindow"" : {
			""PriorDays"" : 365,
			""PostDays"" : 365
		},
		""PrimaryCriteriaLimit"" : {
			""Type"" : ""First""
		}
	},
	""ConceptSets"" : [
		{
			""id"" : 0,
			""name"" : ""[C2Q]elevated alanine aminotransferase"",
			""expression"" : {
				""items"" : [
					{
						""concept"" : {
							""CONCEPT_ID"" : 44788835,
							""CONCEPT_NAME"" : ""Serum alanine aminotransferase level"",
							""STANDARD_CONCEPT"" : ""S"",
							""STANDARD_CONCEPT_CAPTION"" : ""Standard"",
							""INVALID_REASON"" : ""V"",
							""INVALID_REASON_CAPTION"" : ""Valid"",
							""CONCEPT_CODE"" : ""201321000000108"",
							""DOMAIN_ID"" : ""Measurement"",
							""VOCABULARY_ID"" : ""SNOMED"",
							""CONCEPT_CLASS_ID"" : ""Procedure""
						},
						""isExcluded"" : false,
						""includeDescendants"" : true,
						""includeMapped"" : false
					}
				]
			}
		},
		{
			""id"" : 1,
			""name"" : ""Bilirubin (total)"",
			""expression"" : {
				""items"" : [
					{
						""concept"" : {
							""CONCEPT_ID"" : 4118986,
							""CONCEPT_NAME"" : ""Bilirubin measurement"",
							""STANDARD_CONCEPT"" : ""S"",
							""STANDARD_CONCEPT_CAPTION"" : ""Standard"",
							""INVALID_REASON"" : ""V"",
							""INVALID_REASON_CAPTION"" : ""Valid"",
							""CONCEPT_CODE"" : ""302787001"",
							""DOMAIN_ID"" : ""Measurement"",
							""VOCABULARY_ID"" : ""SNOMED"",
							""CONCEPT_CLASS_ID"" : ""Procedure""
						},
						""isExcluded"" : false,
						""includeDescendants"" : false,
						""includeMapped"" : false
					},
					{
						""concept"" : {
							""CONCEPT_ID"" : 3028833,
							""CONCEPT_NAME"" : ""Bilirubin.total [Mass/volume] in Blood"",
							""STANDARD_CONCEPT"" : ""S"",
							""STANDARD_CONCEPT_CAPTION"" : ""Standard"",
							""INVALID_REASON"" : ""V"",
							""INVALID_REASON_CAPTION"" : ""Valid"",
							""CONCEPT_CODE"" : ""42719-5"",
							""DOMAIN_ID"" : ""Measurement"",
							""VOCABULARY_ID"" : ""LOINC"",
							""CONCEPT_CLASS_ID"" : ""Lab Test""
						},
						""isExcluded"" : false,
						""includeDescendants"" : false,
						""includeMapped"" : false
					},
					{
						""concept"" : {
							""CONCEPT_ID"" : 3024128,
							""CONCEPT_NAME"" : ""Bilirubin.total [Mass/volume] in Serum or Plasma"",
							""STANDARD_CONCEPT"" : ""S"",
							""STANDARD_CONCEPT_CAPTION"" : ""Standard"",
							""INVALID_REASON"" : ""V"",
							""INVALID_REASON_CAPTION"" : ""Valid"",
							""CONCEPT_CODE"" : ""1975-2"",
							""DOMAIN_ID"" : ""Measurement"",
							""VOCABULARY_ID"" : ""LOINC"",
							""CONCEPT_CLASS_ID"" : ""Lab Test""
						},
						""isExcluded"" : false,
						""includeDescendants"" : false,
						""includeMapped"" : false
					},
					{
						""concept"" : {
							""CONCEPT_ID"" : 4230543,
							""CONCEPT_NAME"" : ""Bilirubin, total measurement"",
							""STANDARD_CONCEPT"" : ""S"",
							""STANDARD_CONCEPT_CAPTION"" : ""Standard"",
							""INVALID_REASON"" : ""V"",
							""INVALID_REASON_CAPTION"" : ""Valid"",
							""CONCEPT_CODE"" : ""359986008"",
							""DOMAIN_ID"" : ""Measurement"",
							""VOCABULARY_ID"" : ""SNOMED"",
							""CONCEPT_CLASS_ID"" : ""Procedure""
						},
						""isExcluded"" : false,
						""includeDescendants"" : false,
						""includeMapped"" : false
					},
					{
						""concept"" : {
							""CONCEPT_ID"" : 1175183,
							""CONCEPT_NAME"" : ""Bilirubin.total [Moles/volume] in Arterial blood"",
							""STANDARD_CONCEPT"" : ""S"",
							""STANDARD_CONCEPT_CAPTION"" : ""Standard"",
							""INVALID_REASON"" : ""V"",
							""INVALID_REASON_CAPTION"" : ""Valid"",
							""CONCEPT_CODE"" : ""89872-6"",
							""DOMAIN_ID"" : ""Measurement"",
							""VOCABULARY_ID"" : ""LOINC"",
							""CONCEPT_CLASS_ID"" : ""Lab Test""
						},
						""isExcluded"" : false,
						""includeDescendants"" : false,
						""includeMapped"" : false
					},
					{
						""concept"" : {
							""CONCEPT_ID"" : 40757494,
							""CONCEPT_NAME"" : ""Bilirubin.total [Moles/volume] in Blood"",
							""STANDARD_CONCEPT"" : ""S"",
							""STANDARD_CONCEPT_CAPTION"" : ""Standard"",
							""INVALID_REASON"" : ""V"",
							""INVALID_REASON_CAPTION"" : ""Valid"",
							""CONCEPT_CODE"" : ""54363-7"",
							""DOMAIN_ID"" : ""Measurement"",
							""VOCABULARY_ID"" : ""LOINC"",
							""CONCEPT_CLASS_ID"" : ""Lab Test""
						},
						""isExcluded"" : false,
						""includeDescendants"" : false,
						""includeMapped"" : false
					},
					{
						""concept"" : {
							""CONCEPT_ID"" : 1616780,
							""CONCEPT_NAME"" : ""Bilirubin.total [Moles/volume] in Capillary blood"",
							""STANDARD_CONCEPT"" : ""S"",
							""STANDARD_CONCEPT_CAPTION"" : ""Standard"",
							""INVALID_REASON"" : ""V"",
							""INVALID_REASON_CAPTION"" : ""Valid"",
							""CONCEPT_CODE"" : ""97770-2"",
							""DOMAIN_ID"" : ""Measurement"",
							""VOCABULARY_ID"" : ""LOINC"",
							""CONCEPT_CLASS_ID"" : ""Lab Test""
						},
						""isExcluded"" : false,
						""includeDescendants"" : false,
						""includeMapped"" : false
					},
					{
						""concept"" : {
							""CONCEPT_ID"" : 3006140,
							""CONCEPT_NAME"" : ""Bilirubin.total [Moles/volume] in Serum or Plasma"",
							""STANDARD_CONCEPT"" : ""S"",
							""STANDARD_CONCEPT_CAPTION"" : ""Standard"",
							""INVALID_REASON"" : ""V"",
							""INVALID_REASON_CAPTION"" : ""Valid"",
							""CONCEPT_CODE"" : ""14631-6"",
							""DOMAIN_ID"" : ""Measurement"",
							""VOCABULARY_ID"" : ""LOINC"",
							""CONCEPT_CLASS_ID"" : ""Lab Test""
						},
						""isExcluded"" : false,
						""includeDescendants"" : false,
						""includeMapped"" : false
					},
					{
						""concept"" : {
							""CONCEPT_ID"" : 46235782,
							""CONCEPT_NAME"" : ""Bilirubin.total [Moles/volume] in Serum, Plasma or Blood"",
							""STANDARD_CONCEPT"" : ""S"",
							""STANDARD_CONCEPT_CAPTION"" : ""Standard"",
							""INVALID_REASON"" : ""V"",
							""INVALID_REASON_CAPTION"" : ""Valid"",
							""CONCEPT_CODE"" : ""77137-8"",
							""DOMAIN_ID"" : ""Measurement"",
							""VOCABULARY_ID"" : ""LOINC"",
							""CONCEPT_CLASS_ID"" : ""Lab Test""
						},
						""isExcluded"" : false,
						""includeDescendants"" : false,
						""includeMapped"" : false
					},
					{
						""concept"" : {
							""CONCEPT_ID"" : 1175191,
							""CONCEPT_NAME"" : ""Bilirubin.total [Moles/volume] in Venous blood"",
							""STANDARD_CONCEPT"" : ""S"",
							""STANDARD_CONCEPT_CAPTION"" : ""Standard"",
							""INVALID_REASON"" : ""V"",
							""INVALID_REASON_CAPTION"" : ""Valid"",
							""CONCEPT_CODE"" : ""89871-8"",
							""DOMAIN_ID"" : ""Measurement"",
							""VOCABULARY_ID"" : ""LOINC"",
							""CONCEPT_CLASS_ID"" : ""Lab Test""
						},
						""isExcluded"" : false,
						""includeDescendants"" : false,
						""includeMapped"" : false
					},
					{
						""concept"" : {
							""CONCEPT_ID"" : 3024733,
							""CONCEPT_NAME"" : ""Bilirubin.total [Presence] in Stool"",
							""STANDARD_CONCEPT"" : ""S"",
							""STANDARD_CONCEPT_CAPTION"" : ""Standard"",
							""INVALID_REASON"" : ""V"",
							""INVALID_REASON_CAPTION"" : ""Valid"",
							""CONCEPT_CODE"" : ""1976-0"",
							""DOMAIN_ID"" : ""Measurement"",
							""VOCABULARY_ID"" : ""LOINC"",
							""CONCEPT_CLASS_ID"" : ""Lab Test""
						},
						""isExcluded"" : false,
						""includeDescendants"" : false,
						""includeMapped"" : false
					},
					{
						""concept"" : {
							""CONCEPT_ID"" : 37398233,
							""CONCEPT_NAME"" : ""Plasma total bilirubin level"",
							""STANDARD_CONCEPT"" : ""N"",
							""STANDARD_CONCEPT_CAPTION"" : ""Non-Standard"",
							""INVALID_REASON"" : ""V"",
							""INVALID_REASON_CAPTION"" : ""Valid"",
							""CONCEPT_CODE"" : ""997561000000103"",
							""DOMAIN_ID"" : ""Measurement"",
							""VOCABULARY_ID"" : ""SNOMED"",
							""CONCEPT_CLASS_ID"" : ""Observable Entity""
						},
						""isExcluded"" : false,
						""includeDescendants"" : false,
						""includeMapped"" : false
					},
					{
						""concept"" : {
							""CONCEPT_ID"" : 4210860,
							""CONCEPT_NAME"" : ""Plasma total bilirubin measurement"",
							""STANDARD_CONCEPT"" : ""S"",
							""STANDARD_CONCEPT_CAPTION"" : ""Standard"",
							""INVALID_REASON"" : ""V"",
							""INVALID_REASON_CAPTION"" : ""Valid"",
							""CONCEPT_CODE"" : ""313951004"",
							""DOMAIN_ID"" : ""Measurement"",
							""VOCABULARY_ID"" : ""SNOMED"",
							""CONCEPT_CLASS_ID"" : ""Procedure""
						},
						""isExcluded"" : false,
						""includeDescendants"" : false,
						""includeMapped"" : false
					},
					{
						""concept"" : {
							""CONCEPT_ID"" : 37398424,
							""CONCEPT_NAME"" : ""Serum bilirubin level"",
							""STANDARD_CONCEPT"" : ""N"",
							""STANDARD_CONCEPT_CAPTION"" : ""Non-Standard"",
							""INVALID_REASON"" : ""V"",
							""INVALID_REASON_CAPTION"" : ""Valid"",
							""CONCEPT_CODE"" : ""999691000000104"",
							""DOMAIN_ID"" : ""Measurement"",
							""VOCABULARY_ID"" : ""SNOMED"",
							""CONCEPT_CLASS_ID"" : ""Observable Entity""
						},
						""isExcluded"" : false,
						""includeDescendants"" : false,
						""includeMapped"" : false
					},
					{
						""concept"" : {
							""CONCEPT_ID"" : 4041529,
							""CONCEPT_NAME"" : ""Serum bilirubin measurement"",
							""STANDARD_CONCEPT"" : ""S"",
							""STANDARD_CONCEPT_CAPTION"" : ""Standard"",
							""INVALID_REASON"" : ""V"",
							""INVALID_REASON_CAPTION"" : ""Valid"",
							""CONCEPT_CODE"" : ""166610007"",
							""DOMAIN_ID"" : ""Measurement"",
							""VOCABULARY_ID"" : ""SNOMED"",
							""CONCEPT_CLASS_ID"" : ""Procedure""
						},
						""isExcluded"" : false,
						""includeDescendants"" : false,
						""includeMapped"" : false
					},
					{
						""concept"" : {
							""CONCEPT_ID"" : 37399653,
							""CONCEPT_NAME"" : ""Serum total bilirubin level"",
							""STANDARD_CONCEPT"" : ""N"",
							""STANDARD_CONCEPT_CAPTION"" : ""Non-Standard"",
							""INVALID_REASON"" : ""V"",
							""INVALID_REASON_CAPTION"" : ""Valid"",
							""CONCEPT_CODE"" : ""997591000000109"",
							""DOMAIN_ID"" : ""Measurement"",
							""VOCABULARY_ID"" : ""SNOMED"",
							""CONCEPT_CLASS_ID"" : ""Observable Entity""
						},
						""isExcluded"" : false,
						""includeDescendants"" : false,
						""includeMapped"" : false
					},
					{
						""concept"" : {
							""CONCEPT_ID"" : 4195338,
							""CONCEPT_NAME"" : ""Serum total bilirubin measurement"",
							""STANDARD_CONCEPT"" : ""S"",
							""STANDARD_CONCEPT_CAPTION"" : ""Standard"",
							""INVALID_REASON"" : ""V"",
							""INVALID_REASON_CAPTION"" : ""Valid"",
							""CONCEPT_CODE"" : ""313840000"",
							""DOMAIN_ID"" : ""Measurement"",
							""VOCABULARY_ID"" : ""SNOMED"",
							""CONCEPT_CLASS_ID"" : ""Procedure""
						},
						""isExcluded"" : false,
						""includeDescendants"" : false,
						""includeMapped"" : false
					},
					{
						""concept"" : {
							""CONCEPT_ID"" : 37394117,
							""CONCEPT_NAME"" : ""Total bilirubin level"",
							""STANDARD_CONCEPT"" : ""N"",
							""STANDARD_CONCEPT_CAPTION"" : ""Non-Standard"",
							""INVALID_REASON"" : ""V"",
							""INVALID_REASON_CAPTION"" : ""Valid"",
							""CONCEPT_CODE"" : ""1026761000000106"",
							""DOMAIN_ID"" : ""Measurement"",
							""VOCABULARY_ID"" : ""SNOMED"",
							""CONCEPT_CLASS_ID"" : ""Observable Entity""
						},
						""isExcluded"" : false,
						""includeDescendants"" : false,
						""includeMapped"" : false
					},
					{
						""concept"" : {
							""CONCEPT_ID"" : 37208619,
							""CONCEPT_NAME"" : ""Total bilirubin substance concentration in plasma"",
							""STANDARD_CONCEPT"" : ""S"",
							""STANDARD_CONCEPT_CAPTION"" : ""Standard"",
							""INVALID_REASON"" : ""V"",
							""INVALID_REASON_CAPTION"" : ""Valid"",
							""CONCEPT_CODE"" : ""1107231000000106"",
							""DOMAIN_ID"" : ""Measurement"",
							""VOCABULARY_ID"" : ""SNOMED"",
							""CONCEPT_CLASS_ID"" : ""Observable Entity""
						},
						""isExcluded"" : false,
						""includeDescendants"" : false,
						""includeMapped"" : false
					},
					{
						""concept"" : {
							""CONCEPT_ID"" : 37208618,
							""CONCEPT_NAME"" : ""Total bilirubin substance concentration in serum"",
							""STANDARD_CONCEPT"" : ""S"",
							""STANDARD_CONCEPT_CAPTION"" : ""Standard"",
							""INVALID_REASON"" : ""V"",
							""INVALID_REASON_CAPTION"" : ""Valid"",
							""CONCEPT_CODE"" : ""1107221000000109"",
							""DOMAIN_ID"" : ""Measurement"",
							""VOCABULARY_ID"" : ""SNOMED"",
							""CONCEPT_CLASS_ID"" : ""Observable Entity""
						},
						""isExcluded"" : false,
						""includeDescendants"" : false,
						""includeMapped"" : false
					}
				]
			}
		},
		{
			""id"" : 2,
			""name"" : ""[C2Q]PT/INR Test Strip"",
			""expression"" : {
				""items"" : [
					{
						""concept"" : {
							""CONCEPT_ID"" : 3022621,
							""CONCEPT_NAME"" : ""pH of Urine by Test strip"",
							""STANDARD_CONCEPT"" : ""S"",
							""STANDARD_CONCEPT_CAPTION"" : ""Standard"",
							""INVALID_REASON"" : ""V"",
							""INVALID_REASON_CAPTION"" : ""Valid"",
							""CONCEPT_CODE"" : ""5803-2"",
							""DOMAIN_ID"" : ""Measurement"",
							""VOCABULARY_ID"" : ""LOINC"",
							""CONCEPT_CLASS_ID"" : ""Lab Test""
						},
						""isExcluded"" : false,
						""includeDescendants"" : true,
						""includeMapped"" : false
					}
				]
			}
		}
	],
	""QualifiedLimit"" : {
		""Type"" : ""First""
	},
	""ExpressionLimit"" : {
		""Type"" : ""First""
	},
	""InclusionRules"" : [
		{
			""name"" : ""Age > 18"",
			""expression"" : {
				""Type"" : ""ALL"",
				""CriteriaList"" : [],
				""DemographicCriteriaList"" : [],
				""Groups"" : []
			}
		}
	],
	""CensoringCriteria"" : [],
	""CollapseSettings"" : {
		""CollapseType"" : ""ERA"",
		""EraPad"" : 0
	},
	""CensorWindow"" : {}
}",NA,TRUE
